"profile","process","endpoint","interval_start_utc","interval_end_utc","in_measurement","nominal_events_per_second","subscription","sticky","storage","buffer","dropped","read_bps","read_subscription_rps","read_data_rps","read_data_lag_us","write_bps","write_subscription_rps","write_data_rps","write_data_lag_us","rtt_us","cpu_percent"
"150k-100ms-r01","client","latency-client","2026-09-05T15:19:10.002Z","2026-09-05T15:19:20.002Z","False","150000","18751",,"18750","0","0","4166312",,"150232","13863","18706","1854",,,"13535","2.3900000000000001"
"150k-100ms-r01","client","latency-client","2026-09-05T15:19:20.002Z","2026-09-05T15:19:30.010Z","False","150000","18751",,"18750","0","0","4238883",,"149890","1893","1",,,,"1733","0.82999999999999996"
"150k-100ms-r01","client","latency-client","2026-09-05T15:19:30.010Z","2026-09-05T15:19:40.013Z","False","150000","18751",,"18750","0","0","4241002",,"149965","1998","1",,,,"1835","0.76000000000000001"
"150k-100ms-r01","client","latency-client","2026-09-05T15:19:40.013Z","2026-09-05T15:19:50.001Z","False","150000","18751",,"18750","0","0","4247371",,"150190","2484","1",,,,"2323","0.87"
"150k-100ms-r01","client","latency-client","2026-09-05T15:19:50.001Z","2026-09-05T15:20:00.002Z","False","150000","18751",,"18750","0","0","4241738",,"149995","2748","1",,,,"2594","0.82999999999999996"
"150k-100ms-r01","client","latency-client","2026-09-05T15:20:00.002Z","2026-09-05T15:20:10.004Z","False","150000","18751",,"18750","0","0","4241294",,"149980","2586","1",,,,"2426","0.88"
"150k-100ms-r01","client","latency-client","2026-09-05T15:20:10.004Z","2026-09-05T15:20:20.011Z","True","150000","18751",,"18750","0","0","4239175",,"149905","2627","1",,,,"2466","0.93000000000000005"
"150k-100ms-r01","client","latency-client","2026-09-05T15:20:20.011Z","2026-09-05T15:20:30.004Z","True","150000","18751",,"18750","0","0","4245114",,"150115","2663","1",,,,"2501","0.91000000000000003"
"150k-100ms-r01","client","latency-client","2026-09-05T15:20:30.004Z","2026-09-05T15:20:40.006Z","True","150000","18751",,"18750","0","0","4241294",,"149980","3879","1",,,,"3720","1.04"
"150k-100ms-r01","client","latency-client","2026-09-05T15:20:40.006Z","2026-09-05T15:20:50.003Z","True","150000","18751",,"18750","0","0","4243415",,"150055","2489","1",,,,"2324","1.04"
"150k-100ms-r01","client","latency-client","2026-09-05T15:20:50.003Z","2026-09-05T15:21:00.004Z","True","150000","18751",,"18750","0","0","4241718",,"149995","2361","1",,,,"2193","1.03"
"150k-100ms-r01","client","latency-client","2026-09-05T15:21:00.004Z","2026-09-05T15:21:10.015Z","True","150000","18751",,"18750","0","0","4237481",,"149845","2371","1",,,,"2201","0.98999999999999999"
"150k-100ms-r01","client","latency-client","2026-09-05T15:21:10.015Z","2026-09-05T15:21:20.012Z","True","150000","18751",,"18750","0","0","4243415",,"150055","2536","1",,,,"2366","0.93999999999999995"
"150k-100ms-r01","client","latency-client","2026-09-05T15:21:20.012Z","2026-09-05T15:21:30.004Z","True","150000","18751",,"18750","0","0","4245538",,"150130","2430","1",,,,"2271","0.91000000000000003"
"150k-100ms-r01","client","latency-client","2026-09-05T15:21:30.004Z","2026-09-05T15:21:40.014Z","True","150000","18751",,"18750","0","0","4237904",,"149860","2508","1",,,,"2339","1"
"150k-100ms-r01","client","latency-client","2026-09-05T15:21:40.014Z","2026-09-05T15:21:50.011Z","True","150000","18751",,"18750","0","0","4243415",,"150055","2728","0",,,,"2556","0.96999999999999997"
"150k-100ms-r01","client","latency-client","2026-09-05T15:21:50.011Z","2026-09-05T15:22:00.008Z","True","150000","18751",,"18750","0","0","4243415",,"150055","2514","1",,,,"2349","1.1100000000000001"
"150k-100ms-r01","client","latency-client","2026-09-05T15:22:00.008Z","2026-09-05T15:22:10.007Z","True","150000","18751",,"18750","0","0","4242610",,"150025","2430","1",,,,"2262","1.05"
"150k-100ms-r01","client","latency-client","2026-09-05T15:22:10.007Z","2026-09-05T15:22:20.015Z","True","150000","18751",,"18750","0","0","4238883",,"149890","4552","1",,,,"4387","1.01"
"150k-100ms-r01","client","latency-client","2026-09-05T15:22:20.015Z","2026-09-05T15:22:30.011Z","True","150000","18751",,"18750","0","0","4243972",,"150070","4569","1",,,,"4408","0.97999999999999998"
"150k-100ms-r01","client","latency-client","2026-09-05T15:22:30.011Z","2026-09-05T15:22:40.012Z","True","150000","18751",,"18750","0","0","4241850",,"149995","2487","1",,,,"2323","0.98999999999999999"
"150k-100ms-r01","client","latency-client","2026-09-05T15:22:40.012Z","2026-09-05T15:22:50.004Z","True","150000","18751",,"18750","0","0","4245671",,"150130","2462","1",,,,"2293","1.02"
"150k-100ms-r01","client","latency-client","2026-09-05T15:22:50.004Z","2026-09-05T15:23:00.006Z","True","150000","18751",,"18750","0","0","4241426",,"149980","2594","1",,,,"2431","1.05"
"150k-100ms-r01","client","latency-client","2026-09-05T15:23:00.006Z","2026-09-05T15:23:10.013Z","True","150000","18751",,"18750","0","0","4239307",,"149905","2463","1",,,,"2298","0.96999999999999997"
"150k-100ms-r01","client","latency-client","2026-09-05T15:23:10.013Z","2026-09-05T15:23:20.012Z","True","150000","18751",,"18750","0","0","4242699",,"150025","2622","1",,,,"2452","1.1599999999999999"
"150k-100ms-r01","client","latency-client","2026-09-05T15:23:20.012Z","2026-09-05T15:23:30.009Z","True","150000","18751",,"18750","0","0","4243548",,"150055","2590","1",,,,"2416","1.0700000000000001"
"150k-100ms-r01","client","latency-client","2026-09-05T15:23:30.009Z","2026-09-05T15:23:40.006Z","True","150000","18751",,"18750","0","0","4243548",,"150055","2537","1",,,,"2372","1.01"
"150k-100ms-r01","client","latency-client","2026-09-05T15:23:40.006Z","2026-09-05T15:23:50.008Z","True","150000","18751",,"18750","0","0","4241426",,"149980","2618","1",,,,"2446","0.98999999999999999"
"150k-100ms-r01","client","latency-client","2026-09-05T15:23:50.008Z","2026-09-05T15:24:00.014Z","True","150000","18751",,"18750","0","0","4239731",,"149920","2906","1",,,,"2747","0.97999999999999998"
"150k-100ms-r01","client","latency-client","2026-09-05T15:24:00.014Z","2026-09-05T15:24:10.015Z","True","150000","18751",,"18750","0","0","4241850",,"149995","2621","1",,,,"2447","1.1100000000000001"
"150k-100ms-r01","client","latency-client","2026-09-05T15:24:10.015Z","2026-09-05T15:24:20.010Z","True","150000","18751",,"18750","0","0","4244397",,"150085","2860","1",,,,"2689","1.0700000000000001"
"150k-100ms-r01","client","latency-client","2026-09-05T15:24:20.010Z","2026-09-05T15:24:30.012Z","True","150000","18751",,"18750","0","0","4241426",,"149980","2388","1",,,,"2226","0.93999999999999995"
"150k-100ms-r01","client","latency-client","2026-09-05T15:24:30.012Z","2026-09-05T15:24:40.009Z","True","150000","18751",,"18750","0","0","4243548",,"150055","2619","1",,,,"2451","1.02"
"150k-100ms-r01","client","latency-client","2026-09-05T15:24:40.009Z","2026-09-05T15:24:50.001Z","True","150000","18751",,"18750","0","0","4245671",,"150130","2719","1",,,,"2556","0.97999999999999998"
"150k-100ms-r01","client","latency-client","2026-09-05T15:24:50.001Z","2026-09-05T15:25:00.003Z","True","150000","18751",,"18750","0","0","4241426",,"149980","2600","1",,,,"2429","0.96999999999999997"
"150k-100ms-r01","client","latency-client","2026-09-05T15:25:00.003Z","2026-09-05T15:25:10.001Z","True","150000","18751",,"18750","0","0","4243123",,"150040","2783","1",,,,"2622","0.98999999999999999"
"150k-100ms-r01","client","latency-client","2026-09-05T15:25:10.001Z","2026-09-05T15:25:20.006Z","True","150000","18751",,"18750","0","0","4240154",,"149935","2567","1",,,,"2402","0.97999999999999998"
"150k-100ms-r01","client","latency-client","2026-09-05T15:25:20.006Z","2026-09-05T15:25:30.009Z","True","150000","18751",,"18750","0","0","4241002",,"149965","2508","1",,,,"2340","1.03"
"150k-100ms-r01","client","latency-client","2026-09-05T15:25:30.009Z","2026-09-05T15:25:40.007Z","True","150000","18751",,"18750","0","0","4243123",,"150040","2496","1",,,,"2326","1.02"
"150k-100ms-r01","client","latency-client","2026-09-05T15:25:40.007Z","2026-09-05T15:25:50.014Z","True","150000","18751",,"18750","0","0","4239307",,"149905","2742","1",,,,"2556","0.93999999999999995"
"150k-100ms-r01","client","latency-client","2026-09-05T15:25:50.014Z","2026-09-05T15:26:00.005Z","True","150000","18751",,"18750","0","0","4248352",,"150145","2716","1",,,,"2549","1.02"
"150k-100ms-r01","client","latency-client","2026-09-05T15:26:00.005Z","2026-09-05T15:26:10.007Z","True","150000","18751",,"18750","0","0","4279126",,"149980","14695","1",,,,"14534","1.05"
"150k-100ms-r01","client","latency-client","2026-09-05T15:26:10.007Z","2026-09-05T15:26:20.000Z","True","150000","18751",,"18750","0","0","4282851",,"150115","5026","1",,,,"4850","1.02"
"150k-100ms-r01","client","latency-client","2026-09-05T15:26:20.000Z","2026-09-05T15:26:30.016Z","True","150000","18751",,"18750","0","0","4273013",,"149770","2577","1",,,,"2414","0.96999999999999997"
"150k-100ms-r01","client","latency-client","2026-09-05T15:26:30.016Z","2026-09-05T15:26:40.016Z","True","150000","18751",,"18750","0","0","4279850",,"150010","2989","1",,,,"2838","1.03"
"150k-100ms-r01","client","latency-client","2026-09-05T15:26:40.016Z","2026-09-05T15:26:50.013Z","True","150000","18751",,"18750","0","0","4281134",,"150055","2614","1",,,,"2450","1"
"150k-100ms-r01","client","latency-client","2026-09-05T15:26:50.013Z","2026-09-05T15:27:00.010Z","True","150000","18751",,"18750","0","0","4281134",,"150055","2755","1",,,,"2599","1.01"
"150k-100ms-r01","client","latency-client","2026-09-05T15:27:00.010Z","2026-09-05T15:27:10.009Z","True","150000","18751",,"18750","0","0","4280278",,"150025","2574","1",,,,"2409","1.0600000000000001"
"150k-100ms-r01","client","latency-client","2026-09-05T15:27:10.009Z","2026-09-05T15:27:20.009Z","True","150000","18751",,"18750","0","0","4279850",,"150010","2671","1",,,,"2503","1.03"
"150k-100ms-r01","client","latency-client","2026-09-05T15:27:20.009Z","2026-09-05T15:27:30.006Z","True","150000","18751",,"18750","0","0","4281134",,"150055","2595","1",,,,"2431","0.98999999999999999"
"150k-100ms-r01","client","latency-client","2026-09-05T15:27:30.006Z","2026-09-05T15:27:40.004Z","True","150000","18751",,"18750","0","0","4280706",,"150040","2674","1",,,,"2507","1"
"150k-100ms-r01","client","latency-client","2026-09-05T15:27:40.004Z","2026-09-05T15:27:50.000Z","True","150000","18751",,"18750","0","0","4281562",,"150070","2614","1",,,,"2448","1.04"
"150k-100ms-r01","client","latency-client","2026-09-05T15:27:50.000Z","2026-09-05T15:28:00.008Z","True","150000","18751",,"18750","0","0","4276428",,"149890","2991","1",,,,"2823","0.95999999999999996"
"150k-100ms-r01","client","latency-client","2026-09-05T15:28:00.008Z","2026-09-05T15:28:10.012Z","True","150000","18751",,"18750","0","0","4278138",,"149950","2573","1",,,,"2421","1"
"150k-100ms-r01","client","latency-client","2026-09-05T15:28:10.012Z","2026-09-05T15:28:20.003Z","True","150000","18751",,"18750","0","0","4283705",,"150145","2694","1",,,,"2532","1"
"150k-100ms-r01","client","latency-client","2026-09-05T15:28:20.003Z","2026-09-05T15:28:30.010Z","True","150000","18751",,"18750","0","0","4276856",,"149905","2579","1",,,,"2418","1.02"
"150k-100ms-r01","client","latency-client","2026-09-05T15:28:30.010Z","2026-09-05T15:28:40.012Z","True","150000","18751",,"18750","0","0","4278994",,"149980","2531","1",,,,"2367","1.0600000000000001"
"150k-100ms-r01","client","latency-client","2026-09-05T15:28:40.012Z","2026-09-05T15:28:50.013Z","True","150000","18751",,"18750","0","0","4279422",,"149995","2454","1",,,,"2294","0.98999999999999999"
"150k-100ms-r01","client","latency-client","2026-09-05T15:28:50.013Z","2026-09-05T15:29:00.002Z","True","150000","18751",,"18750","0","0","4284563",,"150175","2585","1",,,,"2416","0.94999999999999996"
"150k-100ms-r01","client","latency-client","2026-09-05T15:29:00.002Z","2026-09-05T15:29:10.001Z","True","150000","18751",,"18750","0","0","4280278",,"150025","2468","1",,,,"2307","1.01"
"150k-100ms-r01","client","latency-client","2026-09-05T15:29:10.001Z","2026-09-05T15:29:20.007Z","True","150000","18751",,"18750","0","0","4277283",,"149920","2598","1",,,,"2436","1.0700000000000001"
"150k-100ms-r01","client","latency-client","2026-09-05T15:29:20.007Z","2026-09-05T15:29:30.004Z","True","150000","18751",,"18750","0","0","4281134",,"150055","2579","1",,,,"2417","0.95999999999999996"
"150k-100ms-r01","client","latency-client","2026-09-05T15:29:30.004Z","2026-09-05T15:29:40.005Z","True","150000","18751",,"18750","0","0","4279422",,"149995","2509","1",,,,"2345","1.01"
"150k-100ms-r01","client","latency-client","2026-09-05T15:29:40.005Z","2026-09-05T15:29:50.003Z","True","150000","18751",,"18750","0","0","4280706",,"150040","2550","1",,,,"2386","0.98999999999999999"
"150k-100ms-r01","client","latency-client","2026-09-05T15:29:50.003Z","2026-09-05T15:30:00.007Z","True","150000","18751",,"18750","0","0","4278138",,"149950","2383","1",,,,"2227","0.97999999999999998"
"150k-100ms-r01","client","latency-client","2026-09-05T15:30:00.007Z","2026-09-05T15:30:10.004Z","True","150000","18751",,"18750","0","0","4281134",,"150055","2903","1",,,,"2747","1.02"
"150k-100ms-r01","server","latency-server","2026-09-05T15:19:00.001Z","2026-09-05T15:19:10.001Z","False","150000","18751",,"18750","0","0","23148","2295",,,"62184",,"2295","357","9309","1.96"
"150k-100ms-r01","server","latency-server","2026-09-05T15:19:10.001Z","2026-09-05T15:19:20.002Z","False","150000","18751",,"18750","0","0","1",,,,"4160927",,"149995","159","11891","1.5"
"150k-100ms-r01","server","latency-server","2026-09-05T15:19:20.002Z","2026-09-05T15:19:30.011Z","False","150000","18751",,"18750","0","0","1",,,,"4238460",,"149875","160","1642","1.48"
"150k-100ms-r01","server","latency-server","2026-09-05T15:19:30.011Z","2026-09-05T15:19:40.013Z","False","150000","18751",,"18750","0","0","1",,,,"4241426",,"149980","162","2863","1.4399999999999999"
"150k-100ms-r01","server","latency-server","2026-09-05T15:19:40.013Z","2026-09-05T15:19:50.001Z","False","150000","18751",,"18750","0","0","1",,,,"4247371",,"150190","160","3427","1.5"
"150k-100ms-r01","server","latency-server","2026-09-05T15:19:50.001Z","2026-09-05T15:20:00.002Z","False","150000","18751",,"18750","0","0","1",,,,"4241738",,"149995","154","4183","1.3700000000000001"
"150k-100ms-r01","server","latency-server","2026-09-05T15:20:00.002Z","2026-09-05T15:20:10.004Z","False","150000","18751",,"18750","0","0","1",,,,"4241294",,"149980","161","3390","1.47"
"150k-100ms-r01","server","latency-server","2026-09-05T15:20:10.004Z","2026-09-05T15:20:20.011Z","True","150000","18751",,"18750","0","0","1",,,,"4239175",,"149905","161","1005","1.3799999999999999"
"150k-100ms-r01","server","latency-server","2026-09-05T15:20:20.011Z","2026-09-05T15:20:30.004Z","True","150000","18751",,"18750","0","0","1",,,,"4245114",,"150115","161","4177","1.46"
"150k-100ms-r01","server","latency-server","2026-09-05T15:20:30.004Z","2026-09-05T15:20:40.006Z","True","150000","18751",,"18750","0","0","1",,,,"4241294",,"149980","160","1549","1.47"
"150k-100ms-r01","server","latency-server","2026-09-05T15:20:40.006Z","2026-09-05T15:20:50.003Z","True","150000","18751",,"18750","0","0","1",,,,"4243415",,"150055","164","2331","1.5600000000000001"
"150k-100ms-r01","server","latency-server","2026-09-05T15:20:50.003Z","2026-09-05T15:21:00.004Z","True","150000","18751",,"18750","0","0","1",,,,"4241718",,"149995","168","1601","1.46"
"150k-100ms-r01","server","latency-server","2026-09-05T15:21:00.004Z","2026-09-05T15:21:10.015Z","True","150000","18751",,"18750","0","0","1",,,,"4237481",,"149845","170","2987","1.4399999999999999"
"150k-100ms-r01","server","latency-server","2026-09-05T15:21:10.015Z","2026-09-05T15:21:20.012Z","True","150000","18751",,"18750","0","0","1",,,,"4243415",,"150055","170","3469","1.5"
"150k-100ms-r01","server","latency-server","2026-09-05T15:21:20.012Z","2026-09-05T15:21:30.004Z","True","150000","18751",,"18750","0","0","1",,,,"4245538",,"150130","159","5004","1.46"
"150k-100ms-r01","server","latency-server","2026-09-05T15:21:30.004Z","2026-09-05T15:21:40.014Z","True","150000","18751",,"18750","0","0","1",,,,"4237904",,"149860","169","4045","1.52"
"150k-100ms-r01","server","latency-server","2026-09-05T15:21:40.014Z","2026-09-05T15:21:50.011Z","True","150000","18751",,"18750","0","0","0",,,,"4243415",,"150055","171","1741","1.4399999999999999"
"150k-100ms-r01","server","latency-server","2026-09-05T15:21:50.011Z","2026-09-05T15:22:00.008Z","True","150000","18751",,"18750","0","0","1",,,,"4243415",,"150055","165","2258","1.5"
"150k-100ms-r01","server","latency-server","2026-09-05T15:22:00.008Z","2026-09-05T15:22:10.007Z","True","150000","18751",,"18750","0","0","1",,,,"4242610",,"150025","168","850","1.4199999999999999"
"150k-100ms-r01","server","latency-server","2026-09-05T15:22:10.007Z","2026-09-05T15:22:20.015Z","True","150000","18751",,"18750","0","0","1",,,,"4238883",,"149890","165","5157","1.45"
"150k-100ms-r01","server","latency-server","2026-09-05T15:22:20.015Z","2026-09-05T15:22:30.013Z","True","150000","18751",,"18750","0","0","1",,,,"4243123",,"150040","161","5304","1.46"
"150k-100ms-r01","server","latency-server","2026-09-05T15:22:30.013Z","2026-09-05T15:22:40.019Z","True","150000","18751",,"18750","0","0","1",,,,"4239731",,"149920","164","1270","1.3899999999999999"
"150k-100ms-r01","server","latency-server","2026-09-05T15:22:40.019Z","2026-09-05T15:22:50.011Z","True","150000","18751",,"18750","0","0","1",,,,"4245671",,"150130","169","8218","1.45"
"150k-100ms-r01","server","latency-server","2026-09-05T15:22:50.011Z","2026-09-05T15:23:00.006Z","True","150000","18751",,"18750","0","0","1",,,,"4244397",,"150085","163","2767","1.52"
"150k-100ms-r01","server","latency-server","2026-09-05T15:23:00.006Z","2026-09-05T15:23:10.013Z","True","150000","18751",,"18750","0","0","1",,,,"4239307",,"149905","165","4171","1.46"
"150k-100ms-r01","server","latency-server","2026-09-05T15:23:10.013Z","2026-09-05T15:23:20.012Z","True","150000","18751",,"18750","0","0","1",,,,"4242699",,"150025","169","3832","1.46"
"150k-100ms-r01","server","latency-server","2026-09-05T15:23:20.012Z","2026-09-05T15:23:30.009Z","True","150000","18751",,"18750","0","0","1",,,,"4243548",,"150055","173","3327","1.4199999999999999"
"150k-100ms-r01","server","latency-server","2026-09-05T15:23:30.009Z","2026-09-05T15:23:40.006Z","True","150000","18751",,"18750","0","0","1",,,,"4243548",,"150055","164","4053","1.47"
"150k-100ms-r01","server","latency-server","2026-09-05T15:23:40.006Z","2026-09-05T15:23:50.008Z","True","150000","18751",,"18750","0","0","1",,,,"4241426",,"149980","172","2791","1.5700000000000001"
"150k-100ms-r01","server","latency-server","2026-09-05T15:23:50.008Z","2026-09-05T15:24:00.014Z","True","150000","18751",,"18750","0","0","1",,,,"4239731",,"149920","159","2251","1.3600000000000001"
"150k-100ms-r01","server","latency-server","2026-09-05T15:24:00.014Z","2026-09-05T15:24:10.015Z","True","150000","18751",,"18750","0","0","1",,,,"4241850",,"149995","174","1947","1.5"
"150k-100ms-r01","server","latency-server","2026-09-05T15:24:10.015Z","2026-09-05T15:24:20.012Z","True","150000","18751",,"18750","0","0","1",,,,"4243548",,"150055","170","4027","1.5"
"150k-100ms-r01","server","latency-server","2026-09-05T15:24:20.012Z","2026-09-05T15:24:30.012Z","True","150000","18751",,"18750","0","0","1",,,,"4242275",,"150010","161","2704","1.3799999999999999"
"150k-100ms-r01","server","latency-server","2026-09-05T15:24:30.012Z","2026-09-05T15:24:40.009Z","True","150000","18751",,"18750","0","0","1",,,,"4243548",,"150055","168","1720","1.48"
"150k-100ms-r01","server","latency-server","2026-09-05T15:24:40.009Z","2026-09-05T15:24:50.001Z","True","150000","18751",,"18750","0","0","1",,,,"4245671",,"150130","162","3367","1.47"
"150k-100ms-r01","server","latency-server","2026-09-05T15:24:50.001Z","2026-09-05T15:25:00.003Z","True","150000","18751",,"18750","0","0","1",,,,"4241426",,"149980","171","2684","1.48"
"150k-100ms-r01","server","latency-server","2026-09-05T15:25:00.003Z","2026-09-05T15:25:10.001Z","True","150000","18751",,"18750","0","0","1",,,,"4243123",,"150040","161","7260","1.4399999999999999"
"150k-100ms-r01","server","latency-server","2026-09-05T15:25:10.001Z","2026-09-05T15:25:20.006Z","True","150000","18751",,"18750","0","0","1",,,,"4240154",,"149935","164","5444","1.3799999999999999"
"150k-100ms-r01","server","latency-server","2026-09-05T15:25:20.006Z","2026-09-05T15:25:30.009Z","True","150000","18751",,"18750","0","0","1",,,,"4241002",,"149965","168","1307","1.4199999999999999"
"150k-100ms-r01","server","latency-server","2026-09-05T15:25:30.009Z","2026-09-05T15:25:40.007Z","True","150000","18751",,"18750","0","0","1",,,,"4243123",,"150040","170","5082","1.45"
"150k-100ms-r01","server","latency-server","2026-09-05T15:25:40.007Z","2026-09-05T15:25:50.014Z","True","150000","18751",,"18750","0","0","1",,,,"4239307",,"149905","186","1809","1.51"
"150k-100ms-r01","server","latency-server","2026-09-05T15:25:50.014Z","2026-09-05T15:26:00.005Z","True","150000","18751",,"18750","0","0","1",,,,"4248352",,"150145","167","4384","1.47"
"150k-100ms-r01","server","latency-server","2026-09-05T15:26:00.005Z","2026-09-05T15:26:10.007Z","True","150000","18751",,"18750","0","0","1",,,,"4279126",,"149980","161","15366","1.4199999999999999"
"150k-100ms-r01","server","latency-server","2026-09-05T15:26:10.007Z","2026-09-05T15:26:20.015Z","True","150000","18751",,"18750","0","0","1",,,,"4276431",,"149890","176","3097","1.53"
"150k-100ms-r01","server","latency-server","2026-09-05T15:26:20.015Z","2026-09-05T15:26:30.016Z","True","150000","18751",,"18750","0","0","1",,,,"4279422",,"149995","163","1438","1.5"
"150k-100ms-r01","server","latency-server","2026-09-05T15:26:30.016Z","2026-09-05T15:26:40.016Z","True","150000","18751",,"18750","0","0","1",,,,"4279850",,"150010","151","4699","1.46"
"150k-100ms-r01","server","latency-server","2026-09-05T15:26:40.016Z","2026-09-05T15:26:50.013Z","True","150000","18751",,"18750","0","0","1",,,,"4281134",,"150055","164","5821","1.47"
"150k-100ms-r01","server","latency-server","2026-09-05T15:26:50.013Z","2026-09-05T15:27:00.010Z","True","150000","18751",,"18750","0","0","1",,,,"4281134",,"150055","156","3461","1.3500000000000001"
"150k-100ms-r01","server","latency-server","2026-09-05T15:27:00.010Z","2026-09-05T15:27:10.009Z","True","150000","18751",,"18750","0","0","1",,,,"4280278",,"150025","165","4120","1.5"
"150k-100ms-r01","server","latency-server","2026-09-05T15:27:10.009Z","2026-09-05T15:27:20.009Z","True","150000","18751",,"18750","0","0","1",,,,"4279850",,"150010","167","2937","1.51"
"150k-100ms-r01","server","latency-server","2026-09-05T15:27:20.009Z","2026-09-05T15:27:30.008Z","True","150000","18751",,"18750","0","0","1",,,,"4280278",,"150025","164","3248","1.46"
"150k-100ms-r01","server","latency-server","2026-09-05T15:27:30.008Z","2026-09-05T15:27:40.004Z","True","150000","18751",,"18750","0","0","1",,,,"4281562",,"150070","167","2612","1.4399999999999999"
"150k-100ms-r01","server","latency-server","2026-09-05T15:27:40.004Z","2026-09-05T15:27:50.015Z","True","150000","18751",,"18750","0","0","1",,,,"4275147",,"149845","165","2552","1.51"
"150k-100ms-r01","server","latency-server","2026-09-05T15:27:50.015Z","2026-09-05T15:28:00.008Z","True","150000","18751",,"18750","0","0","1",,,,"4282847",,"150115","167","1884","1.4399999999999999"
"150k-100ms-r01","server","latency-server","2026-09-05T15:28:00.008Z","2026-09-05T15:28:10.014Z","True","150000","18751",,"18750","0","0","1",,,,"4277283",,"149920","152","3846","1.3999999999999999"
"150k-100ms-r01","server","latency-server","2026-09-05T15:28:10.014Z","2026-09-05T15:28:20.003Z","True","150000","18751",,"18750","0","0","1",,,,"4284563",,"150175","161","2712","1.45"
"150k-100ms-r01","server","latency-server","2026-09-05T15:28:20.003Z","2026-09-05T15:28:30.010Z","True","150000","18751",,"18750","0","0","1",,,,"4276856",,"149905","161","2893","1.4399999999999999"
"150k-100ms-r01","server","latency-server","2026-09-05T15:28:30.010Z","2026-09-05T15:28:40.012Z","True","150000","18751",,"18750","0","0","1",,,,"4278994",,"149980","164","4134","1.4399999999999999"
"150k-100ms-r01","server","latency-server","2026-09-05T15:28:40.012Z","2026-09-05T15:28:50.013Z","True","150000","18751",,"18750","0","0","1",,,,"4279422",,"149995","160","2668","1.4399999999999999"
"150k-100ms-r01","server","latency-server","2026-09-05T15:28:50.013Z","2026-09-05T15:29:00.002Z","True","150000","18751",,"18750","0","0","1",,,,"4284563",,"150175","169","4494","1.4199999999999999"
"150k-100ms-r01","server","latency-server","2026-09-05T15:29:00.002Z","2026-09-05T15:29:10.017Z","True","150000","18751",,"18750","0","0","1",,,,"4273439",,"149785","161","8461","1.49"
"150k-100ms-r01","server","latency-server","2026-09-05T15:29:10.017Z","2026-09-05T15:29:20.007Z","True","150000","18751",,"18750","0","0","1",,,,"4284134",,"150160","162","4069","1.51"
"150k-100ms-r01","server","latency-server","2026-09-05T15:29:20.007Z","2026-09-05T15:29:30.004Z","True","150000","18751",,"18750","0","0","1",,,,"4281134",,"150055","162","4318","1.3500000000000001"
"150k-100ms-r01","server","latency-server","2026-09-05T15:29:30.004Z","2026-09-05T15:29:40.006Z","True","150000","18751",,"18750","0","0","1",,,,"4278994",,"149980","164","3152","1.48"
"150k-100ms-r01","server","latency-server","2026-09-05T15:29:40.006Z","2026-09-05T15:29:50.006Z","True","150000","18751",,"18750","0","0","1",,,,"4280278",,"150025","164","2682","1.45"
"150k-100ms-r01","server","latency-server","2026-09-05T15:29:50.006Z","2026-09-05T15:30:00.007Z","True","150000","18751",,"18750","0","0","1",,,,"4278994",,"149980","156","1997","1.3400000000000001"
"150k-100ms-r01","server","latency-server","2026-09-05T15:30:00.007Z","2026-09-05T15:30:10.014Z","True","150000","18751",,"18750","0","0","1",,,,"4276856",,"149905","155","3447","1.49"
"150k-100ms-r02","client","latency-client","2026-09-05T15:54:40.005Z","2026-09-05T15:54:50.005Z","False","150000","18751",,"18750","0","0","4115902",,"149478","15918","25274","2506",,,"15488","2.9500000000000002"
"150k-100ms-r02","client","latency-client","2026-09-05T15:54:50.005Z","2026-09-05T15:55:00.007Z","False","150000","18751",,"18750","0","0","4243452",,"150060","5593","1",,,,"5426","0.88"
"150k-100ms-r02","client","latency-client","2026-09-05T15:55:00.007Z","2026-09-05T15:55:10.010Z","False","150000","18751",,"18750","0","0","4257060",,"150567","2060","1",,,,"1878","0.77000000000000002"
"150k-100ms-r02","client","latency-client","2026-09-05T15:55:10.010Z","2026-09-05T15:55:20.015Z","False","150000","18751",,"18750","0","0","4247336",,"150148","2075","1",,,,"1894","0.82999999999999996"
"150k-100ms-r02","client","latency-client","2026-09-05T15:55:20.015Z","2026-09-05T15:55:30.004Z","False","150000","18751",,"18750","0","0","4218846",,"149176","2338","1",,,,"2161","0.89000000000000001"
"150k-100ms-r02","client","latency-client","2026-09-05T15:55:30.004Z","2026-09-05T15:55:40.012Z","False","150000","18751",,"18750","0","0","4256548",,"150545","2306","1",,,,"2130","0.94999999999999996"
"150k-100ms-r02","client","latency-client","2026-09-05T15:55:40.012Z","2026-09-05T15:55:50.004Z","False","150000","18751",,"18750","0","0","4227839",,"149489","2377","1",,,,"2192","0.93999999999999995"
"150k-100ms-r02","client","latency-client","2026-09-05T15:55:50.004Z","2026-09-05T15:56:00.005Z","True","150000","18751",,"18750","0","0","4231291",,"149607","4192","1",,,,"4006","1.0600000000000001"
"150k-100ms-r02","client","latency-client","2026-09-05T15:56:00.005Z","2026-09-05T15:56:10.010Z","True","150000","18751",,"18750","0","0","4267266",,"150915","3149","1",,,,"2965","1.0600000000000001"
"150k-100ms-r02","client","latency-client","2026-09-05T15:56:10.010Z","2026-09-05T15:56:20.015Z","True","150000","18751",,"18750","0","0","4255177",,"150453","2569","1",,,,"2394","1.0800000000000001"
"150k-100ms-r02","client","latency-client","2026-09-05T15:56:20.015Z","2026-09-05T15:56:30.012Z","True","150000","18751",,"18750","0","0","4243415",,"150055","2066","1",,,,"1883","1.04"
"150k-100ms-r02","client","latency-client","2026-09-05T15:56:30.012Z","2026-09-05T15:56:40.008Z","True","150000","18751",,"18750","0","0","4207816",,"148798","2393","1",,,,"2214","1.0900000000000001"
"150k-100ms-r02","client","latency-client","2026-09-05T15:56:40.008Z","2026-09-05T15:56:50.010Z","True","150000","18751",,"18750","0","0","4256150",,"150526","2573","1",,,,"2378","1.0900000000000001"
"150k-100ms-r02","client","latency-client","2026-09-05T15:56:50.010Z","2026-09-05T15:57:00.015Z","True","150000","18751",,"18750","0","0","4241208",,"149978","2513","1",,,,"2336","1.05"
"150k-100ms-r02","client","latency-client","2026-09-05T15:57:00.015Z","2026-09-05T15:57:10.010Z","True","150000","18751",,"18750","0","0","4252303",,"150394","2501","1",,,,"2329","0.93000000000000005"
"150k-100ms-r02","client","latency-client","2026-09-05T15:57:10.010Z","2026-09-05T15:57:20.012Z","True","150000","18751",,"18750","0","0","4253221",,"150351","2617","1",,,,"2448","1.04"
"150k-100ms-r02","client","latency-client","2026-09-05T15:57:20.012Z","2026-09-05T15:57:30.001Z","True","150000","18751",,"18750","0","0","4206753",,"148759","2376","1",,,,"2193","1.0700000000000001"
"150k-100ms-r02","client","latency-client","2026-09-05T15:57:30.001Z","2026-09-05T15:57:40.006Z","True","150000","18751",,"18750","0","0","4241247",,"149978","2778","1",,,,"2609","0.94999999999999996"
"150k-100ms-r02","client","latency-client","2026-09-05T15:57:40.006Z","2026-09-05T15:57:50.005Z","True","150000","18751",,"18750","0","0","4246950",,"150181","2484","1",,,,"2298","1.02"
"150k-100ms-r02","client","latency-client","2026-09-05T15:57:50.005Z","2026-09-05T15:58:00.007Z","True","150000","18751",,"18750","0","0","4233358",,"149694","2406","1",,,,"2233","0.95999999999999996"
"150k-100ms-r02","client","latency-client","2026-09-05T15:58:00.007Z","2026-09-05T15:58:10.014Z","True","150000","18751",,"18750","0","0","4281700",,"151404","2583","1",,,,"2405","0.96999999999999997"
"150k-100ms-r02","client","latency-client","2026-09-05T15:58:10.014Z","2026-09-05T15:58:20.007Z","True","150000","18751",,"18750","0","0","4230096",,"149619","2720","1",,,,"2552","0.96999999999999997"
"150k-100ms-r02","client","latency-client","2026-09-05T15:58:20.007Z","2026-09-05T15:58:30.013Z","True","150000","18751",,"18750","0","0","4254862",,"150415","2355","1",,,,"2184","0.97999999999999998"
"150k-100ms-r02","client","latency-client","2026-09-05T15:58:30.013Z","2026-09-05T15:58:40.013Z","True","150000","18751",,"18750","0","0","4242275",,"150010","2475","1",,,,"2306","0.95999999999999996"
"150k-100ms-r02","client","latency-client","2026-09-05T15:58:40.013Z","2026-09-05T15:58:50.010Z","True","150000","18751",,"18750","0","0","4221157",,"149269","2600","1",,,,"2427","0.95999999999999996"
"150k-100ms-r02","client","latency-client","2026-09-05T15:58:50.010Z","2026-09-05T15:59:00.005Z","True","150000","18751",,"18750","0","0","4241990",,"149999","2648","1",,,,"2482","0.88"
"150k-100ms-r02","client","latency-client","2026-09-05T15:59:00.005Z","2026-09-05T15:59:10.015Z","True","150000","18751",,"18750","0","0","4262801",,"150730","2456","1",,,,"2295","0.96999999999999997"
"150k-100ms-r02","client","latency-client","2026-09-05T15:59:10.015Z","2026-09-05T15:59:20.003Z","True","150000","18751",,"18750","0","0","4218549",,"149178","2652","1",,,,"2473","1.02"
"150k-100ms-r02","client","latency-client","2026-09-05T15:59:20.003Z","2026-09-05T15:59:30.015Z","True","150000","18751",,"18750","0","0","4250798",,"150320","2494","1",,,,"2316","0.92000000000000004"
"150k-100ms-r02","client","latency-client","2026-09-05T15:59:30.015Z","2026-09-05T15:59:40.014Z","True","150000","18751",,"18750","0","0","4241897",,"149995","2850","1",,,,"2686","1.04"
"150k-100ms-r02","client","latency-client","2026-09-05T15:59:40.014Z","2026-09-05T15:59:50.002Z","True","150000","18751",,"18750","0","0","4228943",,"149534","2414","1",,,,"2234","0.92000000000000004"
"150k-100ms-r02","client","latency-client","2026-09-05T15:59:50.002Z","2026-09-05T16:00:00.004Z","True","150000","18751",,"18750","0","0","4242995",,"150027","5340","1",,,,"5173","0.92000000000000004"
"150k-100ms-r02","client","latency-client","2026-09-05T16:00:00.004Z","2026-09-05T16:00:10.010Z","True","150000","18751",,"18750","0","0","4261373",,"150704","3530","1",,,,"3361","1"
"150k-100ms-r02","client","latency-client","2026-09-05T16:00:10.010Z","2026-09-05T16:00:20.009Z","True","150000","18751",,"18750","0","0","4236277",,"149787","2656","1",,,,"2480","1.01"
"150k-100ms-r02","client","latency-client","2026-09-05T16:00:20.009Z","2026-09-05T16:00:30.011Z","True","150000","18751",,"18750","0","0","4250252",,"150302","2327","1",,,,"2151","1"
"150k-100ms-r02","client","latency-client","2026-09-05T16:00:30.011Z","2026-09-05T16:00:40.003Z","True","150000","18751",,"18750","0","0","4219986",,"149201","3059","1",,,,"2876","1.04"
"150k-100ms-r02","client","latency-client","2026-09-05T16:00:40.003Z","2026-09-05T16:00:50.000Z","True","150000","18751",,"18750","0","0","4236357",,"149820","2444","1",,,,"2270","1.01"
"150k-100ms-r02","client","latency-client","2026-09-05T16:00:50.000Z","2026-09-05T16:01:00.009Z","True","150000","18751",,"18750","0","0","4262464",,"150716","2512","1",,,,"2330","1.04"
"150k-100ms-r02","client","latency-client","2026-09-05T16:01:00.009Z","2026-09-05T16:01:10.012Z","True","150000","18751",,"18750","0","0","4232184",,"149642","2715","1",,,,"2549","1.03"
"150k-100ms-r02","client","latency-client","2026-09-05T16:01:10.012Z","2026-09-05T16:01:20.010Z","True","150000","18751",,"18750","0","0","4258384",,"150609","2623","1",,,,"2445","0.96999999999999997"
"150k-100ms-r02","client","latency-client","2026-09-05T16:01:20.010Z","2026-09-05T16:01:30.002Z","True","150000","18751",,"18750","0","0","4219973",,"149188","2632","1",,,,"2464","1.0800000000000001"
"150k-100ms-r02","client","latency-client","2026-09-05T16:01:30.002Z","2026-09-05T16:01:40.013Z","True","150000","18751",,"18750","0","0","4283272",,"150405","2507","1",,,,"2335","1.02"
"150k-100ms-r02","client","latency-client","2026-09-05T16:01:40.013Z","2026-09-05T16:01:50.011Z","True","150000","18751",,"18750","0","0","4272688",,"149750","2527","1",,,,"2346","1.02"
"150k-100ms-r02","client","latency-client","2026-09-05T16:01:50.011Z","2026-09-05T16:02:00.010Z","True","150000","18751",,"18750","0","0","4296337",,"150620","3445","1",,,,"3271","1.1000000000000001"
"150k-100ms-r02","client","latency-client","2026-09-05T16:02:00.010Z","2026-09-05T16:02:10.005Z","True","150000","18751",,"18750","0","0","4259511",,"149265","3155","1",,,,"2986","0.96999999999999997"
"150k-100ms-r02","client","latency-client","2026-09-05T16:02:10.005Z","2026-09-05T16:02:20.010Z","True","150000","18751",,"18750","0","0","4300966",,"150800","2714","1",,,,"2544","1.0800000000000001"
"150k-100ms-r02","client","latency-client","2026-09-05T16:02:20.010Z","2026-09-05T16:02:30.010Z","True","150000","18751",,"18750","0","0","4258986",,"149227","2615","1",,,,"2450","0.96999999999999997"
"150k-100ms-r02","client","latency-client","2026-09-05T16:02:30.010Z","2026-09-05T16:02:40.014Z","True","150000","18751",,"18750","0","0","4288564",,"150334","2519","1",,,,"2347","0.92000000000000004"
"150k-100ms-r02","client","latency-client","2026-09-05T16:02:40.014Z","2026-09-05T16:02:50.006Z","True","150000","18751",,"18750","0","0","4277672",,"149939","2422","1",,,,"2255","1.01"
"150k-100ms-r02","client","latency-client","2026-09-05T16:02:50.006Z","2026-09-05T16:03:00.016Z","True","150000","18751",,"18750","0","0","4291205",,"150405","2540","1",,,,"2375","1.02"
"150k-100ms-r02","client","latency-client","2026-09-05T16:03:00.016Z","2026-09-05T16:03:10.004Z","True","150000","18751",,"18750","0","0","4254868",,"149118","2766","1",,,,"2599","0.97999999999999998"
"150k-100ms-r02","client","latency-client","2026-09-05T16:03:10.004Z","2026-09-05T16:03:20.005Z","True","150000","18751",,"18750","0","0","4289034",,"150326","2783","1",,,,"2619","0.96999999999999997"
"150k-100ms-r02","client","latency-client","2026-09-05T16:03:20.005Z","2026-09-05T16:03:30.004Z","True","150000","18751",,"18750","0","0","4272264",,"149748","2555","1",,,,"2374","1.0900000000000001"
"150k-100ms-r02","client","latency-client","2026-09-05T16:03:30.004Z","2026-09-05T16:03:40.001Z","True","150000","18751",,"18750","0","0","4279532",,"149999","2440","1",,,,"2292","0.87"
"150k-100ms-r02","client","latency-client","2026-09-05T16:03:40.001Z","2026-09-05T16:03:50.000Z","True","150000","18751",,"18750","0","0","4280278",,"150025","2757","1",,,,"2579","0.93999999999999995"
"150k-100ms-r02","client","latency-client","2026-09-05T16:03:50.000Z","2026-09-05T16:04:00.014Z","True","150000","18751",,"18750","0","0","4303486",,"150854","2479","1",,,,"2306","1.0700000000000001"
"150k-100ms-r02","client","latency-client","2026-09-05T16:04:00.014Z","2026-09-05T16:04:10.014Z","True","150000","18751",,"18750","0","0","4292986",,"150454","2625","1",,,,"2463","1.04"
"150k-100ms-r02","client","latency-client","2026-09-05T16:04:10.014Z","2026-09-05T16:04:20.002Z","True","150000","18751",,"18750","0","0","4250966",,"148992","2388","1",,,,"2266","0.80000000000000004"
"150k-100ms-r02","client","latency-client","2026-09-05T16:04:20.002Z","2026-09-05T16:04:30.009Z","True","150000","18751",,"18750","0","0","4284863",,"150188","2934","1",,,,"2792","0.92000000000000004"
"150k-100ms-r02","client","latency-client","2026-09-05T16:04:30.009Z","2026-09-05T16:04:40.012Z","True","150000","18751",,"18750","0","0","4288990",,"150344","2471","1",,,,"2330","0.89000000000000001"
"150k-100ms-r02","client","latency-client","2026-09-05T16:04:40.012Z","2026-09-05T16:04:50.011Z","True","150000","18751",,"18750","0","0","4266643",,"149530","2571","1",,,,"2426","0.97999999999999998"
"150k-100ms-r02","client","latency-client","2026-09-05T16:04:50.011Z","2026-09-05T16:05:00.013Z","True","150000","18751",,"18750","0","0","4308165",,"151007","2931","1",,,,"2744","1.1399999999999999"
"150k-100ms-r02","client","latency-client","2026-09-05T16:05:00.013Z","2026-09-05T16:05:10.016Z","True","150000","18751",,"18750","0","0","4278566",,"149965","3184","1",,,,"2983","1.23"
"150k-100ms-r02","client","latency-client","2026-09-05T16:05:10.016Z","2026-09-05T16:05:20.014Z","True","150000","18751",,"18750","0","0","4237899",,"148539","3160","1",,,,"2951","1.3300000000000001"
"150k-100ms-r02","client","latency-client","2026-09-05T16:05:20.014Z","2026-09-05T16:05:30.016Z","True","150000","18751",,"18750","0","0","4321783",,"151479","2300","1",,,,"2108","1.02"
"150k-100ms-r02","client","latency-client","2026-09-05T16:05:30.016Z","2026-09-05T16:05:40.005Z","True","150000","18751",,"18750","0","0","4253749",,"149089","2431","1",,,,"2242","1.04"
"150k-100ms-r02","server","latency-server","2026-09-05T15:54:30.012Z","2026-09-05T15:54:40.012Z","False","150000","0",,"0","0","0","0",,,,"0",,,,,"2.8599999999999999"
"150k-100ms-r02","server","latency-server","2026-09-05T15:54:40.012Z","2026-09-05T15:54:50.004Z","False","150000","18751",,"18750","0","0","18925","1876",,,"3090832",,"112271","170","13764","1.1200000000000001"
"150k-100ms-r02","server","latency-server","2026-09-05T15:54:50.004Z","2026-09-05T15:55:00.007Z","False","150000","18751",,"18750","0","0","1",,,,"4241824",,"149974","167","5257","1.45"
"150k-100ms-r02","server","latency-server","2026-09-05T15:55:00.007Z","2026-09-05T15:55:10.010Z","False","150000","18751",,"18750","0","0","1",,,,"4256243",,"150511","181","3108","1.46"
"150k-100ms-r02","server","latency-server","2026-09-05T15:55:10.010Z","2026-09-05T15:55:20.015Z","False","150000","18751",,"18750","0","0","1",,,,"4244875",,"150079","182","3039","1.51"
"150k-100ms-r02","server","latency-server","2026-09-05T15:55:20.015Z","2026-09-05T15:55:30.014Z","False","150000","18751",,"18750","0","0","1",,,,"4212727",,"148988","177","4473","1.46"
"150k-100ms-r02","server","latency-server","2026-09-05T15:55:30.014Z","2026-09-05T15:55:40.012Z","False","150000","18751",,"18750","0","0","1",,,,"4266762",,"150870","177","2323","1.4299999999999999"
"150k-100ms-r02","server","latency-server","2026-09-05T15:55:40.012Z","2026-09-05T15:55:50.004Z","False","150000","18751",,"18750","0","0","1",,,,"4223053",,"149348","184","1614","1.45"
"150k-100ms-r02","server","latency-server","2026-09-05T15:55:50.004Z","2026-09-05T15:56:00.006Z","True","150000","18751",,"18750","0","0","1",,,,"4227657",,"149466","186","3559","1.52"
"150k-100ms-r02","server","latency-server","2026-09-05T15:56:00.006Z","2026-09-05T15:56:10.010Z","True","150000","18751",,"18750","0","0","1",,,,"4275725",,"151225","184","4168","1.53"
"150k-100ms-r02","server","latency-server","2026-09-05T15:56:10.010Z","2026-09-05T15:56:20.015Z","True","150000","18751",,"18750","0","0","1",,,,"4247147",,"150158","175","1744","1.47"
"150k-100ms-r02","server","latency-server","2026-09-05T15:56:20.015Z","2026-09-05T15:56:30.020Z","True","150000","18751",,"18750","0","0","1",,,,"4240022",,"149935","182","6891","1.46"
"150k-100ms-r02","server","latency-server","2026-09-05T15:56:30.020Z","2026-09-05T15:56:40.012Z","True","150000","18751",,"18750","0","0","1",,,,"4211916",,"148968","179","3586","1.48"
"150k-100ms-r02","server","latency-server","2026-09-05T15:56:40.012Z","2026-09-05T15:56:50.009Z","True","150000","18751",,"18750","0","0","1",,,,"4277021",,"151215","195","3870","1.5"
"150k-100ms-r02","server","latency-server","2026-09-05T15:56:50.009Z","2026-09-05T15:57:00.002Z","True","150000","18751",,"18750","0","0","1",,,,"4202663",,"148613","177","3513","1.3600000000000001"
"150k-100ms-r02","server","latency-server","2026-09-05T15:57:00.002Z","2026-09-05T15:57:10.011Z","True","150000","18751",,"18750","0","0","1",,,,"4280710",,"151373","171","3170","1.45"
"150k-100ms-r02","server","latency-server","2026-09-05T15:57:10.011Z","2026-09-05T15:57:20.012Z","True","150000","18751",,"18750","0","0","1",,,,"4241718",,"149995","168","3758","1.4299999999999999"
"150k-100ms-r02","server","latency-server","2026-09-05T15:57:20.012Z","2026-09-05T15:57:30.001Z","True","150000","18751",,"18750","0","0","1",,,,"4211589",,"148939","183","2984","1.3799999999999999"
"150k-100ms-r02","server","latency-server","2026-09-05T15:57:30.001Z","2026-09-05T15:57:40.002Z","True","150000","18751",,"18750","0","0","1",,,,"4243299",,"150043","170","3248","1.3600000000000001"
"150k-100ms-r02","server","latency-server","2026-09-05T15:57:40.002Z","2026-09-05T15:57:50.005Z","True","150000","18751",,"18750","0","0","1",,,,"4244876",,"150107","186","3606","1.45"
"150k-100ms-r02","server","latency-server","2026-09-05T15:57:50.005Z","2026-09-05T15:58:00.007Z","True","150000","18751",,"18750","0","0","1",,,,"4228549",,"149522","173","1677","1.45"
"150k-100ms-r02","server","latency-server","2026-09-05T15:58:00.007Z","2026-09-05T15:58:10.015Z","True","150000","18751",,"18750","0","0","1",,,,"4281272",,"151388","177","1506","1.4199999999999999"
"150k-100ms-r02","server","latency-server","2026-09-05T15:58:10.015Z","2026-09-05T15:58:20.007Z","True","150000","18751",,"18750","0","0","1",,,,"4243347",,"150054","167","2389","1.3500000000000001"
"150k-100ms-r02","server","latency-server","2026-09-05T15:58:20.007Z","2026-09-05T15:58:30.013Z","True","150000","18751",,"18750","0","0","1",,,,"4242051",,"149995","171","3831","1.4399999999999999"
"150k-100ms-r02","server","latency-server","2026-09-05T15:58:30.013Z","2026-09-05T15:58:40.013Z","True","150000","18751",,"18750","0","0","1",,,,"4242275",,"150010","169","4500","1.4099999999999999"
"150k-100ms-r02","server","latency-server","2026-09-05T15:58:40.013Z","2026-09-05T15:58:50.013Z","True","150000","18751",,"18750","0","0","1",,,,"4233539",,"149743","173","2539","1.47"
"150k-100ms-r02","server","latency-server","2026-09-05T15:58:50.013Z","2026-09-05T15:59:00.005Z","True","150000","18751",,"18750","0","0","1",,,,"4236830",,"149788","166","2553","1.3500000000000001"
"150k-100ms-r02","server","latency-server","2026-09-05T15:59:00.005Z","2026-09-05T15:59:10.015Z","True","150000","18751",,"18750","0","0","1",,,,"4255589",,"150467","161","3330","1.3600000000000001"
"150k-100ms-r02","server","latency-server","2026-09-05T15:59:10.015Z","2026-09-05T15:59:20.003Z","True","150000","18751",,"18750","0","0","1",,,,"4226566",,"149462","179","1611","1.45"
"150k-100ms-r02","server","latency-server","2026-09-05T15:59:20.003Z","2026-09-05T15:59:30.016Z","True","150000","18751",,"18750","0","0","1",,,,"4257520",,"150541","177","2751","1.3799999999999999"
"150k-100ms-r02","server","latency-server","2026-09-05T15:59:30.016Z","2026-09-05T15:59:40.014Z","True","150000","18751",,"18750","0","0","1",,,,"4230376",,"149623","164","3544","1.3500000000000001"
"150k-100ms-r02","server","latency-server","2026-09-05T15:59:40.014Z","2026-09-05T15:59:50.002Z","True","150000","18751",,"18750","0","0","1",,,,"4226503",,"149433","180","1712","1.3200000000000001"
"150k-100ms-r02","server","latency-server","2026-09-05T15:59:50.002Z","2026-09-05T16:00:00.004Z","True","150000","18751",,"18750","0","0","1",,,,"4255063",,"150476","166","3068","1.4399999999999999"
"150k-100ms-r02","server","latency-server","2026-09-05T16:00:00.004Z","2026-09-05T16:00:10.010Z","True","150000","18751",,"18750","0","0","1",,,,"4259667",,"150594","169","3799","1.47"
"150k-100ms-r02","server","latency-server","2026-09-05T16:00:10.010Z","2026-09-05T16:00:20.009Z","True","150000","18751",,"18750","0","0","1",,,,"4235573",,"149804","175","5159","1.4299999999999999"
"150k-100ms-r02","server","latency-server","2026-09-05T16:00:20.009Z","2026-09-05T16:00:30.012Z","True","150000","18751",,"18750","0","0","1",,,,"4248125",,"150184","176","5096","1.47"
"150k-100ms-r02","server","latency-server","2026-09-05T16:00:30.012Z","2026-09-05T16:00:40.003Z","True","150000","18751",,"18750","0","0","1",,,,"4215690",,"149082","184","2423","1.5"
"150k-100ms-r02","server","latency-server","2026-09-05T16:00:40.003Z","2026-09-05T16:00:50.000Z","True","150000","18751",,"18750","0","0","1",,,,"4233117",,"149695","174","3728","1.3999999999999999"
"150k-100ms-r02","server","latency-server","2026-09-05T16:00:50.000Z","2026-09-05T16:01:00.009Z","True","150000","18751",,"18750","0","0","1",,,,"4275312",,"151182","182","3216","1.52"
"150k-100ms-r02","server","latency-server","2026-09-05T16:01:00.009Z","2026-09-05T16:01:10.016Z","True","150000","18751",,"18750","0","0","1",,,,"4217653",,"149119","168","3822","1.3500000000000001"
"150k-100ms-r02","server","latency-server","2026-09-05T16:01:10.016Z","2026-09-05T16:01:20.010Z","True","150000","18751",,"18750","0","0","1",,,,"4261692",,"150734","176","5206","1.3999999999999999"
"150k-100ms-r02","server","latency-server","2026-09-05T16:01:20.010Z","2026-09-05T16:01:30.002Z","True","150000","18751",,"18750","0","0","1",,,,"4219978",,"149200","168","3963","1.4199999999999999"
"150k-100ms-r02","server","latency-server","2026-09-05T16:01:30.002Z","2026-09-05T16:01:40.013Z","True","150000","18751",,"18750","0","0","1",,,,"4287289",,"150549","171","2478","1.4299999999999999"
"150k-100ms-r02","server","latency-server","2026-09-05T16:01:40.013Z","2026-09-05T16:01:50.011Z","True","150000","18751",,"18750","0","0","1",,,,"4271869",,"149702","180","3643","1.3999999999999999"
"150k-100ms-r02","server","latency-server","2026-09-05T16:01:50.011Z","2026-09-05T16:02:00.019Z","True","150000","18751",,"18750","0","0","1",,,,"4299976",,"150716","174","4947","1.49"
"150k-100ms-r02","server","latency-server","2026-09-05T16:02:00.019Z","2026-09-05T16:02:10.009Z","True","150000","18751",,"18750","0","0","1",,,,"4248519",,"148931","169","5438","1.49"
"150k-100ms-r02","server","latency-server","2026-09-05T16:02:10.009Z","2026-09-05T16:02:20.010Z","True","150000","18751",,"18750","0","0","1",,,,"4313917",,"151194","169","3386","1.4399999999999999"
"150k-100ms-r02","server","latency-server","2026-09-05T16:02:20.010Z","2026-09-05T16:02:30.010Z","True","150000","18751",,"18750","0","0","1",,,,"4254158",,"149095","165","2792","1.4099999999999999"
"150k-100ms-r02","server","latency-server","2026-09-05T16:02:30.010Z","2026-09-05T16:02:40.008Z","True","150000","18751",,"18750","0","0","1",,,,"4267097",,"149591","172","3805","1.4199999999999999"
"150k-100ms-r02","server","latency-server","2026-09-05T16:02:40.008Z","2026-09-05T16:02:50.006Z","True","150000","18751",,"18750","0","0","1",,,,"4295115",,"150517","167","3174","1.3799999999999999"
"150k-100ms-r02","server","latency-server","2026-09-05T16:02:50.006Z","2026-09-05T16:03:00.010Z","True","150000","18751",,"18750","0","0","1",,,,"4304099",,"150862","164","3566","1.4299999999999999"
"150k-100ms-r02","server","latency-server","2026-09-05T16:03:00.010Z","2026-09-05T16:03:10.004Z","True","150000","18751",,"18750","0","0","1",,,,"4239596",,"148599","167","4239","1.4199999999999999"
"150k-100ms-r02","server","latency-server","2026-09-05T16:03:10.004Z","2026-09-05T16:03:20.005Z","True","150000","18751",,"18750","0","0","1",,,,"4296257",,"150589","164","3722","1.3999999999999999"
"150k-100ms-r02","server","latency-server","2026-09-05T16:03:20.005Z","2026-09-05T16:03:30.006Z","True","150000","18751",,"18750","0","0","1",,,,"4264996",,"149486","182","5355","1.4399999999999999"
"150k-100ms-r02","server","latency-server","2026-09-05T16:03:30.006Z","2026-09-05T16:03:40.000Z","True","150000","18751",,"18750","0","0","1",,,,"4280007",,"150013","146","4846","1.3200000000000001"
"150k-100ms-r02","server","latency-server","2026-09-05T16:03:40.000Z","2026-09-05T16:03:50.000Z","True","150000","18751",,"18750","0","0","1",,,,"4279850",,"150010","178","2958","1.3600000000000001"
"150k-100ms-r02","server","latency-server","2026-09-05T16:03:50.000Z","2026-09-05T16:04:00.014Z","True","150000","18751",,"18750","0","0","1",,,,"4316604",,"151298","173","4325","1.51"
"150k-100ms-r02","server","latency-server","2026-09-05T16:04:00.014Z","2026-09-05T16:04:10.016Z","True","150000","18751",,"18750","0","0","1",,,,"4278994",,"149980","161","4530","1.4199999999999999"
"150k-100ms-r02","server","latency-server","2026-09-05T16:04:10.016Z","2026-09-05T16:04:20.002Z","True","150000","18751",,"18750","0","0","1",,,,"4259859",,"149319","122","2863","1.25"
"150k-100ms-r02","server","latency-server","2026-09-05T16:04:20.002Z","2026-09-05T16:04:30.009Z","True","150000","18751",,"18750","0","0","1",,,,"4288060",,"150300","142","3168","1.3700000000000001"
"150k-100ms-r02","server","latency-server","2026-09-05T16:04:30.009Z","2026-09-05T16:04:40.012Z","True","150000","18751",,"18750","0","0","1",,,,"4293304",,"150468","140","2153","1.22"
"150k-100ms-r02","server","latency-server","2026-09-05T16:04:40.012Z","2026-09-05T16:04:50.013Z","True","150000","18751",,"18750","0","0","1",,,,"4250675",,"149003","144","1053","1.3300000000000001"
"150k-100ms-r02","server","latency-server","2026-09-05T16:04:50.013Z","2026-09-05T16:05:00.013Z","True","150000","18751",,"18750","0","0","1",,,,"4308593",,"151001","186","1321","1.5"
"150k-100ms-r02","server","latency-server","2026-09-05T16:05:00.013Z","2026-09-05T16:05:10.016Z","True","150000","18751",,"18750","0","0","1",,,,"4278566",,"149965","200","11327","1.6499999999999999"
"150k-100ms-r02","server","latency-server","2026-09-05T16:05:10.016Z","2026-09-05T16:05:20.005Z","True","150000","18751",,"18750","0","0","1",,,,"4241718",,"148673","208","7108","1.7"
"150k-100ms-r02","server","latency-server","2026-09-05T16:05:20.005Z","2026-09-05T16:05:30.016Z","True","150000","18751",,"18750","0","0","1",,,,"4317897",,"151343","191","7994","1.47"
"150k-100ms-r02","server","latency-server","2026-09-05T16:05:30.016Z","2026-09-05T16:05:40.010Z","True","150000","18751",,"18750","0","0","1",,,,"4252422",,"149043","188","5220","1.47"
"150k-100ms-r03","client","latency-client","2026-09-05T17:17:40.011Z","2026-09-05T17:17:50.011Z","False","150000","18751",,"18750","0","0","4176893",,"150187","13578","16012","1587",,,"13286","2.0299999999999998"
"150k-100ms-r03","client","latency-client","2026-09-05T17:17:50.011Z","2026-09-05T17:18:00.013Z","False","150000","18751",,"18750","0","0","4241002",,"149965","2039","1",,,,"1878","0.83999999999999997"
"150k-100ms-r03","client","latency-client","2026-09-05T17:18:00.013Z","2026-09-05T17:18:10.002Z","False","150000","18751",,"18750","0","0","4246946",,"150175","2074","1",,,,"1913","0.70999999999999996"
"150k-100ms-r03","client","latency-client","2026-09-05T17:18:10.002Z","2026-09-05T17:18:20.005Z","False","150000","18751",,"18750","0","0","4241002",,"149965","2696","1",,,,"2536","0.85999999999999999"
"150k-100ms-r03","client","latency-client","2026-09-05T17:18:20.005Z","2026-09-05T17:18:30.011Z","False","150000","18751",,"18750","0","0","4239731",,"149920","2569","1",,,,"2410","0.77000000000000002"
"150k-100ms-r03","client","latency-client","2026-09-05T17:18:30.011Z","2026-09-05T17:18:40.011Z","False","150000","18751",,"18750","0","0","4242275",,"150010","2695","1",,,,"2533","0.78000000000000003"
"150k-100ms-r03","client","latency-client","2026-09-05T17:18:40.011Z","2026-09-05T17:18:50.010Z","True","150000","18751",,"18750","0","0","4242699",,"150025","2425","1",,,,"2254","0.95999999999999996"
"150k-100ms-r03","client","latency-client","2026-09-05T17:18:50.010Z","2026-09-05T17:19:00.008Z","True","150000","18751",,"18750","0","0","4243123",,"150040","2090","1",,,,"1930","0.91000000000000003"
"150k-100ms-r03","client","latency-client","2026-09-05T17:19:00.008Z","2026-09-05T17:19:10.006Z","True","150000","18751",,"18750","0","0","4243123",,"150040","2222","1",,,,"2054","0.94999999999999996"
"150k-100ms-r03","client","latency-client","2026-09-05T17:19:10.006Z","2026-09-05T17:19:20.014Z","True","150000","18751",,"18750","0","0","4238883",,"149890","2331","1",,,,"2168","0.98999999999999999"
"150k-100ms-r03","client","latency-client","2026-09-05T17:19:20.014Z","2026-09-05T17:19:30.010Z","True","150000","18751",,"18750","0","0","4243972",,"150070","2323","1",,,,"2159","0.95999999999999996"
"150k-100ms-r03","client","latency-client","2026-09-05T17:19:30.010Z","2026-09-05T17:19:40.005Z","True","150000","18751",,"18750","0","0","4244397",,"150085","2453","1",,,,"2289","0.92000000000000004"
"150k-100ms-r03","client","latency-client","2026-09-05T17:19:40.005Z","2026-09-05T17:19:50.007Z","True","150000","18751",,"18750","0","0","4241426",,"149980","2351","1",,,,"2177","0.94999999999999996"
"150k-100ms-r03","client","latency-client","2026-09-05T17:19:50.007Z","2026-09-05T17:20:00.008Z","True","150000","18751",,"18750","0","0","4241850",,"149995","2264","1",,,,"2099","0.90000000000000002"
"150k-100ms-r03","client","latency-client","2026-09-05T17:20:00.008Z","2026-09-05T17:20:10.012Z","True","150000","18751",,"18750","0","0","4240578",,"149950","2276","1",,,,"2108","0.94999999999999996"
"150k-100ms-r03","client","latency-client","2026-09-05T17:20:10.012Z","2026-09-05T17:20:20.011Z","True","150000","18751",,"18750","0","0","4243123",,"150040","2371","1",,,,"2209","0.98999999999999999"
"150k-100ms-r03","client","latency-client","2026-09-05T17:20:20.011Z","2026-09-05T17:20:30.003Z","True","150000","18751",,"18750","0","0","4245246",,"150115","2318","1",,,,"2160","0.93000000000000005"
"150k-100ms-r03","client","latency-client","2026-09-05T17:20:30.003Z","2026-09-05T17:20:40.005Z","True","150000","18751",,"18750","0","0","4241426",,"149980","2247","1",,,,"2079","0.97999999999999998"
"150k-100ms-r03","client","latency-client","2026-09-05T17:20:40.005Z","2026-09-05T17:20:50.010Z","True","150000","18751",,"18750","0","0","4240154",,"149935","2257","1",,,,"2079","0.91000000000000003"
"150k-100ms-r03","client","latency-client","2026-09-05T17:20:50.010Z","2026-09-05T17:21:00.012Z","True","150000","18751",,"18750","0","0","4241405",,"149980","2359","1",,,,"2202","0.91000000000000003"
"150k-100ms-r03","client","latency-client","2026-09-05T17:21:00.012Z","2026-09-05T17:21:10.013Z","True","150000","18751",,"18750","0","0","4241739",,"149995","2216","1",,,,"2049","0.94999999999999996"
"150k-100ms-r03","client","latency-client","2026-09-05T17:21:10.013Z","2026-09-05T17:21:20.006Z","True","150000","18751",,"18750","0","0","4245246",,"150115","2351","1",,,,"2187","0.97999999999999998"
"150k-100ms-r03","client","latency-client","2026-09-05T17:21:20.006Z","2026-09-05T17:21:30.005Z","True","150000","18751",,"18750","0","0","4242699",,"150025","2229","1",,,,"2065","1.01"
"150k-100ms-r03","client","latency-client","2026-09-05T17:21:30.005Z","2026-09-05T17:21:40.012Z","True","150000","18751",,"18750","0","0","4239307",,"149905","2733","1",,,,"2562","1.05"
"150k-100ms-r03","client","latency-client","2026-09-05T17:21:40.012Z","2026-09-05T17:21:50.002Z","True","150000","18751",,"18750","0","0","4246521",,"150160","2397","1",,,,"2234","0.93999999999999995"
"150k-100ms-r03","client","latency-client","2026-09-05T17:21:50.002Z","2026-09-05T17:22:00.015Z","True","150000","18751",,"18750","0","0","4236767",,"149815","2295","1",,,,"2122","0.93000000000000005"
"150k-100ms-r03","client","latency-client","2026-09-05T17:22:00.015Z","2026-09-05T17:22:10.001Z","True","150000","18751",,"18750","0","0","4248222",,"150220","2326","1",,,,"2154","0.98999999999999999"
"150k-100ms-r03","client","latency-client","2026-09-05T17:22:10.001Z","2026-09-05T17:22:20.007Z","True","150000","18751",,"18750","0","0","4239731",,"149920","2353","1",,,,"2179","0.94999999999999996"
"150k-100ms-r03","client","latency-client","2026-09-05T17:22:20.007Z","2026-09-05T17:22:30.007Z","True","150000","18751",,"18750","0","0","4242275",,"150010","2425","1",,,,"2258","0.93999999999999995"
"150k-100ms-r03","client","latency-client","2026-09-05T17:22:30.007Z","2026-09-05T17:22:40.001Z","True","150000","18751",,"18750","0","0","4244821",,"150100","2335","1",,,,"2164","0.96999999999999997"
"150k-100ms-r03","client","latency-client","2026-09-05T17:22:40.001Z","2026-09-05T17:22:50.007Z","True","150000","18751",,"18750","0","0","4239731",,"149920","2466","1",,,,"2304","0.98999999999999999"
"150k-100ms-r03","client","latency-client","2026-09-05T17:22:50.007Z","2026-09-05T17:23:00.002Z","True","150000","18751",,"18750","0","0","4244397",,"150085","2576","1",,,,"2412","1"
"150k-100ms-r03","client","latency-client","2026-09-05T17:23:00.002Z","2026-09-05T17:23:10.014Z","True","150000","18751",,"18750","0","0","4237190",,"149830","3284","1",,,,"3105","0.98999999999999999"
"150k-100ms-r03","client","latency-client","2026-09-05T17:23:10.014Z","2026-09-05T17:23:20.007Z","True","150000","18751",,"18750","0","0","4245267",,"150115","3838","1",,,,"3669","0.96999999999999997"
"150k-100ms-r03","client","latency-client","2026-09-05T17:23:20.007Z","2026-09-05T17:23:30.004Z","True","150000","18751",,"18750","0","0","4243660",,"150055","10794","1",,,,"10626","0.94999999999999996"
"150k-100ms-r03","client","latency-client","2026-09-05T17:23:30.004Z","2026-09-05T17:23:40.008Z","True","150000","18751",,"18750","0","0","4240578",,"149950","2239","1",,,,"2064","0.89000000000000001"
"150k-100ms-r03","client","latency-client","2026-09-05T17:23:40.008Z","2026-09-05T17:23:50.007Z","True","150000","18751",,"18750","0","0","4242699",,"150025","2210","1",,,,"2039","0.95999999999999996"
"150k-100ms-r03","client","latency-client","2026-09-05T17:23:50.007Z","2026-09-05T17:24:00.014Z","True","150000","18751",,"18750","0","0","4239307",,"149905","2267","1",,,,"2102","0.97999999999999998"
"150k-100ms-r03","client","latency-client","2026-09-05T17:24:00.014Z","2026-09-05T17:24:10.012Z","True","150000","18751",,"18750","0","0","4243123",,"150040","2336","1",,,,"2164","0.94999999999999996"
"150k-100ms-r03","client","latency-client","2026-09-05T17:24:10.012Z","2026-09-05T17:24:20.005Z","True","150000","18751",,"18750","0","0","4245246",,"150115","2494","1",,,,"2327","0.91000000000000003"
"150k-100ms-r03","client","latency-client","2026-09-05T17:24:20.005Z","2026-09-05T17:24:30.005Z","True","150000","18751",,"18750","0","0","4250917",,"150010","2545","1",,,,"2384","0.92000000000000004"
"150k-100ms-r03","client","latency-client","2026-09-05T17:24:30.005Z","2026-09-05T17:24:40.014Z","True","150000","18751",,"18750","0","0","4276001",,"149875","2472","1",,,,"2311","0.90000000000000002"
"150k-100ms-r03","client","latency-client","2026-09-05T17:24:40.014Z","2026-09-05T17:24:50.003Z","True","150000","18751",,"18750","0","0","4284563",,"150175","3201","1",,,,"3038","0.95999999999999996"
"150k-100ms-r03","client","latency-client","2026-09-05T17:24:50.003Z","2026-09-05T17:25:00.006Z","True","150000","18751",,"18750","0","0","4278566",,"149965","7885","1",,,,"7726","0.94999999999999996"
"150k-100ms-r03","client","latency-client","2026-09-05T17:25:00.006Z","2026-09-05T17:25:10.001Z","True","150000","18751",,"18750","0","0","4281956",,"150085","2880","1",,,,"2712","0.94999999999999996"
"150k-100ms-r03","client","latency-client","2026-09-05T17:25:10.001Z","2026-09-05T17:25:20.015Z","True","150000","18751",,"18750","0","0","4273731",,"149800","5225","1",,,,"5066","0.93000000000000005"
"150k-100ms-r03","client","latency-client","2026-09-05T17:25:20.015Z","2026-09-05T17:25:30.012Z","True","150000","18751",,"18750","0","0","4280999",,"150055","6237","1",,,,"6076","0.95999999999999996"
"150k-100ms-r03","client","latency-client","2026-09-05T17:25:30.012Z","2026-09-05T17:25:40.008Z","True","150000","18751",,"18750","0","0","4281427",,"150070","2203","1",,,,"2034","0.93000000000000005"
"150k-100ms-r03","client","latency-client","2026-09-05T17:25:40.008Z","2026-09-05T17:25:50.000Z","True","150000","18751",,"18750","0","0","4283141",,"150130","2434","1",,,,"2277","1.0700000000000001"
"150k-100ms-r03","client","latency-client","2026-09-05T17:25:50.000Z","2026-09-05T17:26:00.011Z","True","150000","18751",,"18750","0","0","4275012",,"149845","2395","1",,,,"2235","0.94999999999999996"
"150k-100ms-r03","client","latency-client","2026-09-05T17:26:00.011Z","2026-09-05T17:26:10.006Z","True","150000","18751",,"18750","0","0","4281855",,"150085","2547","1",,,,"2375","0.97999999999999998"
"150k-100ms-r03","client","latency-client","2026-09-05T17:26:10.006Z","2026-09-05T17:26:20.011Z","True","150000","18751",,"18750","0","0","4277576",,"149935","2592","1",,,,"2424","1"
"150k-100ms-r03","client","latency-client","2026-09-05T17:26:20.011Z","2026-09-05T17:26:30.017Z","True","150000","18751",,"18750","0","0","4277148",,"149920","2421","1",,,,"2262","0.95999999999999996"
"150k-100ms-r03","client","latency-client","2026-09-05T17:26:30.017Z","2026-09-05T17:26:40.006Z","True","150000","18751",,"18750","0","0","4284427",,"150175","2473","1",,,,"2313","0.93999999999999995"
"150k-100ms-r03","client","latency-client","2026-09-05T17:26:40.006Z","2026-09-05T17:26:50.003Z","True","150000","18751",,"18750","0","0","4280999",,"150055","2288","1",,,,"2125","1.02"
"150k-100ms-r03","client","latency-client","2026-09-05T17:26:50.003Z","2026-09-05T17:27:00.011Z","True","150000","18751",,"18750","0","0","4276293",,"149890","2373","1",,,,"2212","1.01"
"150k-100ms-r03","client","latency-client","2026-09-05T17:27:00.011Z","2026-09-05T17:27:10.014Z","True","150000","18751",,"18750","0","0","4278431",,"149965","2433","1",,,,"2268","0.92000000000000004"
"150k-100ms-r03","client","latency-client","2026-09-05T17:27:10.014Z","2026-09-05T17:27:20.015Z","True","150000","18751",,"18750","0","0","4279287",,"149995","2462","1",,,,"2303","0.93000000000000005"
"150k-100ms-r03","client","latency-client","2026-09-05T17:27:20.015Z","2026-09-05T17:27:30.015Z","True","150000","18751",,"18750","0","0","4279811",,"150010","2211","1",,,,"2044","1"
"150k-100ms-r03","client","latency-client","2026-09-05T17:27:30.015Z","2026-09-05T17:27:40.011Z","True","150000","18751",,"18750","0","0","4281562",,"150070","2302","1",,,,"2140","0.92000000000000004"
"150k-100ms-r03","client","latency-client","2026-09-05T17:27:40.011Z","2026-09-05T17:27:50.006Z","True","150000","18751",,"18750","0","0","4281990",,"150085","2211","1",,,,"2050","0.93000000000000005"
"150k-100ms-r03","client","latency-client","2026-09-05T17:27:50.006Z","2026-09-05T17:28:00.001Z","True","150000","18751",,"18750","0","0","4281990",,"150085","2386","1",,,,"2227","0.87"
"150k-100ms-r03","client","latency-client","2026-09-05T17:28:00.001Z","2026-09-05T17:28:10.006Z","True","150000","18751",,"18750","0","0","4277711",,"149935","2762","1",,,,"2601","1.01"
"150k-100ms-r03","client","latency-client","2026-09-05T17:28:10.006Z","2026-09-05T17:28:20.007Z","True","150000","18751",,"18750","0","0","4279422",,"149995","2601","1",,,,"2431","0.94999999999999996"
"150k-100ms-r03","client","latency-client","2026-09-05T17:28:20.007Z","2026-09-05T17:28:30.007Z","True","150000","18751",,"18750","0","0","4279850",,"150010","2751","1",,,,"2586","1.05"
"150k-100ms-r03","client","latency-client","2026-09-05T17:28:30.007Z","2026-09-05T17:28:40.002Z","False","150000","18750",,"18750","0","0","3682512",,"129073","2107","5",,,,"1942","1.0800000000000001"
"150k-100ms-r03","server","latency-server","2026-09-05T17:17:30.009Z","2026-09-05T17:17:40.009Z","False","150000","18751",,"18750","0","0","19116","1895",,,"754635",,"27675","147","13273","1.8400000000000001"
"150k-100ms-r03","server","latency-server","2026-09-05T17:17:40.009Z","2026-09-05T17:17:50.010Z","False","150000","18751",,"18750","0","0","1",,,,"4186424",,"149995","152","11703","1.3600000000000001"
"150k-100ms-r03","server","latency-server","2026-09-05T17:17:50.010Z","2026-09-05T17:18:00.021Z","False","150000","18751",,"18750","0","0","1",,,,"4237613",,"149845","160","2702","1.3500000000000001"
"150k-100ms-r03","server","latency-server","2026-09-05T17:18:00.021Z","2026-09-05T17:18:10.002Z","False","150000","18751",,"18750","0","0","1",,,,"4250350",,"150295","161","2932","1.3999999999999999"
"150k-100ms-r03","server","latency-server","2026-09-05T17:18:10.002Z","2026-09-05T17:18:20.005Z","False","150000","18751",,"18750","0","0","1",,,,"4241002",,"149965","160","3630","1.3700000000000001"
"150k-100ms-r03","server","latency-server","2026-09-05T17:18:20.005Z","2026-09-05T17:18:30.016Z","False","150000","18751",,"18750","0","0","1",,,,"4237613",,"149845","159","3835","1.3400000000000001"
"150k-100ms-r03","server","latency-server","2026-09-05T17:18:30.016Z","2026-09-05T17:18:40.011Z","False","150000","18751",,"18750","0","0","1",,,,"4244397",,"150085","162","5666","1.4199999999999999"
"150k-100ms-r03","server","latency-server","2026-09-05T17:18:40.011Z","2026-09-05T17:18:50.010Z","True","150000","18751",,"18750","0","0","1",,,,"4242699",,"150025","170","18735","1.3999999999999999"
"150k-100ms-r03","server","latency-server","2026-09-05T17:18:50.010Z","2026-09-05T17:19:00.008Z","True","150000","18751",,"18750","0","0","1",,,,"4243123",,"150040","160","1732","1.3100000000000001"
"150k-100ms-r03","server","latency-server","2026-09-05T17:19:00.008Z","2026-09-05T17:19:10.006Z","True","150000","18751",,"18750","0","0","1",,,,"4243123",,"150040","168","3070","1.3799999999999999"
"150k-100ms-r03","server","latency-server","2026-09-05T17:19:10.006Z","2026-09-05T17:19:20.014Z","True","150000","18751",,"18750","0","0","1",,,,"4238883",,"149890","163","2446","1.46"
"150k-100ms-r03","server","latency-server","2026-09-05T17:19:20.014Z","2026-09-05T17:19:30.012Z","True","150000","18751",,"18750","0","0","1",,,,"4243123",,"150040","164","2908","1.3600000000000001"
"150k-100ms-r03","server","latency-server","2026-09-05T17:19:30.012Z","2026-09-05T17:19:40.005Z","True","150000","18751",,"18750","0","0","1",,,,"4245246",,"150115","164","7786","1.3500000000000001"
"150k-100ms-r03","server","latency-server","2026-09-05T17:19:40.005Z","2026-09-05T17:19:50.008Z","True","150000","18751",,"18750","0","0","1",,,,"4241002",,"149965","174","2501","1.4299999999999999"
"150k-100ms-r03","server","latency-server","2026-09-05T17:19:50.008Z","2026-09-05T17:20:00.008Z","True","150000","18751",,"18750","0","0","1",,,,"4242275",,"150010","165","1889","1.3700000000000001"
"150k-100ms-r03","server","latency-server","2026-09-05T17:20:00.008Z","2026-09-05T17:20:10.012Z","True","150000","18751",,"18750","0","0","1",,,,"4240578",,"149950","168","2761","1.3700000000000001"
"150k-100ms-r03","server","latency-server","2026-09-05T17:20:10.012Z","2026-09-05T17:20:20.010Z","True","150000","18751",,"18750","0","0","1",,,,"4243123",,"150040","161","1482","1.4199999999999999"
"150k-100ms-r03","server","latency-server","2026-09-05T17:20:20.010Z","2026-09-05T17:20:30.003Z","True","150000","18751",,"18750","0","0","1",,,,"4245246",,"150115","158","1610","1.3500000000000001"
"150k-100ms-r03","server","latency-server","2026-09-05T17:20:30.003Z","2026-09-05T17:20:40.007Z","True","150000","18751",,"18750","0","0","1",,,,"4240578",,"149950","169","936","1.3600000000000001"
"150k-100ms-r03","server","latency-server","2026-09-05T17:20:40.007Z","2026-09-05T17:20:50.010Z","True","150000","18751",,"18750","0","0","1",,,,"4241002",,"149965","178","1242","1.4099999999999999"
"150k-100ms-r03","server","latency-server","2026-09-05T17:20:50.010Z","2026-09-05T17:21:00.012Z","True","150000","18751",,"18750","0","0","1",,,,"4241405",,"149980","157","2142","1.4099999999999999"
"150k-100ms-r03","server","latency-server","2026-09-05T17:21:00.012Z","2026-09-05T17:21:10.013Z","True","150000","18751",,"18750","0","0","1",,,,"4241739",,"149995","167","1598","1.3700000000000001"
"150k-100ms-r03","server","latency-server","2026-09-05T17:21:10.013Z","2026-09-05T17:21:20.006Z","True","150000","18751",,"18750","0","0","1",,,,"4245246",,"150115","163","1830","1.3999999999999999"
"150k-100ms-r03","server","latency-server","2026-09-05T17:21:20.006Z","2026-09-05T17:21:30.005Z","True","150000","18751",,"18750","0","0","1",,,,"4242699",,"150025","163","3433","1.3899999999999999"
"150k-100ms-r03","server","latency-server","2026-09-05T17:21:30.005Z","2026-09-05T17:21:40.012Z","True","150000","18751",,"18750","0","0","1",,,,"4239307",,"149905","171","2051","1.3999999999999999"
"150k-100ms-r03","server","latency-server","2026-09-05T17:21:40.012Z","2026-09-05T17:21:50.002Z","True","150000","18751",,"18750","0","0","1",,,,"4246521",,"150160","164","5077","1.3100000000000001"
"150k-100ms-r03","server","latency-server","2026-09-05T17:21:50.002Z","2026-09-05T17:22:00.015Z","True","150000","18751",,"18750","0","0","1",,,,"4236767",,"149815","172","4859","1.3899999999999999"
"150k-100ms-r03","server","latency-server","2026-09-05T17:22:00.015Z","2026-09-05T17:22:10.002Z","True","150000","18751",,"18750","0","0","1",,,,"4247797",,"150205","172","12925","1.4399999999999999"
"150k-100ms-r03","server","latency-server","2026-09-05T17:22:10.002Z","2026-09-05T17:22:20.007Z","True","150000","18751",,"18750","0","0","1",,,,"4240154",,"149935","174","3561","1.28"
"150k-100ms-r03","server","latency-server","2026-09-05T17:22:20.007Z","2026-09-05T17:22:30.008Z","True","150000","18751",,"18750","0","0","1",,,,"4241850",,"149995","167","3864","1.3700000000000001"
"150k-100ms-r03","server","latency-server","2026-09-05T17:22:30.008Z","2026-09-05T17:22:40.001Z","True","150000","18751",,"18750","0","0","1",,,,"4245246",,"150115","171","9610","1.3700000000000001"
"150k-100ms-r03","server","latency-server","2026-09-05T17:22:40.001Z","2026-09-05T17:22:50.008Z","True","150000","18751",,"18750","0","0","1",,,,"4239307",,"149905","162","2418","1.4399999999999999"
"150k-100ms-r03","server","latency-server","2026-09-05T17:22:50.008Z","2026-09-05T17:23:00.002Z","True","150000","18751",,"18750","0","0","1",,,,"4244821",,"150100","163","2373","1.3799999999999999"
"150k-100ms-r03","server","latency-server","2026-09-05T17:23:00.002Z","2026-09-05T17:23:10.014Z","True","150000","18751",,"18750","0","0","1",,,,"4237190",,"149830","179","4710","1.3799999999999999"
"150k-100ms-r03","server","latency-server","2026-09-05T17:23:10.014Z","2026-09-05T17:23:20.007Z","True","150000","18751",,"18750","0","0","1",,,,"4245267",,"150115","168","5482","1.3700000000000001"
"150k-100ms-r03","server","latency-server","2026-09-05T17:23:20.007Z","2026-09-05T17:23:30.004Z","True","150000","18751",,"18750","0","0","1",,,,"4243660",,"150055","168","9770","1.3999999999999999"
"150k-100ms-r03","server","latency-server","2026-09-05T17:23:30.004Z","2026-09-05T17:23:40.008Z","True","150000","18751",,"18750","0","0","1",,,,"4240578",,"149950","175","2561","1.4399999999999999"
"150k-100ms-r03","server","latency-server","2026-09-05T17:23:40.008Z","2026-09-05T17:23:50.007Z","True","150000","18751",,"18750","0","0","1",,,,"4242699",,"150025","171","3816","1.4199999999999999"
"150k-100ms-r03","server","latency-server","2026-09-05T17:23:50.007Z","2026-09-05T17:24:00.014Z","True","150000","18751",,"18750","0","0","1",,,,"4239307",,"149905","165","3330","1.45"
"150k-100ms-r03","server","latency-server","2026-09-05T17:24:00.014Z","2026-09-05T17:24:10.012Z","True","150000","18751",,"18750","0","0","1",,,,"4243123",,"150040","172","2506","1.4199999999999999"
"150k-100ms-r03","server","latency-server","2026-09-05T17:24:10.012Z","2026-09-05T17:24:20.005Z","True","150000","18751",,"18750","0","0","1",,,,"4245246",,"150115","167","3241","1.3899999999999999"
"150k-100ms-r03","server","latency-server","2026-09-05T17:24:20.005Z","2026-09-05T17:24:30.005Z","True","150000","18751",,"18750","0","0","1",,,,"4250917",,"150010","160","8633","1.4199999999999999"
"150k-100ms-r03","server","latency-server","2026-09-05T17:24:30.005Z","2026-09-05T17:24:40.014Z","True","150000","18751",,"18750","0","0","1",,,,"4276001",,"149875","161","1433","1.3899999999999999"
"150k-100ms-r03","server","latency-server","2026-09-05T17:24:40.014Z","2026-09-05T17:24:50.003Z","True","150000","18751",,"18750","0","0","1",,,,"4284563",,"150175","163","3271","1.45"
"150k-100ms-r03","server","latency-server","2026-09-05T17:24:50.003Z","2026-09-05T17:25:00.006Z","True","150000","18751",,"18750","0","0","1",,,,"4278566",,"149965","158","9712","1.3600000000000001"
"150k-100ms-r03","server","latency-server","2026-09-05T17:25:00.006Z","2026-09-05T17:25:10.001Z","True","150000","18751",,"18750","0","0","1",,,,"4281956",,"150085","168","4450","1.46"
"150k-100ms-r03","server","latency-server","2026-09-05T17:25:10.001Z","2026-09-05T17:25:20.015Z","True","150000","18751",,"18750","0","0","1",,,,"4273731",,"149800","159","5414","1.3"
"150k-100ms-r03","server","latency-server","2026-09-05T17:25:20.015Z","2026-09-05T17:25:30.012Z","True","150000","18751",,"18750","0","0","1",,,,"4280999",,"150055","160","5013","1.3799999999999999"
"150k-100ms-r03","server","latency-server","2026-09-05T17:25:30.012Z","2026-09-05T17:25:40.008Z","True","150000","18751",,"18750","0","0","1",,,,"4281427",,"150070","169","3540","1.3799999999999999"
"150k-100ms-r03","server","latency-server","2026-09-05T17:25:40.008Z","2026-09-05T17:25:50.016Z","True","150000","18751",,"18750","0","0","1",,,,"4276293",,"149890","156","879","1.45"
"150k-100ms-r03","server","latency-server","2026-09-05T17:25:50.016Z","2026-09-05T17:26:00.010Z","True","150000","18751",,"18750","0","0","1",,,,"4282284",,"150100","160","4682","1.4399999999999999"
"150k-100ms-r03","server","latency-server","2026-09-05T17:26:00.010Z","2026-09-05T17:26:10.006Z","True","150000","18751",,"18750","0","0","1",,,,"4281427",,"150070","171","4099","1.3999999999999999"
"150k-100ms-r03","server","latency-server","2026-09-05T17:26:10.006Z","2026-09-05T17:26:20.011Z","True","150000","18751",,"18750","0","0","1",,,,"4277576",,"149935","167","3657","1.45"
"150k-100ms-r03","server","latency-server","2026-09-05T17:26:20.011Z","2026-09-05T17:26:30.017Z","True","150000","18751",,"18750","0","0","1",,,,"4277148",,"149920","158","2497","1.49"
"150k-100ms-r03","server","latency-server","2026-09-05T17:26:30.017Z","2026-09-05T17:26:40.006Z","True","150000","18751",,"18750","0","0","1",,,,"4284427",,"150175","159","3550","1.4399999999999999"
"150k-100ms-r03","server","latency-server","2026-09-05T17:26:40.006Z","2026-09-05T17:26:50.004Z","True","150000","18751",,"18750","0","0","1",,,,"4280571",,"150040","163","1465","1.45"
"150k-100ms-r03","server","latency-server","2026-09-05T17:26:50.004Z","2026-09-05T17:27:00.011Z","True","150000","18751",,"18750","0","0","1",,,,"4276721",,"149905","161","4756","1.4199999999999999"
"150k-100ms-r03","server","latency-server","2026-09-05T17:27:00.011Z","2026-09-05T17:27:10.014Z","True","150000","18751",,"18750","0","0","1",,,,"4278431",,"149965","165","2488","1.3999999999999999"
"150k-100ms-r03","server","latency-server","2026-09-05T17:27:10.014Z","2026-09-05T17:27:20.015Z","True","150000","18751",,"18750","0","0","1",,,,"4279287",,"149995","159","1560","1.3400000000000001"
"150k-100ms-r03","server","latency-server","2026-09-05T17:27:20.015Z","2026-09-05T17:27:30.015Z","True","150000","18751",,"18750","0","0","1",,,,"4279811",,"150010","166","3182","1.3999999999999999"
"150k-100ms-r03","server","latency-server","2026-09-05T17:27:30.015Z","2026-09-05T17:27:40.011Z","True","150000","18751",,"18750","0","0","1",,,,"4281562",,"150070","162","1114","1.3999999999999999"
"150k-100ms-r03","server","latency-server","2026-09-05T17:27:40.011Z","2026-09-05T17:27:50.006Z","True","150000","18751",,"18750","0","0","1",,,,"4281990",,"150085","160","3701","1.4099999999999999"
"150k-100ms-r03","server","latency-server","2026-09-05T17:27:50.006Z","2026-09-05T17:28:00.001Z","True","150000","18751",,"18750","0","0","1",,,,"4281990",,"150085","159","5160","1.3500000000000001"
"150k-100ms-r03","server","latency-server","2026-09-05T17:28:00.001Z","2026-09-05T17:28:10.006Z","True","150000","18751",,"18750","0","0","1",,,,"4277711",,"149935","160","4397","1.4099999999999999"
"150k-100ms-r03","server","latency-server","2026-09-05T17:28:10.006Z","2026-09-05T17:28:20.007Z","True","150000","18751",,"18750","0","0","1",,,,"4279422",,"149995","169","3577","1.3999999999999999"
"150k-100ms-r03","server","latency-server","2026-09-05T17:28:20.007Z","2026-09-05T17:28:30.007Z","True","150000","18751",,"18750","0","0","1",,,,"4279850",,"150010","165","1158","1.49"
"150k-100ms-r03","server","latency-server","2026-09-05T17:28:30.007Z","2026-09-05T17:28:40.002Z","False","150000","18750",,"18750","0","0","5",,,,"3682512",,"129073","164","2603","1.23"
"150k-10ms-r01","client","latency-client","2026-09-05T15:31:00.005Z","2026-09-05T15:31:10.005Z","False","150000","1876",,"1875","0","0","4087890",,"150008","397","2028","206",,,"259","2.4399999999999999"
"150k-10ms-r01","client","latency-client","2026-09-05T15:31:10.005Z","2026-09-05T15:31:20.006Z","False","150000","1876",,"1875","0","0","4094987",,"149934","360","1",,,,"228","0.80000000000000004"
"150k-10ms-r01","client","latency-client","2026-09-05T15:31:20.006Z","2026-09-05T15:31:30.006Z","False","150000","1876",,"1875","0","0","4099443",,"150100","361","1",,,,"230","0.75"
"150k-10ms-r01","client","latency-client","2026-09-05T15:31:30.006Z","2026-09-05T15:31:40.003Z","False","150000","1876",,"1875","0","0","4096474",,"149994","350","1",,,,"218","0.70999999999999996"
"150k-10ms-r01","client","latency-client","2026-09-05T15:31:40.003Z","2026-09-05T15:31:50.012Z","False","150000","1876",,"1875","0","0","4105357",,"149215","478","1",,,,"319","0.81000000000000005"
"150k-10ms-r01","client","latency-client","2026-09-05T15:31:50.012Z","2026-09-05T15:32:00.002Z","False","150000","1876",,"1875","0","0","4135209",,"150037","508","1",,,,"379","0.85999999999999999"
"150k-10ms-r01","client","latency-client","2026-09-05T15:32:00.002Z","2026-09-05T15:32:10.010Z","False","150000","1876",,"1875","0","0","4131189",,"149891","486","1",,,,"341","0.95999999999999996"
"150k-10ms-r01","client","latency-client","2026-09-05T15:32:10.010Z","2026-09-05T15:32:20.004Z","True","150000","1876",,"1875","0","0","4127060",,"149739","528","1",,,,"390","1.23"
"150k-10ms-r01","client","latency-client","2026-09-05T15:32:20.004Z","2026-09-05T15:32:30.007Z","True","150000","1876",,"1875","0","0","4210571",,"149904","506","1",,,,"363","1.23"
"150k-10ms-r01","client","latency-client","2026-09-05T15:32:30.007Z","2026-09-05T15:32:40.011Z","True","150000","1876",,"1875","0","0","4243496",,"149889","451","1",,,,"323","1.1599999999999999"
"150k-10ms-r01","client","latency-client","2026-09-05T15:32:40.011Z","2026-09-05T15:32:50.006Z","True","150000","1876",,"1875","0","0","4238718",,"149724","453","1",,,,"311","1.1299999999999999"
"150k-10ms-r01","client","latency-client","2026-09-05T15:32:50.006Z","2026-09-05T15:33:00.009Z","True","150000","1876",,"1875","0","0","4248071",,"150054","470","1",,,,"334","1.1499999999999999"
"150k-10ms-r01","client","latency-client","2026-09-05T15:33:00.009Z","2026-09-05T15:33:10.015Z","True","150000","1876",,"1875","0","0","4246849",,"150009","503","1",,,,"355","1.24"
"150k-10ms-r01","client","latency-client","2026-09-05T15:33:10.015Z","2026-09-05T15:33:20.009Z","True","150000","1876",,"1875","0","0","4247742",,"150039","470","1",,,,"345","1.1599999999999999"
"150k-10ms-r01","client","latency-client","2026-09-05T15:33:20.009Z","2026-09-05T15:33:30.004Z","True","150000","1876",,"1875","0","0","4251522",,"150175","466","1",,,,"332","1.1299999999999999"
"150k-10ms-r01","client","latency-client","2026-09-05T15:33:30.004Z","2026-09-05T15:33:40.014Z","True","150000","1876",,"1875","0","0","4245250",,"149950","474","1",,,,"349","1.1699999999999999"
"150k-10ms-r01","client","latency-client","2026-09-05T15:33:40.014Z","2026-09-05T15:33:50.012Z","True","150000","1876",,"1875","0","0","4234959",,"149615","469","1",,,,"319","1.1599999999999999"
"150k-10ms-r01","client","latency-client","2026-09-05T15:33:50.012Z","2026-09-05T15:34:00.010Z","True","150000","1876",,"1875","0","0","4235929",,"149593","465","1",,,,"318","1.1899999999999999"
"150k-10ms-r01","client","latency-client","2026-09-05T15:34:00.010Z","2026-09-05T15:34:10.010Z","True","150000","1876",,"1875","0","0","4249396",,"150100","459","1",,,,"325","1.1899999999999999"
"150k-10ms-r01","client","latency-client","2026-09-05T15:34:10.010Z","2026-09-05T15:34:20.003Z","True","150000","1876",,"1875","0","0","4248219",,"150054","461","1",,,,"333","1.1599999999999999"
"150k-10ms-r01","client","latency-client","2026-09-05T15:34:20.003Z","2026-09-05T15:34:30.006Z","True","150000","1876",,"1875","0","0","4235427",,"149604","476","1",,,,"339","1.21"
"150k-10ms-r01","client","latency-client","2026-09-05T15:34:30.006Z","2026-09-05T15:34:40.013Z","True","150000","1876",,"1875","0","0","4243801",,"149931","482","1",,,,"334","1.1599999999999999"
"150k-10ms-r01","client","latency-client","2026-09-05T15:34:40.013Z","2026-09-05T15:34:50.007Z","True","150000","1876",,"1875","0","0","4246169",,"149953","493","1",,,,"366","1.1599999999999999"
"150k-10ms-r01","client","latency-client","2026-09-05T15:34:50.007Z","2026-09-05T15:35:00.014Z","True","150000","1876",,"1875","0","0","4250768",,"150144","478","1",,,,"337","1.2"
"150k-10ms-r01","client","latency-client","2026-09-05T15:35:00.014Z","2026-09-05T15:35:10.011Z","True","150000","1876",,"1875","0","0","4242269",,"149844","482","1",,,,"342","1.1799999999999999"
"150k-10ms-r01","client","latency-client","2026-09-05T15:35:10.011Z","2026-09-05T15:35:20.006Z","True","150000","1876",,"1875","0","0","4247382",,"150042","448","1",,,,"320","1.1299999999999999"
"150k-10ms-r01","client","latency-client","2026-09-05T15:35:20.006Z","2026-09-05T15:35:30.010Z","True","150000","1876",,"1875","0","0","4243536",,"149872","461","1",,,,"329","1.1899999999999999"
"150k-10ms-r01","client","latency-client","2026-09-05T15:35:30.010Z","2026-09-05T15:35:40.014Z","True","150000","1876",,"1875","0","0","4239301",,"149739","456","1",,,,"331","1.1499999999999999"
"150k-10ms-r01","client","latency-client","2026-09-05T15:35:40.014Z","2026-09-05T15:35:50.004Z","True","150000","1876",,"1875","0","0","4249496",,"150100","480","1",,,,"346","1.1699999999999999"
"150k-10ms-r01","client","latency-client","2026-09-05T15:35:50.004Z","2026-09-05T15:36:00.001Z","True","150000","1876",,"1875","0","0","4246519",,"149994","489","1",,,,"348","1.1200000000000001"
"150k-10ms-r01","client","latency-client","2026-09-05T15:36:00.001Z","2026-09-05T15:36:10.004Z","True","150000","1876",,"1875","0","0","4239724",,"149754","470","1",,,,"344","1.1899999999999999"
"150k-10ms-r01","client","latency-client","2026-09-05T15:36:10.004Z","2026-09-05T15:36:20.008Z","True","150000","1876",,"1875","0","0","4243500",,"149889","457","1",,,,"315","1.1399999999999999"
"150k-10ms-r01","client","latency-client","2026-09-05T15:36:20.008Z","2026-09-05T15:36:30.013Z","True","150000","1876",,"1875","0","0","4247271",,"150024","455","1",,,,"330","1.1100000000000001"
"150k-10ms-r01","client","latency-client","2026-09-05T15:36:30.013Z","2026-09-05T15:36:40.001Z","True","150000","1876",,"1875","0","0","4237583",,"149679","481","1",,,,"348","1.1799999999999999"
"150k-10ms-r01","client","latency-client","2026-09-05T15:36:40.001Z","2026-09-05T15:36:50.010Z","True","150000","1876",,"1875","0","0","4245674",,"149965","461","1",,,,"331","1.1899999999999999"
"150k-10ms-r01","client","latency-client","2026-09-05T15:36:50.010Z","2026-09-05T15:37:00.009Z","True","150000","1876",,"1875","0","0","4241421",,"149814","464","1",,,,"327","1.23"
"150k-10ms-r01","client","latency-client","2026-09-05T15:37:00.009Z","2026-09-05T15:37:10.001Z","True","150000","1876",,"1875","0","0","4248644",,"150069","481","1",,,,"352","1.24"
"150k-10ms-r01","client","latency-client","2026-09-05T15:37:10.001Z","2026-09-05T15:37:20.001Z","True","150000","1876",,"1875","0","0","4245247",,"149949","490","1",,,,"355","1.27"
"150k-10ms-r01","client","latency-client","2026-09-05T15:37:20.001Z","2026-09-05T15:37:30.008Z","True","150000","1876",,"1875","0","0","4238030",,"149695","476","1",,,,"330","1.26"
"150k-10ms-r01","client","latency-client","2026-09-05T15:37:30.008Z","2026-09-05T15:37:40.010Z","True","150000","1876",,"1875","0","0","4244396",,"149919","477","1",,,,"348","1.2"
"150k-10ms-r01","client","latency-client","2026-09-05T15:37:40.010Z","2026-09-05T15:37:50.006Z","True","150000","1876",,"1875","0","0","4242621",,"149859","487","1",,,,"349","1.22"
"150k-10ms-r01","client","latency-client","2026-09-05T15:37:50.006Z","2026-09-05T15:38:00.004Z","True","150000","1876",,"1875","0","0","4245946",,"149979","464","1",,,,"328","1.24"
"150k-10ms-r01","client","latency-client","2026-09-05T15:38:00.004Z","2026-09-05T15:38:10.004Z","True","150000","1876",,"1875","0","0","4249345",,"150100","622","1",,,,"479","1.22"
"150k-10ms-r01","client","latency-client","2026-09-05T15:38:10.004Z","2026-09-05T15:38:20.014Z","True","150000","1876",,"1875","0","0","4249345",,"150100","801","1",,,,"676","1.1499999999999999"
"150k-10ms-r01","client","latency-client","2026-09-05T15:38:20.014Z","2026-09-05T15:38:30.002Z","True","150000","1876",,"1875","0","0","4244095",,"149915","482","1",,,,"347","1.22"
"150k-10ms-r01","client","latency-client","2026-09-05T15:38:30.002Z","2026-09-05T15:38:40.005Z","True","150000","1876",,"1875","0","0","4245620",,"149968","460","1",,,,"336","1.22"
"150k-10ms-r01","client","latency-client","2026-09-05T15:38:40.005Z","2026-09-05T15:38:50.005Z","True","150000","1876",,"1875","0","0","4240745",,"149799","490","1",,,,"345","1.26"
"150k-10ms-r01","client","latency-client","2026-09-05T15:38:50.005Z","2026-09-05T15:39:00.001Z","True","150000","1876",,"1875","0","0","4242496",,"149859","460","1",,,,"322","1.1699999999999999"
"150k-10ms-r01","client","latency-client","2026-09-05T15:39:00.001Z","2026-09-05T15:39:10.015Z","True","150000","1876",,"1875","0","0","4243302",,"149890","497","1",,,,"366","1.1299999999999999"
"150k-10ms-r01","client","latency-client","2026-09-05T15:39:10.015Z","2026-09-05T15:39:20.010Z","True","150000","1876",,"1875","0","0","4247219",,"150024","464","1",,,,"317","1.1899999999999999"
"150k-10ms-r01","client","latency-client","2026-09-05T15:39:20.010Z","2026-09-05T15:39:30.006Z","True","150000","1876",,"1875","0","0","4242496",,"149859","481","1",,,,"351","1.27"
"150k-10ms-r01","client","latency-client","2026-09-05T15:39:30.006Z","2026-09-05T15:39:40.005Z","True","150000","1876",,"1875","0","0","4245419",,"149964","509","1",,,,"357","1.1699999999999999"
"150k-10ms-r01","client","latency-client","2026-09-05T15:39:40.005Z","2026-09-05T15:39:50.008Z","True","150000","1876",,"1875","0","0","4248071",,"150054","507","1",,,,"367","1.2"
"150k-10ms-r01","client","latency-client","2026-09-05T15:39:50.008Z","2026-09-05T15:40:00.015Z","True","150000","1876",,"1875","0","0","4242126",,"149845","488","1",,,,"360","1.24"
"150k-10ms-r01","client","latency-client","2026-09-05T15:40:00.015Z","2026-09-05T15:40:10.004Z","True","150000","1876",,"1875","0","0","4245661",,"149964","530","1",,,,"398","1.26"
"150k-10ms-r01","client","latency-client","2026-09-05T15:40:10.004Z","2026-09-05T15:40:20.016Z","True","150000","1876",,"1875","0","0","4244402",,"149920","585","1",,,,"425","1.24"
"150k-10ms-r01","client","latency-client","2026-09-05T15:40:20.016Z","2026-09-05T15:40:30.011Z","True","150000","1876",,"1875","0","0","4238821",,"149724","499","1",,,,"365","1.1599999999999999"
"150k-10ms-r01","client","latency-client","2026-09-05T15:40:30.011Z","2026-09-05T15:40:40.015Z","True","150000","1876",,"1875","0","0","4243444",,"149889","517","1",,,,"354","1.25"
"150k-10ms-r01","client","latency-client","2026-09-05T15:40:40.015Z","2026-09-05T15:40:50.009Z","True","150000","1876",,"1875","0","0","4234933",,"149586","629","1",,,,"487","1.3300000000000001"
"150k-10ms-r01","client","latency-client","2026-09-05T15:40:50.009Z","2026-09-05T15:41:00.001Z","True","150000","1876",,"1875","0","0","4240242",,"149772","685","1",,,,"531","1.25"
"150k-10ms-r01","client","latency-client","2026-09-05T15:41:00.001Z","2026-09-05T15:41:10.007Z","True","150000","1876",,"1875","0","0","4238407",,"149709","591","1",,,,"419","1.1499999999999999"
"150k-10ms-r01","client","latency-client","2026-09-05T15:41:10.007Z","2026-09-05T15:41:20.004Z","True","150000","1876",,"1875","0","0","4237914",,"149694","528","1",,,,"371","1.25"
"150k-10ms-r01","client","latency-client","2026-09-05T15:41:20.004Z","2026-09-05T15:41:30.006Z","True","150000","1876",,"1875","0","0","4240148",,"149769","537","1",,,,"375","1.1499999999999999"
"150k-10ms-r01","client","latency-client","2026-09-05T15:41:30.006Z","2026-09-05T15:41:40.007Z","True","150000","1876",,"1875","0","0","4240572",,"149784","536","1",,,,"381","1.24"
"150k-10ms-r01","client","latency-client","2026-09-05T15:41:40.007Z","2026-09-05T15:41:50.013Z","True","150000","1876",,"1875","0","0","4245103",,"149946","491","1",,,,"341","1.24"
"150k-10ms-r01","client","latency-client","2026-09-05T15:41:50.013Z","2026-09-05T15:42:00.005Z","True","150000","1876",,"1875","0","0","4237733",,"149683","495","1",,,,"366","1.3"
"150k-10ms-r01","server","latency-server","2026-09-05T15:30:50.002Z","2026-09-05T15:31:00.002Z","False","150000","0",,"0","0","0","0",,,,"0",,,,,"2.1899999999999999"
"150k-10ms-r01","server","latency-server","2026-09-05T15:31:00.002Z","2026-09-05T15:31:10.005Z","False","150000","1876",,"1875","0","0","1838","187",,,"3705787",,"135987","139","302","3.0600000000000001"
"150k-10ms-r01","server","latency-server","2026-09-05T15:31:10.005Z","2026-09-05T15:31:20.006Z","False","150000","1876",,"1875","0","0","1",,,,"4094987",,"149934","133","239","3.2999999999999998"
"150k-10ms-r01","server","latency-server","2026-09-05T15:31:20.006Z","2026-09-05T15:31:30.006Z","False","150000","1876",,"1875","0","0","1",,,,"4099443",,"150100","132","253","3.3500000000000001"
"150k-10ms-r01","server","latency-server","2026-09-05T15:31:30.006Z","2026-09-05T15:31:40.003Z","False","150000","1876",,"1875","0","0","1",,,,"4096474",,"149994","133","171","3.3100000000000001"
"150k-10ms-r01","server","latency-server","2026-09-05T15:31:40.003Z","2026-09-05T15:31:50.012Z","False","150000","1876",,"1875","0","0","1",,,,"4105357",,"149215","154","361","3.3500000000000001"
"150k-10ms-r01","server","latency-server","2026-09-05T15:31:50.012Z","2026-09-05T15:32:00.002Z","False","150000","1876",,"1875","0","0","1",,,,"4136942",,"150100","130","626","3.3300000000000001"
"150k-10ms-r01","server","latency-server","2026-09-05T15:32:00.002Z","2026-09-05T15:32:10.010Z","False","150000","1876",,"1875","0","0","1",,,,"4129458",,"149830","150","497","3.3500000000000001"
"150k-10ms-r01","server","latency-server","2026-09-05T15:32:10.010Z","2026-09-05T15:32:20.004Z","True","150000","1876",,"1875","0","0","1",,,,"4127060",,"149739","139","574","3.3399999999999999"
"150k-10ms-r01","server","latency-server","2026-09-05T15:32:20.004Z","2026-09-05T15:32:30.007Z","True","150000","1876",,"1875","0","0","1",,,,"4210571",,"149904","141","244","3.3500000000000001"
"150k-10ms-r01","server","latency-server","2026-09-05T15:32:30.007Z","2026-09-05T15:32:40.011Z","True","150000","1876",,"1875","0","0","1",,,,"4243496",,"149889","130","348","3.3700000000000001"
"150k-10ms-r01","server","latency-server","2026-09-05T15:32:40.011Z","2026-09-05T15:32:50.006Z","True","150000","1876",,"1875","0","0","1",,,,"4238718",,"149724","147","287","3.3900000000000001"
"150k-10ms-r01","server","latency-server","2026-09-05T15:32:50.006Z","2026-09-05T15:33:00.009Z","True","150000","1876",,"1875","0","0","1",,,,"4248071",,"150054","136","251","3.3599999999999999"
"150k-10ms-r01","server","latency-server","2026-09-05T15:33:00.009Z","2026-09-05T15:33:10.015Z","True","150000","1876",,"1875","0","0","1",,,,"4246849",,"150009","145","533","3.3799999999999999"
"150k-10ms-r01","server","latency-server","2026-09-05T15:33:10.015Z","2026-09-05T15:33:20.009Z","True","150000","1876",,"1875","0","0","1",,,,"4247742",,"150039","127","359","3.3500000000000001"
"150k-10ms-r01","server","latency-server","2026-09-05T15:33:20.009Z","2026-09-05T15:33:30.004Z","True","150000","1876",,"1875","0","0","1",,,,"4251522",,"150175","137","265","3.3900000000000001"
"150k-10ms-r01","server","latency-server","2026-09-05T15:33:30.004Z","2026-09-05T15:33:40.014Z","True","150000","1876",,"1875","0","0","1",,,,"4245250",,"149950","126","481","3.3500000000000001"
"150k-10ms-r01","server","latency-server","2026-09-05T15:33:40.014Z","2026-09-05T15:33:50.012Z","True","150000","1876",,"1875","0","0","1",,,,"4236550",,"149645","149","403","3.3300000000000001"
"150k-10ms-r01","server","latency-server","2026-09-05T15:33:50.012Z","2026-09-05T15:34:00.010Z","True","150000","1876",,"1875","0","0","1",,,,"4234338",,"149564","153","510","3.3599999999999999"
"150k-10ms-r01","server","latency-server","2026-09-05T15:34:00.010Z","2026-09-05T15:34:10.010Z","True","150000","1876",,"1875","0","0","1",,,,"4249396",,"150100","138","542","3.3900000000000001"
"150k-10ms-r01","server","latency-server","2026-09-05T15:34:10.010Z","2026-09-05T15:34:20.003Z","True","150000","1876",,"1875","0","0","1",,,,"4248219",,"150054","129","439","3.3399999999999999"
"150k-10ms-r01","server","latency-server","2026-09-05T15:34:20.003Z","2026-09-05T15:34:30.006Z","True","150000","1876",,"1875","0","0","1",,,,"4235427",,"149604","137","395","3.3599999999999999"
"150k-10ms-r01","server","latency-server","2026-09-05T15:34:30.006Z","2026-09-05T15:34:40.013Z","True","150000","1876",,"1875","1","0","1",,,,"4245388",,"149967","146","918","3.3700000000000001"
"150k-10ms-r01","server","latency-server","2026-09-05T15:34:40.013Z","2026-09-05T15:34:50.007Z","True","150000","1876",,"1875","0","0","1",,,,"4244579",,"149916","128","1108","3.3900000000000001"
"150k-10ms-r01","server","latency-server","2026-09-05T15:34:50.007Z","2026-09-05T15:35:00.014Z","True","150000","1876",,"1875","0","0","1",,,,"4250768",,"150144","146","441","3.3999999999999999"
"150k-10ms-r01","server","latency-server","2026-09-05T15:35:00.014Z","2026-09-05T15:35:10.011Z","True","150000","1876",,"1875","0","0","1",,,,"4242269",,"149844","139","245","3.3300000000000001"
"150k-10ms-r01","server","latency-server","2026-09-05T15:35:10.011Z","2026-09-05T15:35:20.001Z","True","150000","1876",,"1875","0","0","1",,,,"4249496",,"150100","128","198","3.3700000000000001"
"150k-10ms-r01","server","latency-server","2026-09-05T15:35:20.001Z","2026-09-05T15:35:30.010Z","True","150000","1876",,"1875","0","0","1",,,,"4241428",,"149815","135","359","3.3199999999999998"
"150k-10ms-r01","server","latency-server","2026-09-05T15:35:30.010Z","2026-09-05T15:35:40.014Z","True","150000","1876",,"1875","0","0","1",,,,"4239301",,"149739","126","373","3.3399999999999999"
"150k-10ms-r01","server","latency-server","2026-09-05T15:35:40.014Z","2026-09-05T15:35:50.004Z","True","150000","1876",,"1875","0","0","1",,,,"4249496",,"150100","137","537","3.3799999999999999"
"150k-10ms-r01","server","latency-server","2026-09-05T15:35:50.004Z","2026-09-05T15:36:00.001Z","True","150000","1876",,"1875","0","0","1",,,,"4246519",,"149994","146","630","3.3599999999999999"
"150k-10ms-r01","server","latency-server","2026-09-05T15:36:00.001Z","2026-09-05T15:36:10.004Z","True","150000","1876",,"1875","0","0","1",,,,"4239724",,"149754","126","260","3.3999999999999999"
"150k-10ms-r01","server","latency-server","2026-09-05T15:36:10.004Z","2026-09-05T15:36:20.008Z","True","150000","1876",,"1875","0","0","1",,,,"4243500",,"149889","141","308","3.3399999999999999"
"150k-10ms-r01","server","latency-server","2026-09-05T15:36:20.008Z","2026-09-05T15:36:30.013Z","True","150000","1876",,"1875","0","0","1",,,,"4247271",,"150024","126","417","3.3700000000000001"
"150k-10ms-r01","server","latency-server","2026-09-05T15:36:30.013Z","2026-09-05T15:36:40.001Z","True","150000","1876",,"1875","0","0","1",,,,"4237583",,"149679","136","323","3.3500000000000001"
"150k-10ms-r01","server","latency-server","2026-09-05T15:36:40.001Z","2026-09-05T15:36:50.010Z","True","150000","1876",,"1875","0","0","1",,,,"4245674",,"149965","130","590","3.4100000000000001"
"150k-10ms-r01","server","latency-server","2026-09-05T15:36:50.010Z","2026-09-05T15:37:00.009Z","True","150000","1876",,"1875","0","0","1",,,,"4241421",,"149814","136","664","3.3399999999999999"
"150k-10ms-r01","server","latency-server","2026-09-05T15:37:00.009Z","2026-09-05T15:37:10.016Z","True","150000","1876",,"1875","0","0","1",,,,"4250768",,"150144","129","433","3.3799999999999999"
"150k-10ms-r01","server","latency-server","2026-09-05T15:37:10.016Z","2026-09-05T15:37:20.016Z","True","150000","1876",,"1875","0","0","1",,,,"4245247",,"149949","139","286","3.3900000000000001"
"150k-10ms-r01","server","latency-server","2026-09-05T15:37:20.016Z","2026-09-05T15:37:30.008Z","True","150000","1876",,"1875","0","0","1",,,,"4235886",,"149619","152","536","3.3500000000000001"
"150k-10ms-r01","server","latency-server","2026-09-05T15:37:30.008Z","2026-09-05T15:37:40.010Z","True","150000","1876",,"1875","0","0","1",,,,"4244396",,"149919","130","790","3.3100000000000001"
"150k-10ms-r01","server","latency-server","2026-09-05T15:37:40.010Z","2026-09-05T15:37:50.006Z","True","150000","1876",,"1875","0","0","1",,,,"4242621",,"149859","137","361","3.3700000000000001"
"150k-10ms-r01","server","latency-server","2026-09-05T15:37:50.006Z","2026-09-05T15:38:00.004Z","True","150000","1876",,"1875","0","0","1",,,,"4245946",,"149979","139","254","3.3599999999999999"
"150k-10ms-r01","server","latency-server","2026-09-05T15:38:00.004Z","2026-09-05T15:38:10.004Z","True","150000","1876",,"1875","0","0","1",,,,"4249345",,"150100","148","731","3.3700000000000001"
"150k-10ms-r01","server","latency-server","2026-09-05T15:38:10.004Z","2026-09-05T15:38:20.014Z","True","150000","1876",,"1875","0","0","1",,,,"4249345",,"150100","126","888","3.3700000000000001"
"150k-10ms-r01","server","latency-server","2026-09-05T15:38:20.014Z","2026-09-05T15:38:30.002Z","True","150000","1876",,"1875","1","0","1",,,,"4245718",,"149973","134","1918","3.3700000000000001"
"150k-10ms-r01","server","latency-server","2026-09-05T15:38:30.002Z","2026-09-05T15:38:40.005Z","True","150000","1876",,"1875","0","0","1",,,,"4244000",,"149911","126","3693","3.3599999999999999"
"150k-10ms-r01","server","latency-server","2026-09-05T15:38:40.005Z","2026-09-05T15:38:50.005Z","True","150000","1876",,"1875","0","0","1",,,,"4240745",,"149799","150","438","3.3500000000000001"
"150k-10ms-r01","server","latency-server","2026-09-05T15:38:50.005Z","2026-09-05T15:39:00.001Z","True","150000","1876",,"1875","0","0","1",,,,"4242496",,"149859","137","383","3.3399999999999999"
"150k-10ms-r01","server","latency-server","2026-09-05T15:39:00.001Z","2026-09-05T15:39:10.015Z","True","150000","1876",,"1875","0","0","1",,,,"4243302",,"149890","133","876","3.3100000000000001"
"150k-10ms-r01","server","latency-server","2026-09-05T15:39:10.015Z","2026-09-05T15:39:20.010Z","True","150000","1876",,"1875","0","0","1",,,,"4247219",,"150024","153","587","3.3199999999999998"
"150k-10ms-r01","server","latency-server","2026-09-05T15:39:20.010Z","2026-09-05T15:39:30.006Z","True","150000","1876",,"1875","0","0","1",,,,"4242496",,"149859","132","215","3.3700000000000001"
"150k-10ms-r01","server","latency-server","2026-09-05T15:39:30.006Z","2026-09-05T15:39:40.005Z","True","150000","1876",,"1875","0","0","1",,,,"4245419",,"149964","148","310","3.3700000000000001"
"150k-10ms-r01","server","latency-server","2026-09-05T15:39:40.005Z","2026-09-05T15:39:50.008Z","True","150000","1876",,"1875","0","0","1",,,,"4248071",,"150054","139","459","3.3599999999999999"
"150k-10ms-r01","server","latency-server","2026-09-05T15:39:50.008Z","2026-09-05T15:40:00.015Z","True","150000","1876",,"1875","0","0","1",,,,"4242126",,"149845","129","390","3.3700000000000001"
"150k-10ms-r01","server","latency-server","2026-09-05T15:40:00.015Z","2026-09-05T15:40:10.004Z","True","150000","1876",,"1875","0","0","1",,,,"4245661",,"149964","133","470","3.4100000000000001"
"150k-10ms-r01","server","latency-server","2026-09-05T15:40:10.004Z","2026-09-05T15:40:20.016Z","True","150000","1876",,"1875","0","0","1",,,,"4244402",,"149920","155","582","3.3300000000000001"
"150k-10ms-r01","server","latency-server","2026-09-05T15:40:20.016Z","2026-09-05T15:40:30.011Z","True","150000","1876",,"1875","0","0","1",,,,"4238821",,"149724","136","380","3.3300000000000001"
"150k-10ms-r01","server","latency-server","2026-09-05T15:40:30.011Z","2026-09-05T15:40:40.015Z","True","150000","1876",,"1875","0","0","1",,,,"4243444",,"149889","172","549","3.3399999999999999"
"150k-10ms-r01","server","latency-server","2026-09-05T15:40:40.015Z","2026-09-05T15:40:50.003Z","True","150000","1876",,"1875","1","0","1",,,,"4235735",,"149615","145","657","3.3700000000000001"
"150k-10ms-r01","server","latency-server","2026-09-05T15:40:50.003Z","2026-09-05T15:41:00.001Z","True","150000","1876",,"1875","0","0","1",,,,"4239441",,"149743","150","605","3.3799999999999999"
"150k-10ms-r01","server","latency-server","2026-09-05T15:41:00.001Z","2026-09-05T15:41:10.007Z","True","150000","1876",,"1875","0","0","1",,,,"4238407",,"149709","175","493","3.27"
"150k-10ms-r01","server","latency-server","2026-09-05T15:41:10.007Z","2026-09-05T15:41:20.004Z","True","150000","1876",,"1875","0","0","1",,,,"4237914",,"149694","164","603","3.4300000000000002"
"150k-10ms-r01","server","latency-server","2026-09-05T15:41:20.004Z","2026-09-05T15:41:30.006Z","True","150000","1876",,"1875","0","0","1",,,,"4240148",,"149769","157","515","3.4199999999999999"
"150k-10ms-r01","server","latency-server","2026-09-05T15:41:30.006Z","2026-09-05T15:41:40.007Z","True","150000","1876",,"1875","0","0","1",,,,"4240572",,"149784","151","568","3.4199999999999999"
"150k-10ms-r01","server","latency-server","2026-09-05T15:41:40.007Z","2026-09-05T15:41:50.013Z","True","150000","1876",,"1875","0","0","1",,,,"4246947",,"150009","157","590","3.4199999999999999"
"150k-10ms-r01","server","latency-server","2026-09-05T15:41:50.013Z","2026-09-05T15:42:00.005Z","True","150000","1876",,"1875","0","0","1",,,,"4235886",,"149619","130","650","3.3500000000000001"
"150k-10ms-r02","client","latency-client","2026-09-05T16:06:30.013Z","2026-09-05T16:06:40.013Z","False","150000","1876",,"1875","0","0","4060566",,"149200","440","1446","325",,,"305","3.3999999999999999"
"150k-10ms-r02","client","latency-client","2026-09-05T16:06:40.013Z","2026-09-05T16:06:50.015Z","False","150000","1876",,"1875","0","0","4100289",,"150159","376","3",,,,"244","0.66000000000000003"
"150k-10ms-r02","client","latency-client","2026-09-05T16:06:50.015Z","2026-09-05T16:07:00.006Z","False","150000","1876",,"1875","0","0","4097471",,"149995","401","1",,,,"264","0.73999999999999999"
"150k-10ms-r02","client","latency-client","2026-09-05T16:07:00.006Z","2026-09-05T16:07:10.002Z","False","150000","1876",,"1875","0","0","4088832",,"149709","429","1",,,,"275","0.69999999999999996"
"150k-10ms-r02","client","latency-client","2026-09-05T16:07:10.002Z","2026-09-05T16:07:20.006Z","False","150000","1876",,"1875","0","0","4119720",,"150190","450","1",,,,"305","0.80000000000000004"
"150k-10ms-r02","client","latency-client","2026-09-05T16:07:20.006Z","2026-09-05T16:07:30.014Z","False","150000","1876",,"1875","0","0","4121168",,"149558","464","1",,,,"330","0.77000000000000002"
"150k-10ms-r02","client","latency-client","2026-09-05T16:07:30.014Z","2026-09-05T16:07:40.010Z","False","150000","1876",,"1875","0","0","4130346",,"149831","499","1",,,,"365","0.89000000000000001"
"150k-10ms-r02","client","latency-client","2026-09-05T16:07:40.010Z","2026-09-05T16:07:50.006Z","True","150000","1876",,"1875","0","0","4122096",,"149559","531","1",,,,"363","1.1299999999999999"
"150k-10ms-r02","client","latency-client","2026-09-05T16:07:50.006Z","2026-09-05T16:08:00.005Z","True","150000","1876",,"1875","1","0","4170223",,"149814","506","1",,,,"375","1.0900000000000001"
"150k-10ms-r02","client","latency-client","2026-09-05T16:08:00.005Z","2026-09-05T16:08:10.009Z","True","150000","1876",,"1875","0","0","4239354",,"149739","456","1",,,,"308","1.1899999999999999"
"150k-10ms-r02","client","latency-client","2026-09-05T16:08:10.009Z","2026-09-05T16:08:20.011Z","True","150000","1876",,"1875","0","0","4240148",,"149769","471","1",,,,"344","1.1299999999999999"
"150k-10ms-r02","client","latency-client","2026-09-05T16:08:20.011Z","2026-09-05T16:08:30.014Z","True","150000","1876",,"1875","0","0","4243974",,"149904","508","1",,,,"355","1.1100000000000001"
"150k-10ms-r02","client","latency-client","2026-09-05T16:08:30.014Z","2026-09-05T16:08:40.015Z","True","150000","1876",,"1875","0","0","4235277",,"149606","489","1",,,,"366","1.1799999999999999"
"150k-10ms-r02","client","latency-client","2026-09-05T16:08:40.015Z","2026-09-05T16:08:50.004Z","True","150000","1876",,"1875","0","0","4242324",,"149866","468","1",,,,"324","1.1000000000000001"
"150k-10ms-r02","client","latency-client","2026-09-05T16:08:50.004Z","2026-09-05T16:09:00.016Z","True","150000","1876",,"1875","0","0","4239101",,"149712","487","1",,,,"355","1.1599999999999999"
"150k-10ms-r02","client","latency-client","2026-09-05T16:09:00.016Z","2026-09-05T16:09:10.001Z","True","150000","1876",,"1875","0","0","4235646",,"149608","519","1",,,,"360","1.23"
"150k-10ms-r02","client","latency-client","2026-09-05T16:09:10.001Z","2026-09-05T16:09:20.014Z","True","150000","1876",,"1875","0","0","4245578",,"149962","516","1",,,,"390","1.1499999999999999"
"150k-10ms-r02","client","latency-client","2026-09-05T16:09:20.014Z","2026-09-05T16:09:30.007Z","True","150000","1876",,"1875","0","0","4246615",,"149997","511","1",,,,"366","1.1299999999999999"
"150k-10ms-r02","client","latency-client","2026-09-05T16:09:30.007Z","2026-09-05T16:09:40.009Z","True","150000","1876",,"1875","0","0","4244398",,"149919","501","1",,,,"366","1.0800000000000001"
"150k-10ms-r02","client","latency-client","2026-09-05T16:09:40.009Z","2026-09-05T16:09:50.001Z","True","150000","1876",,"1875","0","0","4248643",,"150069","559","1",,,,"390","1.1200000000000001"
"150k-10ms-r02","client","latency-client","2026-09-05T16:09:50.001Z","2026-09-05T16:10:00.005Z","True","150000","1876",,"1875","0","0","4237328",,"149685","455","1",,,,"329","1.21"
"150k-10ms-r02","client","latency-client","2026-09-05T16:10:00.005Z","2026-09-05T16:10:10.013Z","True","150000","1876",,"1875","0","0","4243676",,"149884","463","1",,,,"325","1.0900000000000001"
"150k-10ms-r02","client","latency-client","2026-09-05T16:10:10.013Z","2026-09-05T16:10:20.004Z","True","150000","1876",,"1875","0","0","4244817",,"149934","453","1",,,,"329","1.0700000000000001"
"150k-10ms-r02","client","latency-client","2026-09-05T16:10:20.004Z","2026-09-05T16:10:30.011Z","True","150000","1876",,"1875","0","0","4242275",,"149845","480","1",,,,"337","0.96999999999999997"
"150k-10ms-r02","client","latency-client","2026-09-05T16:10:30.011Z","2026-09-05T16:10:40.009Z","True","150000","1876",,"1875","0","0","4241845",,"149829","506","1",,,,"382","0.93999999999999995"
"150k-10ms-r02","client","latency-client","2026-09-05T16:10:40.009Z","2026-09-05T16:10:50.011Z","True","150000","1876",,"1875","0","0","4240148",,"149769","529","1",,,,"393","1.0600000000000001"
"150k-10ms-r02","client","latency-client","2026-09-05T16:10:50.011Z","2026-09-05T16:11:00.013Z","True","150000","1876",,"1875","0","0","4244398",,"149919","816","1",,,,"678","1.0800000000000001"
"150k-10ms-r02","client","latency-client","2026-09-05T16:11:00.013Z","2026-09-05T16:11:10.012Z","True","150000","1876",,"1875","0","0","4245670",,"149964","495","1",,,,"356","1.0700000000000001"
"150k-10ms-r02","client","latency-client","2026-09-05T16:11:10.012Z","2026-09-05T16:11:20.010Z","True","150000","1876",,"1875","0","0","4233344",,"149529","493","1",,,,"362","1.1100000000000001"
"150k-10ms-r02","client","latency-client","2026-09-05T16:11:20.010Z","2026-09-05T16:11:30.004Z","True","150000","1876",,"1875","0","0","4247646",,"150039","462","1",,,,"323","1"
"150k-10ms-r02","client","latency-client","2026-09-05T16:11:30.004Z","2026-09-05T16:11:40.014Z","True","150000","1876",,"1875","0","0","4241004",,"149800","926","1",,,,"792","1.05"
"150k-10ms-r02","client","latency-client","2026-09-05T16:11:40.014Z","2026-09-05T16:11:50.015Z","True","150000","1876",,"1875","0","0","4248050",,"150076","486","1",,,,"342","1.1499999999999999"
"150k-10ms-r02","client","latency-client","2026-09-05T16:11:50.015Z","2026-09-05T16:12:00.007Z","True","150000","1876",,"1875","0","0","4241162",,"149777","458","0",,,,"331","1.03"
"150k-10ms-r02","client","latency-client","2026-09-05T16:12:00.007Z","2026-09-05T16:12:10.005Z","True","150000","1876",,"1875","0","0","4244259",,"149926","534","1",,,,"396","1.1799999999999999"
"150k-10ms-r02","client","latency-client","2026-09-05T16:12:10.005Z","2026-09-05T16:12:20.001Z","True","150000","1876",,"1875","0","0","4235878",,"149612","484","1",,,,"345","1.1799999999999999"
"150k-10ms-r02","client","latency-client","2026-09-05T16:12:20.001Z","2026-09-05T16:12:30.013Z","True","150000","1876",,"1875","0","0","4248647",,"150070","476","1",,,,"336","1.0700000000000001"
"150k-10ms-r02","client","latency-client","2026-09-05T16:12:30.013Z","2026-09-05T16:12:40.013Z","True","150000","1876",,"1875","0","0","4240847",,"149799","489","1",,,,"333","1.0900000000000001"
"150k-10ms-r02","client","latency-client","2026-09-05T16:12:40.013Z","2026-09-05T16:12:50.014Z","True","150000","1876",,"1875","0","0","4240572",,"149784","498","1",,,,"365","1.1399999999999999"
"150k-10ms-r02","client","latency-client","2026-09-05T16:12:50.014Z","2026-09-05T16:13:00.004Z","True","150000","1876",,"1875","0","0","4241001",,"149820","470","1",,,,"332","1.0700000000000001"
"150k-10ms-r02","client","latency-client","2026-09-05T16:13:00.004Z","2026-09-05T16:13:10.010Z","True","150000","1876",,"1875","0","0","4236595",,"149625","498","1",,,,"373","1.1299999999999999"
"150k-10ms-r02","client","latency-client","2026-09-05T16:13:10.010Z","2026-09-05T16:13:20.009Z","True","150000","1876",,"1875","0","0","4243266",,"149878","528","1",,,,"373","1.1899999999999999"
"150k-10ms-r02","client","latency-client","2026-09-05T16:13:20.009Z","2026-09-05T16:13:30.008Z","True","150000","1876",,"1875","0","0","4241421",,"149814","513","1",,,,"389","1.0600000000000001"
"150k-10ms-r02","client","latency-client","2026-09-05T16:13:30.008Z","2026-09-05T16:13:40.006Z","True","150000","1876",,"1875","0","0","4245986",,"149979","2107","1",,,,"1966","1.0800000000000001"
"150k-10ms-r02","client","latency-client","2026-09-05T16:13:40.006Z","2026-09-05T16:13:50.016Z","True","150000","1876",,"1875","0","0","4244952",,"149950","454","1",,,,"327","1.05"
"150k-10ms-r02","client","latency-client","2026-09-05T16:13:50.016Z","2026-09-05T16:14:00.015Z","True","150000","1876",,"1875","0","0","4246766",,"150019","458","1",,,,"318","1.0600000000000001"
"150k-10ms-r02","client","latency-client","2026-09-05T16:14:00.015Z","2026-09-05T16:14:10.015Z","True","150000","1876",,"1875","0","0","4236954",,"149664","492","1",,,,"356","1.0700000000000001"
"150k-10ms-r02","client","latency-client","2026-09-05T16:14:10.015Z","2026-09-05T16:14:20.000Z","True","150000","1876",,"1875","0","0","4237102",,"149655","495","1",,,,"369","1.1100000000000001"
"150k-10ms-r02","client","latency-client","2026-09-05T16:14:20.000Z","2026-09-05T16:14:30.001Z","True","150000","1876",,"1875","0","0","4240423",,"149784","499","1",,,,"373","1.1000000000000001"
"150k-10ms-r02","client","latency-client","2026-09-05T16:14:30.001Z","2026-09-05T16:14:40.015Z","True","150000","1876",,"1875","0","0","4242361",,"149855","479","1",,,,"362","0.97999999999999998"
"150k-10ms-r02","client","latency-client","2026-09-05T16:14:40.015Z","2026-09-05T16:14:50.010Z","True","150000","1876",,"1875","0","0","4244004",,"149909","531","1",,,,"385","1.1899999999999999"
"150k-10ms-r02","client","latency-client","2026-09-05T16:14:50.010Z","2026-09-05T16:15:00.016Z","True","150000","1876",,"1875","0","0","4246650",,"150009","465","1",,,,"330","1.1299999999999999"
"150k-10ms-r02","client","latency-client","2026-09-05T16:15:00.016Z","2026-09-05T16:15:10.012Z","True","150000","1876",,"1875","0","0","4242541",,"149859","462","1",,,,"323","1.0800000000000001"
"150k-10ms-r02","client","latency-client","2026-09-05T16:15:10.012Z","2026-09-05T16:15:20.013Z","True","150000","1876",,"1875","0","0","4240423",,"149784","478","1",,,,"322","1.29"
"150k-10ms-r02","client","latency-client","2026-09-05T16:15:20.013Z","2026-09-05T16:15:30.006Z","True","150000","1876",,"1875","0","0","4247828",,"150046","488","1",,,,"339","1.1000000000000001"
"150k-10ms-r02","client","latency-client","2026-09-05T16:15:30.006Z","2026-09-05T16:15:40.002Z","True","150000","1876",,"1875","0","0","4242784",,"149867","514","1",,,,"352","1.1499999999999999"
"150k-10ms-r02","client","latency-client","2026-09-05T16:15:40.002Z","2026-09-05T16:15:50.009Z","True","150000","1876",,"1875","0","0","4233666",,"149545","540","1",,,,"367","1.21"
"150k-10ms-r02","client","latency-client","2026-09-05T16:15:50.009Z","2026-09-05T16:16:00.015Z","True","150000","1876",,"1875","0","0","4225712",,"149259","489","1",,,,"336","1.2"
"150k-10ms-r02","client","latency-client","2026-09-05T16:16:00.015Z","2026-09-05T16:16:10.009Z","True","150000","1876",,"1875","0","0","4252047",,"150190","545","1",,,,"396","1.0700000000000001"
"150k-10ms-r02","client","latency-client","2026-09-05T16:16:10.009Z","2026-09-05T16:16:20.012Z","True","150000","1876",,"1875","0","0","4239725",,"149754","487","1",,,,"341","1.1299999999999999"
"150k-10ms-r02","client","latency-client","2026-09-05T16:16:20.012Z","2026-09-05T16:16:30.014Z","True","150000","1876",,"1875","0","0","4248664",,"150081","503","1",,,,"367","1.04"
"150k-10ms-r02","client","latency-client","2026-09-05T16:16:30.014Z","2026-09-05T16:16:40.004Z","True","150000","1876",,"1875","0","0","4245216",,"149938","455","1",,,,"363","1.05"
"150k-10ms-r02","client","latency-client","2026-09-05T16:16:40.004Z","2026-09-05T16:16:50.004Z","True","150000","1876",,"1875","0","0","4241797",,"149828","467","1",,,,"338","1.1200000000000001"
"150k-10ms-r02","client","latency-client","2026-09-05T16:16:50.004Z","2026-09-05T16:17:00.008Z","True","150000","1876",,"1875","0","0","4251242",,"150161","446","1",,,,"319","1.03"
"150k-10ms-r02","client","latency-client","2026-09-05T16:17:00.008Z","2026-09-05T16:17:10.005Z","True","150000","1876",,"1875","0","0","4243748",,"149915","439","1",,,,"314","1.03"
"150k-10ms-r02","client","latency-client","2026-09-05T16:17:10.005Z","2026-09-05T16:17:20.008Z","True","150000","1876",,"1875","0","0","4250834",,"150134","474","1",,,,"331","1.21"
"150k-10ms-r02","client","latency-client","2026-09-05T16:17:20.008Z","2026-09-05T16:17:30.014Z","True","150000","1876",,"1875","0","0","4244958",,"149946","491","1",,,,"338","1.2"
"150k-10ms-r02","server","latency-server","2026-09-05T16:06:30.013Z","2026-09-05T16:06:40.013Z","False","150000","1876",,"1875","0","0","562","126",,,"1579825",,"58048","135","230","2.3900000000000001"
"150k-10ms-r02","server","latency-server","2026-09-05T16:06:40.013Z","2026-09-05T16:06:50.015Z","False","150000","1876",,"1875","0","0","3",,,,"4101907",,"150209","133","250","3.4100000000000001"
"150k-10ms-r02","server","latency-server","2026-09-05T16:06:50.015Z","2026-09-05T16:07:00.006Z","False","150000","1876",,"1875","0","0","1",,,,"4095851",,"149945","138","616","3.3300000000000001"
"150k-10ms-r02","server","latency-server","2026-09-05T16:07:00.006Z","2026-09-05T16:07:10.002Z","False","150000","1876",,"1875","0","0","1",,,,"4088832",,"149709","150","215","3.46"
"150k-10ms-r02","server","latency-server","2026-09-05T16:07:10.002Z","2026-09-05T16:07:20.006Z","False","150000","1876",,"1875","0","0","1",,,,"4119720",,"150190","145","327","3.4700000000000002"
"150k-10ms-r02","server","latency-server","2026-09-05T16:07:20.006Z","2026-09-05T16:07:30.014Z","False","150000","1876",,"1875","0","0","1",,,,"4121959",,"149582","137","212","3.3900000000000001"
"150k-10ms-r02","server","latency-server","2026-09-05T16:07:30.014Z","2026-09-05T16:07:40.010Z","False","150000","1876",,"1875","0","0","1",,,,"4129553",,"149807","134","747","3.4100000000000001"
"150k-10ms-r02","server","latency-server","2026-09-05T16:07:40.010Z","2026-09-05T16:07:50.006Z","True","150000","1876",,"1875","0","0","1",,,,"4122096",,"149559","160","393","3.3900000000000001"
"150k-10ms-r02","server","latency-server","2026-09-05T16:07:50.006Z","2026-09-05T16:08:00.005Z","True","150000","1876",,"1875","0","0","1",,,,"4170424",,"149814","132","218","3.3900000000000001"
"150k-10ms-r02","server","latency-server","2026-09-05T16:08:00.005Z","2026-09-05T16:08:10.009Z","True","150000","1876",,"1875","0","0","1",,,,"4239153",,"149739","155","245","3.4199999999999999"
"150k-10ms-r02","server","latency-server","2026-09-05T16:08:10.009Z","2026-09-05T16:08:20.011Z","True","150000","1876",,"1875","0","0","1",,,,"4240148",,"149769","128","518","3.3700000000000001"
"150k-10ms-r02","server","latency-server","2026-09-05T16:08:20.011Z","2026-09-05T16:08:30.014Z","True","150000","1876",,"1875","0","0","1",,,,"4243974",,"149904","149","382","3.3900000000000001"
"150k-10ms-r02","server","latency-server","2026-09-05T16:08:30.014Z","2026-09-05T16:08:40.015Z","True","150000","1876",,"1875","0","0","1",,,,"4236320",,"149634","124","360","3.3999999999999999"
"150k-10ms-r02","server","latency-server","2026-09-05T16:08:40.015Z","2026-09-05T16:08:50.004Z","True","150000","1876",,"1875","0","0","1",,,,"4241288",,"149827","149","442","3.3999999999999999"
"150k-10ms-r02","server","latency-server","2026-09-05T16:08:50.004Z","2026-09-05T16:09:00.016Z","True","150000","1876",,"1875","0","0","1",,,,"4239894",,"149749","134","169","3.3799999999999999"
"150k-10ms-r02","server","latency-server","2026-09-05T16:09:00.016Z","2026-09-05T16:09:10.001Z","True","150000","1876",,"1875","0","0","1",,,,"4234842",,"149581","154","162","3.3599999999999999"
"150k-10ms-r02","server","latency-server","2026-09-05T16:09:10.001Z","2026-09-05T16:09:20.014Z","True","150000","1876",,"1875","0","0","1",,,,"4247180",,"150020","128","500","3.3900000000000001"
"150k-10ms-r02","server","latency-server","2026-09-05T16:09:20.014Z","2026-09-05T16:09:30.007Z","True","150000","1876",,"1875","0","0","1",,,,"4245011",,"149939","151","145","3.4199999999999999"
"150k-10ms-r02","server","latency-server","2026-09-05T16:09:30.007Z","2026-09-05T16:09:40.009Z","True","150000","1876",,"1875","0","0","1",,,,"4244398",,"149919","138","148","3.4199999999999999"
"150k-10ms-r02","server","latency-server","2026-09-05T16:09:40.009Z","2026-09-05T16:09:50.001Z","True","150000","1876",,"1875","0","0","1",,,,"4248643",,"150069","163","267","3.3900000000000001"
"150k-10ms-r02","server","latency-server","2026-09-05T16:09:50.001Z","2026-09-05T16:10:00.005Z","True","150000","1876",,"1875","0","0","1",,,,"4239152",,"149739","127","173","3.3999999999999999"
"150k-10ms-r02","server","latency-server","2026-09-05T16:10:00.005Z","2026-09-05T16:10:10.013Z","True","150000","1876",,"1875","0","0","1",,,,"4241853",,"149830","143","173","3.3599999999999999"
"150k-10ms-r02","server","latency-server","2026-09-05T16:10:10.013Z","2026-09-05T16:10:20.004Z","True","150000","1876",,"1875","0","0","1",,,,"4244817",,"149934","125","359","3.4300000000000002"
"150k-10ms-r02","server","latency-server","2026-09-05T16:10:20.004Z","2026-09-05T16:10:30.011Z","True","150000","1876",,"1875","0","0","1",,,,"4242275",,"149845","142","260","3.4199999999999999"
"150k-10ms-r02","server","latency-server","2026-09-05T16:10:30.011Z","2026-09-05T16:10:40.009Z","True","150000","1876",,"1875","0","0","1",,,,"4241845",,"149829","126","126","3.3999999999999999"
"150k-10ms-r02","server","latency-server","2026-09-05T16:10:40.009Z","2026-09-05T16:10:50.011Z","True","150000","1876",,"1875","0","0","1",,,,"4240148",,"149769","140","716","3.4100000000000001"
"150k-10ms-r02","server","latency-server","2026-09-05T16:10:50.011Z","2026-09-05T16:11:00.013Z","True","150000","1876",,"1875","0","0","1",,,,"4244398",,"149919","137","929","3.4199999999999999"
"150k-10ms-r02","server","latency-server","2026-09-05T16:11:00.013Z","2026-09-05T16:11:10.012Z","True","150000","1876",,"1875","0","0","1",,,,"4245670",,"149964","138","408","3.4399999999999999"
"150k-10ms-r02","server","latency-server","2026-09-05T16:11:10.012Z","2026-09-05T16:11:20.010Z","True","150000","1876",,"1875","0","0","1",,,,"4233344",,"149529","135","1097","3.3599999999999999"
"150k-10ms-r02","server","latency-server","2026-09-05T16:11:20.010Z","2026-09-05T16:11:30.004Z","True","150000","1876",,"1875","0","0","1",,,,"4247646",,"150039","144","94","3.3500000000000001"
"150k-10ms-r02","server","latency-server","2026-09-05T16:11:30.004Z","2026-09-05T16:11:40.014Z","True","150000","1876",,"1875","0","0","1",,,,"4241004",,"149800","133","1044","3.3399999999999999"
"150k-10ms-r02","server","latency-server","2026-09-05T16:11:40.014Z","2026-09-05T16:11:50.015Z","True","150000","1876",,"1875","0","0","1",,,,"4249070",,"150084","150","292","3.3500000000000001"
"150k-10ms-r02","server","latency-server","2026-09-05T16:11:50.015Z","2026-09-05T16:12:00.007Z","True","150000","1876",,"1875","0","0","0",,,,"4240140",,"149769","129","125","3.4500000000000002"
"150k-10ms-r02","server","latency-server","2026-09-05T16:12:00.007Z","2026-09-05T16:12:10.005Z","True","150000","1876",,"1875","0","0","1",,,,"4245854",,"149971","142","1176","3.4199999999999999"
"150k-10ms-r02","server","latency-server","2026-09-05T16:12:10.005Z","2026-09-05T16:12:20.001Z","True","150000","1876",,"1875","0","0","1",,,,"4234283",,"149567","143","167","3.4199999999999999"
"150k-10ms-r02","server","latency-server","2026-09-05T16:12:20.001Z","2026-09-05T16:12:30.013Z","True","150000","1876",,"1875","0","0","1",,,,"4248647",,"150070","138","508","3.4199999999999999"
"150k-10ms-r02","server","latency-server","2026-09-05T16:12:30.013Z","2026-09-05T16:12:40.013Z","True","150000","1876",,"1875","0","0","1",,,,"4240847",,"149799","151","516","3.4100000000000001"
"150k-10ms-r02","server","latency-server","2026-09-05T16:12:40.013Z","2026-09-05T16:12:50.014Z","True","150000","1876",,"1875","0","0","1",,,,"4240591",,"149800","136","138","3.4500000000000002"
"150k-10ms-r02","server","latency-server","2026-09-05T16:12:50.014Z","2026-09-05T16:13:00.004Z","True","150000","1876",,"1875","0","0","1",,,,"4240967",,"149784","142","298","3.3999999999999999"
"150k-10ms-r02","server","latency-server","2026-09-05T16:13:00.004Z","2026-09-05T16:13:10.010Z","True","150000","1876",,"1875","0","0","1",,,,"4237429",,"149680","127","487","3.4300000000000002"
"150k-10ms-r02","server","latency-server","2026-09-05T16:13:10.010Z","2026-09-05T16:13:20.009Z","True","150000","1876",,"1875","0","0","1",,,,"4242446",,"149844","151","159","3.4500000000000002"
"150k-10ms-r02","server","latency-server","2026-09-05T16:13:20.009Z","2026-09-05T16:13:30.008Z","True","150000","1876",,"1875","0","0","1",,,,"4241421",,"149814","125","352","3.4100000000000001"
"150k-10ms-r02","server","latency-server","2026-09-05T16:13:30.008Z","2026-09-05T16:13:40.006Z","True","150000","1876",,"1875","0","0","1",,,,"4245986",,"149979","147","1787","3.46"
"150k-10ms-r02","server","latency-server","2026-09-05T16:13:40.006Z","2026-09-05T16:13:50.016Z","True","150000","1876",,"1875","0","0","1",,,,"4244952",,"149950","129","113","3.4700000000000002"
"150k-10ms-r02","server","latency-server","2026-09-05T16:13:50.016Z","2026-09-05T16:14:00.014Z","True","150000","1876",,"1875","0","0","1",,,,"4247558",,"150049","139","227","3.4399999999999999"
"150k-10ms-r02","server","latency-server","2026-09-05T16:14:00.014Z","2026-09-05T16:14:10.015Z","True","150000","1876",,"1875","0","0","1",,,,"4238808",,"149714","135","439","3.4300000000000002"
"150k-10ms-r02","server","latency-server","2026-09-05T16:14:10.015Z","2026-09-05T16:14:20.016Z","True","150000","1876",,"1875","0","0","1",,,,"4236175",,"149634","127","209","3.48"
"150k-10ms-r02","server","latency-server","2026-09-05T16:14:20.016Z","2026-09-05T16:14:30.001Z","True","150000","1876",,"1875","0","0","1",,,,"4238706",,"149724","127","168","3.3599999999999999"
"150k-10ms-r02","server","latency-server","2026-09-05T16:14:30.001Z","2026-09-05T16:14:40.015Z","True","150000","1876",,"1875","0","0","1",,,,"4243397",,"149890","116","748","3.3199999999999998"
"150k-10ms-r02","server","latency-server","2026-09-05T16:14:40.015Z","2026-09-05T16:14:50.010Z","True","150000","1876",,"1875","0","0","1",,,,"4242966",,"149874","152","930","3.3599999999999999"
"150k-10ms-r02","server","latency-server","2026-09-05T16:14:50.010Z","2026-09-05T16:15:00.016Z","True","150000","1876",,"1875","0","0","1",,,,"4246650",,"150009","136","467","3.4399999999999999"
"150k-10ms-r02","server","latency-server","2026-09-05T16:15:00.016Z","2026-09-05T16:15:10.012Z","True","150000","1876",,"1875","0","0","1",,,,"4242541",,"149859","140","244","3.4399999999999999"
"150k-10ms-r02","server","latency-server","2026-09-05T16:15:10.012Z","2026-09-05T16:15:20.013Z","True","150000","1876",,"1875","0","0","1",,,,"4240423",,"149784","161","207","3.4199999999999999"
"150k-10ms-r02","server","latency-server","2026-09-05T16:15:20.013Z","2026-09-05T16:15:30.006Z","True","150000","1876",,"1875","0","0","1",,,,"4248069",,"150054","150","561","3.3999999999999999"
"150k-10ms-r02","server","latency-server","2026-09-05T16:15:30.006Z","2026-09-05T16:15:40.002Z","True","150000","1876",,"1875","0","0","1",,,,"4242544",,"149859","161","219","3.4100000000000001"
"150k-10ms-r02","server","latency-server","2026-09-05T16:15:40.002Z","2026-09-05T16:15:50.009Z","True","150000","1876",,"1875","0","0","1",,,,"4233666",,"149545","180","190","3.4199999999999999"
"150k-10ms-r02","server","latency-server","2026-09-05T16:15:50.009Z","2026-09-05T16:16:00.015Z","True","150000","1876",,"1875","0","0","1",,,,"4225712",,"149259","154","509","3.4199999999999999"
"150k-10ms-r02","server","latency-server","2026-09-05T16:16:00.015Z","2026-09-05T16:16:10.009Z","True","150000","1876",,"1875","0","0","1",,,,"4252047",,"150190","148","350","3.4900000000000002"
"150k-10ms-r02","server","latency-server","2026-09-05T16:16:10.009Z","2026-09-05T16:16:20.012Z","True","150000","1876",,"1875","0","0","1",,,,"4239725",,"149754","147","190","3.4199999999999999"
"150k-10ms-r02","server","latency-server","2026-09-05T16:16:20.012Z","2026-09-05T16:16:30.014Z","True","150000","1876",,"1875","0","0","1",,,,"4249460",,"150115","141","140","3.4100000000000001"
"150k-10ms-r02","server","latency-server","2026-09-05T16:16:30.014Z","2026-09-05T16:16:40.004Z","True","150000","1876",,"1875","0","0","1",,,,"4244420",,"149904","93","438","3.3900000000000001"
"150k-10ms-r02","server","latency-server","2026-09-05T16:16:40.004Z","2026-09-05T16:16:50.004Z","True","150000","1876",,"1875","0","0","1",,,,"4242609",,"149872","129","178","3.3999999999999999"
"150k-10ms-r02","server","latency-server","2026-09-05T16:16:50.004Z","2026-09-05T16:17:00.008Z","True","150000","1876",,"1875","0","0","1",,,,"4250430",,"150117","127","154","3.4500000000000002"
"150k-10ms-r02","server","latency-server","2026-09-05T16:17:00.008Z","2026-09-05T16:17:10.005Z","True","150000","1876",,"1875","0","0","1",,,,"4244521",,"149930","129","540","3.4300000000000002"
"150k-10ms-r02","server","latency-server","2026-09-05T16:17:10.005Z","2026-09-05T16:17:20.008Z","True","150000","1876",,"1875","0","0","1",,,,"4250061",,"150118","145","308","3.4300000000000002"
"150k-10ms-r02","server","latency-server","2026-09-05T16:17:20.008Z","2026-09-05T16:17:30.014Z","True","150000","1876",,"1875","0","0","1",,,,"4246802",,"150009","152","382","3.48"
"150k-10ms-r03","client","latency-client","2026-09-05T16:42:10.003Z","2026-09-05T16:42:20.003Z","False","150000","1876",,"1875","0","0","4086925",,"149867","421","1386","141",,,"284","1.98"
"150k-10ms-r03","client","latency-client","2026-09-05T16:42:20.003Z","2026-09-05T16:42:30.006Z","False","150000","1876",,"1875","0","0","4098151",,"150054","364","1",,,,"235","0.68000000000000005"
"150k-10ms-r03","client","latency-client","2026-09-05T16:42:30.006Z","2026-09-05T16:42:40.001Z","False","150000","1876",,"1875","0","0","4101511",,"150175","377","1",,,,"247","0.75"
"150k-10ms-r03","client","latency-client","2026-09-05T16:42:40.001Z","2026-09-05T16:42:50.014Z","False","150000","1876",,"1875","0","0","4102634",,"149905","375","1",,,,"235","0.92000000000000004"
"150k-10ms-r03","client","latency-client","2026-09-05T16:42:50.014Z","2026-09-05T16:43:00.012Z","False","150000","1876",,"1875","0","0","4137673",,"150130","446","1",,,,"319","0.89000000000000001"
"150k-10ms-r03","client","latency-client","2026-09-05T16:43:00.012Z","2026-09-05T16:43:10.007Z","False","150000","1876",,"1875","0","0","4134892",,"150024","466","1",,,,"337","0.94999999999999996"
"150k-10ms-r03","client","latency-client","2026-09-05T16:43:10.007Z","2026-09-05T16:43:20.015Z","True","150000","1876",,"1875","0","0","4137821",,"150129","460","1",,,,"333","1.1399999999999999"
"150k-10ms-r03","client","latency-client","2026-09-05T16:43:20.015Z","2026-09-05T16:43:30.002Z","True","150000","1876",,"1875","0","0","4144484",,"149844","426","1",,,,"301","1.25"
"150k-10ms-r03","client","latency-client","2026-09-05T16:43:30.002Z","2026-09-05T16:43:40.004Z","True","150000","1876",,"1875","0","0","4244246",,"149919","436","1",,,,"304","1.29"
"150k-10ms-r03","client","latency-client","2026-09-05T16:43:40.004Z","2026-09-05T16:43:50.003Z","True","150000","1876",,"1875","0","0","4241271",,"149814","453","1",,,,"330","1.2"
"150k-10ms-r03","client","latency-client","2026-09-05T16:43:50.003Z","2026-09-05T16:44:00.008Z","True","150000","1876",,"1875","0","0","4248052",,"150079","441","1",,,,"312","1.1399999999999999"
"150k-10ms-r03","client","latency-client","2026-09-05T16:44:00.008Z","2026-09-05T16:44:10.005Z","True","150000","1876",,"1875","0","0","4245540",,"149940","447","1",,,,"321","1.1299999999999999"
"150k-10ms-r03","client","latency-client","2026-09-05T16:44:10.005Z","2026-09-05T16:44:20.001Z","True","150000","1876",,"1875","0","0","4246794",,"150009","435","1",,,,"308","1.22"
"150k-10ms-r03","client","latency-client","2026-09-05T16:44:20.001Z","2026-09-05T16:44:30.012Z","True","150000","1876",,"1875","0","0","4240547",,"149785","428","1",,,,"301","1.1200000000000001"
"150k-10ms-r03","client","latency-client","2026-09-05T16:44:30.012Z","2026-09-05T16:44:40.005Z","True","150000","1876",,"1875","0","0","4239714",,"149754","450","1",,,,"316","1.1299999999999999"
"150k-10ms-r03","client","latency-client","2026-09-05T16:44:40.005Z","2026-09-05T16:44:50.001Z","True","150000","1876",,"1875","0","0","4242694",,"149859","454","1",,,,"332","1.1000000000000001"
"150k-10ms-r03","client","latency-client","2026-09-05T16:44:50.001Z","2026-09-05T16:45:00.013Z","True","150000","1876",,"1875","0","0","4244402",,"149920","474","1",,,,"350","1.22"
"150k-10ms-r03","client","latency-client","2026-09-05T16:45:00.013Z","2026-09-05T16:45:10.014Z","True","150000","1876",,"1875","0","0","4249071",,"150084","473","1",,,,"342","1.2"
"150k-10ms-r03","client","latency-client","2026-09-05T16:45:10.014Z","2026-09-05T16:45:20.002Z","True","150000","1876",,"1875","0","0","4246092",,"149979","480","1",,,,"346","1.27"
"150k-10ms-r03","client","latency-client","2026-09-05T16:45:20.002Z","2026-09-05T16:45:30.009Z","True","150000","1876",,"1875","0","0","4248813",,"150081","441","1",,,,"319","1.1399999999999999"
"150k-10ms-r03","client","latency-client","2026-09-05T16:45:30.009Z","2026-09-05T16:45:40.010Z","True","150000","1876",,"1875","0","0","4238131",,"149698","459","1",,,,"323","1.1899999999999999"
"150k-10ms-r03","client","latency-client","2026-09-05T16:45:40.010Z","2026-09-05T16:45:50.005Z","True","150000","1876",,"1875","0","0","4247371",,"150024","727","1",,,,"596","1.1499999999999999"
"150k-10ms-r03","client","latency-client","2026-09-05T16:45:50.005Z","2026-09-05T16:46:00.007Z","True","150000","1876",,"1875","0","0","4248646",,"150069","574","1",,,,"445","1.1899999999999999"
"150k-10ms-r03","client","latency-client","2026-09-05T16:46:00.007Z","2026-09-05T16:46:10.002Z","True","150000","1876",,"1875","0","0","4251621",,"150175","467","1",,,,"341","1.1499999999999999"
"150k-10ms-r03","client","latency-client","2026-09-05T16:46:10.002Z","2026-09-05T16:46:20.000Z","True","150000","1876",,"1875","0","0","4241845",,"149829","461","1",,,,"328","1.26"
"150k-10ms-r03","client","latency-client","2026-09-05T16:46:20.000Z","2026-09-05T16:46:30.001Z","True","150000","1876",,"1875","0","0","4244821",,"149934","441","1",,,,"319","1.1399999999999999"
"150k-10ms-r03","client","latency-client","2026-09-05T16:46:30.001Z","2026-09-05T16:46:40.001Z","True","150000","1876",,"1875","0","0","4245247",,"149949","742","1",,,,"614","1.1100000000000001"
"150k-10ms-r03","client","latency-client","2026-09-05T16:46:40.001Z","2026-09-05T16:46:50.007Z","True","150000","1876",,"1875","0","0","4242587",,"149859","534","1",,,,"405","1.1899999999999999"
"150k-10ms-r03","client","latency-client","2026-09-05T16:46:50.007Z","2026-09-05T16:47:00.007Z","True","150000","1876",,"1875","0","0","4245209",,"149949","443","1",,,,"317","1.1299999999999999"
"150k-10ms-r03","client","latency-client","2026-09-05T16:47:00.007Z","2026-09-05T16:47:10.005Z","True","150000","1876",,"1875","0","0","4250233",,"150130","441","1",,,,"310","1.0700000000000001"
"150k-10ms-r03","client","latency-client","2026-09-05T16:47:10.005Z","2026-09-05T16:47:20.004Z","True","150000","1876",,"1875","0","0","4245632",,"149964","445","1",,,,"320","1.1799999999999999"
"150k-10ms-r03","client","latency-client","2026-09-05T16:47:20.004Z","2026-09-05T16:47:30.014Z","True","150000","1876",,"1875","0","0","4241006",,"149800","447","1",,,,"311","1.1000000000000001"
"150k-10ms-r03","client","latency-client","2026-09-05T16:47:30.014Z","2026-09-05T16:47:40.013Z","True","150000","1876",,"1875","0","0","4241421",,"149814","490","1",,,,"368","1.1499999999999999"
"150k-10ms-r03","client","latency-client","2026-09-05T16:47:40.013Z","2026-09-05T16:47:50.016Z","True","150000","1876",,"1875","0","0","4235475",,"149604","484","1",,,,"349","1.21"
"150k-10ms-r03","client","latency-client","2026-09-05T16:47:50.016Z","2026-09-05T16:48:00.011Z","True","150000","1876",,"1875","0","0","4247371",,"150024","1439","1",,,,"1314","1.26"
"150k-10ms-r03","client","latency-client","2026-09-05T16:48:00.011Z","2026-09-05T16:48:10.007Z","True","150000","1876",,"1875","0","0","4242694",,"149859","784","1",,,,"661","1.2"
"150k-10ms-r03","client","latency-client","2026-09-05T16:48:10.007Z","2026-09-05T16:48:20.001Z","True","150000","1876",,"1875","0","0","4243543",,"149889","456","1",,,,"320","1.22"
"150k-10ms-r03","client","latency-client","2026-09-05T16:48:20.001Z","2026-09-05T16:48:30.011Z","True","150000","1876",,"1875","0","0","4249494",,"150100","1654","1",,,,"1528","1.1899999999999999"
"150k-10ms-r03","client","latency-client","2026-09-05T16:48:30.011Z","2026-09-05T16:48:40.000Z","True","150000","1876",,"1875","1","0","4241302",,"149814","842","1",,,,"713","1.21"
"150k-10ms-r03","client","latency-client","2026-09-05T16:48:40.000Z","2026-09-05T16:48:50.003Z","True","150000","1876",,"1875","0","0","4235437",,"149604","427","1",,,,"300","1.3"
"150k-10ms-r03","client","latency-client","2026-09-05T16:48:50.003Z","2026-09-05T16:49:00.016Z","True","150000","1876",,"1875","0","0","4239624",,"149755","439","1",,,,"317","1.24"
"150k-10ms-r03","client","latency-client","2026-09-05T16:49:00.016Z","2026-09-05T16:49:10.007Z","True","150000","1876",,"1875","0","0","4240524",,"149784","472","1",,,,"337","1.27"
"150k-10ms-r03","client","latency-client","2026-09-05T16:49:10.007Z","2026-09-05T16:49:20.009Z","True","150000","1876",,"1875","0","0","4240148",,"149769","476","1",,,,"351","1.1599999999999999"
"150k-10ms-r03","client","latency-client","2026-09-05T16:49:20.009Z","2026-09-05T16:49:30.001Z","True","150000","1876",,"1875","0","0","4244244",,"149919","2849","1",,,,"2718","1.21"
"150k-10ms-r03","client","latency-client","2026-09-05T16:49:30.001Z","2026-09-05T16:49:40.008Z","True","150000","1876",,"1875","0","0","4237880",,"149695","1353","1",,,,"1229","1.23"
"150k-10ms-r03","client","latency-client","2026-09-05T16:49:40.008Z","2026-09-05T16:49:50.015Z","True","150000","1876",,"1875","0","0","4237880",,"149695","490","1",,,,"358","1.24"
"150k-10ms-r03","client","latency-client","2026-09-05T16:49:50.015Z","2026-09-05T16:50:00.011Z","True","150000","1876",,"1875","0","0","4251046",,"150160","464","1",,,,"341","1.2"
"150k-10ms-r03","client","latency-client","2026-09-05T16:50:00.011Z","2026-09-05T16:50:10.001Z","True","150000","1876",,"1875","0","0","4240839",,"149799","463","1",,,,"331","1.1699999999999999"
"150k-10ms-r03","client","latency-client","2026-09-05T16:50:10.001Z","2026-09-05T16:50:20.010Z","True","150000","1876",,"1875","0","0","4245524",,"149965","457","1",,,,"334","1.27"
"150k-10ms-r03","client","latency-client","2026-09-05T16:50:20.010Z","2026-09-05T16:50:30.008Z","True","150000","1876",,"1875","0","0","4246759",,"150032","440","1",,,,"317","1.22"
"150k-10ms-r03","client","latency-client","2026-09-05T16:50:30.008Z","2026-09-05T16:50:40.002Z","True","150000","1876",,"1875","0","0","4246831",,"149987","452","1",,,,"328","1.2"
"150k-10ms-r03","client","latency-client","2026-09-05T16:50:40.002Z","2026-09-05T16:50:50.005Z","True","150000","1876",,"1875","0","0","4235326",,"149604","470","1",,,,"328","1.1799999999999999"
"150k-10ms-r03","client","latency-client","2026-09-05T16:50:50.005Z","2026-09-05T16:51:00.000Z","True","150000","1876",,"1875","0","0","4242968",,"149874","465","1",,,,"335","1.1799999999999999"
"150k-10ms-r03","client","latency-client","2026-09-05T16:51:00.000Z","2026-09-05T16:51:10.001Z","True","150000","1876",,"1875","0","0","4240314",,"149784","453","1",,,,"327","1.1399999999999999"
"150k-10ms-r03","client","latency-client","2026-09-05T16:51:10.001Z","2026-09-05T16:51:20.010Z","True","150000","1876",,"1875","0","0","4249730",,"150114","442","1",,,,"316","1.1399999999999999"
"150k-10ms-r03","client","latency-client","2026-09-05T16:51:20.010Z","2026-09-05T16:51:30.002Z","True","150000","1876",,"1875","0","0","4244242",,"149919","424","1",,,,"296","1.1499999999999999"
"150k-10ms-r03","client","latency-client","2026-09-05T16:51:30.002Z","2026-09-05T16:51:40.012Z","True","150000","1876",,"1875","0","0","4245060",,"149950","432","1",,,,"304","1.1499999999999999"
"150k-10ms-r03","client","latency-client","2026-09-05T16:51:40.012Z","2026-09-05T16:51:50.007Z","True","150000","1876",,"1875","0","0","4238825",,"149724","416","1",,,,"285","1.1299999999999999"
"150k-10ms-r03","client","latency-client","2026-09-05T16:51:50.007Z","2026-09-05T16:52:00.014Z","True","150000","1876",,"1875","0","0","4250770",,"150144","461","1",,,,"335","1.1599999999999999"
"150k-10ms-r03","client","latency-client","2026-09-05T16:52:00.014Z","2026-09-05T16:52:10.002Z","True","150000","1876",,"1875","0","0","4250346",,"150130","456","1",,,,"326","1.1100000000000001"
"150k-10ms-r03","client","latency-client","2026-09-05T16:52:10.002Z","2026-09-05T16:52:20.010Z","True","150000","1876",,"1875","0","0","4237606",,"149680","467","1",,,,"327","1.23"
"150k-10ms-r03","client","latency-client","2026-09-05T16:52:20.010Z","2026-09-05T16:52:30.014Z","True","150000","1876",,"1875","0","0","4247796",,"150039","440","1",,,,"312","1.1299999999999999"
"150k-10ms-r03","client","latency-client","2026-09-05T16:52:30.014Z","2026-09-05T16:52:40.008Z","True","150000","1876",,"1875","0","0","4243543",,"149889","450","1",,,,"321","1.26"
"150k-10ms-r03","client","latency-client","2026-09-05T16:52:40.008Z","2026-09-05T16:52:50.008Z","True","150000","1876",,"1875","0","0","4241690",,"149828","439","1",,,,"313","1.22"
"150k-10ms-r03","client","latency-client","2026-09-05T16:52:50.008Z","2026-09-05T16:53:00.012Z","True","150000","1876",,"1875","0","0","4246954",,"150011","443","1",,,,"317","1.1899999999999999"
"150k-10ms-r03","client","latency-client","2026-09-05T16:53:00.012Z","2026-09-05T16:53:10.007Z","False","150000","1875",,"1875","0","0","3124874",,"110378","426","5",,,,"303","1.55"
"150k-10ms-r03","server","latency-server","2026-09-05T16:42:00.004Z","2026-09-05T16:42:10.004Z","False","150000","1876",,"1875","0","0","1615","165",,,"1165736",,"42948","145","156","2.3100000000000001"
"150k-10ms-r03","server","latency-server","2026-09-05T16:42:10.004Z","2026-09-05T16:42:20.003Z","False","150000","1876",,"1875","0","0","3",,,,"4095805",,"149964","135","262","3.3399999999999999"
"150k-10ms-r03","server","latency-server","2026-09-05T16:42:20.003Z","2026-09-05T16:42:30.006Z","False","150000","1876",,"1875","0","0","1",,,,"4098151",,"150054","130","290","3.3700000000000001"
"150k-10ms-r03","server","latency-server","2026-09-05T16:42:30.006Z","2026-09-05T16:42:40.001Z","False","150000","1876",,"1875","0","0","1",,,,"4101511",,"150175","132","364","3.2999999999999998"
"150k-10ms-r03","server","latency-server","2026-09-05T16:42:40.001Z","2026-09-05T16:42:50.014Z","False","150000","1876",,"1875","0","0","1",,,,"4102634",,"149905","139","225","3.3900000000000001"
"150k-10ms-r03","server","latency-server","2026-09-05T16:42:50.014Z","2026-09-05T16:43:00.012Z","False","150000","1876",,"1875","0","0","1",,,,"4137673",,"150130","129","420","3.3100000000000001"
"150k-10ms-r03","server","latency-server","2026-09-05T16:43:00.012Z","2026-09-05T16:43:10.007Z","False","150000","1876",,"1875","0","0","1",,,,"4134892",,"150024","131","203","3.3599999999999999"
"150k-10ms-r03","server","latency-server","2026-09-05T16:43:10.007Z","2026-09-05T16:43:20.015Z","True","150000","1876",,"1875","0","0","1",,,,"4137821",,"150129","128","406","3.3399999999999999"
"150k-10ms-r03","server","latency-server","2026-09-05T16:43:20.015Z","2026-09-05T16:43:30.002Z","True","150000","1876",,"1875","0","0","1",,,,"4144484",,"149844","127","482","3.3599999999999999"
"150k-10ms-r03","server","latency-server","2026-09-05T16:43:30.002Z","2026-09-05T16:43:40.004Z","True","150000","1876",,"1875","0","0","1",,,,"4244246",,"149919","132","497","3.3500000000000001"
"150k-10ms-r03","server","latency-server","2026-09-05T16:43:40.004Z","2026-09-05T16:43:50.003Z","True","150000","1876",,"1875","0","0","1",,,,"4241271",,"149814","124","459","3.3599999999999999"
"150k-10ms-r03","server","latency-server","2026-09-05T16:43:50.003Z","2026-09-05T16:44:00.008Z","True","150000","1876",,"1875","0","0","1",,,,"4248828",,"150111","131","267","3.3599999999999999"
"150k-10ms-r03","server","latency-server","2026-09-05T16:44:00.008Z","2026-09-05T16:44:10.005Z","True","150000","1876",,"1875","0","0","1",,,,"4244764",,"149908","127","273","3.3599999999999999"
"150k-10ms-r03","server","latency-server","2026-09-05T16:44:10.005Z","2026-09-05T16:44:20.001Z","True","150000","1876",,"1875","0","0","1",,,,"4246794",,"150009","127","243","3.3599999999999999"
"150k-10ms-r03","server","latency-server","2026-09-05T16:44:20.001Z","2026-09-05T16:44:30.012Z","True","150000","1876",,"1875","0","0","1",,,,"4240547",,"149785","129","246","3.3700000000000001"
"150k-10ms-r03","server","latency-server","2026-09-05T16:44:30.012Z","2026-09-05T16:44:40.005Z","True","150000","1876",,"1875","0","0","1",,,,"4239714",,"149754","138","187","3.3300000000000001"
"150k-10ms-r03","server","latency-server","2026-09-05T16:44:40.005Z","2026-09-05T16:44:50.001Z","True","150000","1876",,"1875","0","0","1",,,,"4242694",,"149859","124","169","3.3599999999999999"
"150k-10ms-r03","server","latency-server","2026-09-05T16:44:50.001Z","2026-09-05T16:45:00.013Z","True","150000","1876",,"1875","0","0","1",,,,"4244402",,"149920","125","194","3.3500000000000001"
"150k-10ms-r03","server","latency-server","2026-09-05T16:45:00.013Z","2026-09-05T16:45:10.014Z","True","150000","1876",,"1875","0","0","1",,,,"4249071",,"150084","131","121","3.3799999999999999"
"150k-10ms-r03","server","latency-server","2026-09-05T16:45:10.014Z","2026-09-05T16:45:20.002Z","True","150000","1876",,"1875","0","0","1",,,,"4246092",,"149979","133","228","3.3300000000000001"
"150k-10ms-r03","server","latency-server","2026-09-05T16:45:20.002Z","2026-09-05T16:45:30.009Z","True","150000","1876",,"1875","0","0","1",,,,"4250445",,"150142","123","335","3.3399999999999999"
"150k-10ms-r03","server","latency-server","2026-09-05T16:45:30.009Z","2026-09-05T16:45:40.010Z","True","150000","1876",,"1875","0","0","1",,,,"4236498",,"149637","139","451","3.3399999999999999"
"150k-10ms-r03","server","latency-server","2026-09-05T16:45:40.010Z","2026-09-05T16:45:50.005Z","True","150000","1876",,"1875","0","0","1",,,,"4247371",,"150024","131","846","3.3500000000000001"
"150k-10ms-r03","server","latency-server","2026-09-05T16:45:50.005Z","2026-09-05T16:46:00.007Z","True","150000","1876",,"1875","0","0","1",,,,"4248646",,"150069","129","558","3.3300000000000001"
"150k-10ms-r03","server","latency-server","2026-09-05T16:46:00.007Z","2026-09-05T16:46:10.002Z","True","150000","1876",,"1875","0","0","1",,,,"4251621",,"150175","128","597","3.3399999999999999"
"150k-10ms-r03","server","latency-server","2026-09-05T16:46:10.002Z","2026-09-05T16:46:20.000Z","True","150000","1876",,"1875","0","0","1",,,,"4241845",,"149829","137","580","3.3599999999999999"
"150k-10ms-r03","server","latency-server","2026-09-05T16:46:20.000Z","2026-09-05T16:46:30.017Z","True","150000","1876",,"1875","0","0","1",,,,"4242284",,"149845","123","429","3.3700000000000001"
"150k-10ms-r03","server","latency-server","2026-09-05T16:46:30.017Z","2026-09-05T16:46:40.001Z","True","150000","1876",,"1875","0","0","1",,,,"4247793",,"150039","128","687","3.3500000000000001"
"150k-10ms-r03","server","latency-server","2026-09-05T16:46:40.001Z","2026-09-05T16:46:50.007Z","True","150000","1876",,"1875","0","0","1",,,,"4242587",,"149859","131","591","3.3700000000000001"
"150k-10ms-r03","server","latency-server","2026-09-05T16:46:50.007Z","2026-09-05T16:47:00.007Z","True","150000","1876",,"1875","0","0","1",,,,"4245209",,"149949","127","223","3.2999999999999998"
"150k-10ms-r03","server","latency-server","2026-09-05T16:47:00.007Z","2026-09-05T16:47:10.005Z","True","150000","1876",,"1875","0","0","1",,,,"4250233",,"150130","130","250","3.3900000000000001"
"150k-10ms-r03","server","latency-server","2026-09-05T16:47:10.005Z","2026-09-05T16:47:20.004Z","True","150000","1876",,"1875","0","0","1",,,,"4245632",,"149964","126","305","3.3599999999999999"
"150k-10ms-r03","server","latency-server","2026-09-05T16:47:20.004Z","2026-09-05T16:47:30.014Z","True","150000","1876",,"1875","0","0","1",,,,"4241006",,"149800","139","470","3.3500000000000001"
"150k-10ms-r03","server","latency-server","2026-09-05T16:47:30.014Z","2026-09-05T16:47:40.013Z","True","150000","1876",,"1875","0","0","1",,,,"4241421",,"149814","124","551","3.3399999999999999"
"150k-10ms-r03","server","latency-server","2026-09-05T16:47:40.013Z","2026-09-05T16:47:50.016Z","True","150000","1876",,"1875","0","0","1",,,,"4235475",,"149604","134","272","3.3900000000000001"
"150k-10ms-r03","server","latency-server","2026-09-05T16:47:50.016Z","2026-09-05T16:48:00.011Z","True","150000","1876",,"1875","0","0","1",,,,"4247371",,"150024","126","1119","3.3599999999999999"
"150k-10ms-r03","server","latency-server","2026-09-05T16:48:00.011Z","2026-09-05T16:48:10.007Z","True","150000","1876",,"1875","0","0","1",,,,"4242694",,"149859","125","769","3.3900000000000001"
"150k-10ms-r03","server","latency-server","2026-09-05T16:48:10.007Z","2026-09-05T16:48:20.001Z","True","150000","1876",,"1875","0","0","1",,,,"4243543",,"149889","134","3597","3.3999999999999999"
"150k-10ms-r03","server","latency-server","2026-09-05T16:48:20.001Z","2026-09-05T16:48:30.011Z","True","150000","1876",,"1875","0","0","1",,,,"4249494",,"150100","126","2470","3.3399999999999999"
"150k-10ms-r03","server","latency-server","2026-09-05T16:48:30.011Z","2026-09-05T16:48:40.015Z","True","150000","1876",,"1875","0","0","1",,,,"4239190",,"149739","132","893","3.3599999999999999"
"150k-10ms-r03","server","latency-server","2026-09-05T16:48:40.015Z","2026-09-05T16:48:50.003Z","True","150000","1876",,"1875","0","0","1",,,,"4237544",,"149679","129","252","3.3500000000000001"
"150k-10ms-r03","server","latency-server","2026-09-05T16:48:50.003Z","2026-09-05T16:49:00.016Z","True","150000","1876",,"1875","0","0","1",,,,"4239624",,"149755","123","373","3.3999999999999999"
"150k-10ms-r03","server","latency-server","2026-09-05T16:49:00.016Z","2026-09-05T16:49:10.007Z","True","150000","1876",,"1875","0","0","1",,,,"4240524",,"149784","135","450","3.3300000000000001"
"150k-10ms-r03","server","latency-server","2026-09-05T16:49:10.007Z","2026-09-05T16:49:20.009Z","True","150000","1876",,"1875","0","0","1",,,,"4240949",,"149798","127","316","3.3999999999999999"
"150k-10ms-r03","server","latency-server","2026-09-05T16:49:20.009Z","2026-09-05T16:49:30.001Z","True","150000","1876",,"1875","0","0","1",,,,"4243442",,"149891","134","2867","3.3500000000000001"
"150k-10ms-r03","server","latency-server","2026-09-05T16:49:30.001Z","2026-09-05T16:49:40.008Z","True","150000","1876",,"1875","0","0","1",,,,"4237880",,"149695","125","1164","3.2799999999999998"
"150k-10ms-r03","server","latency-server","2026-09-05T16:49:40.008Z","2026-09-05T16:49:50.015Z","True","150000","1876",,"1875","0","0","1",,,,"4237880",,"149695","131","254","3.4199999999999999"
"150k-10ms-r03","server","latency-server","2026-09-05T16:49:50.015Z","2026-09-05T16:50:00.011Z","True","150000","1876",,"1875","0","0","1",,,,"4251046",,"150160","124","489","3.3700000000000001"
"150k-10ms-r03","server","latency-server","2026-09-05T16:50:00.011Z","2026-09-05T16:50:10.001Z","True","150000","1876",,"1875","0","0","1",,,,"4240839",,"149799","136","416","3.3300000000000001"
"150k-10ms-r03","server","latency-server","2026-09-05T16:50:10.001Z","2026-09-05T16:50:20.010Z","True","150000","1876",,"1875","0","0","1",,,,"4245524",,"149965","124","427","3.4199999999999999"
"150k-10ms-r03","server","latency-server","2026-09-05T16:50:20.010Z","2026-09-05T16:50:30.008Z","True","150000","1876",,"1875","0","0","1",,,,"4248369",,"150088","125","4154","3.4500000000000002"
"150k-10ms-r03","server","latency-server","2026-09-05T16:50:30.008Z","2026-09-05T16:50:40.002Z","True","150000","1876",,"1875","0","0","1",,,,"4245220",,"149931","127","1541","3.4199999999999999"
"150k-10ms-r03","server","latency-server","2026-09-05T16:50:40.002Z","2026-09-05T16:50:50.005Z","True","150000","1876",,"1875","0","0","1",,,,"4235326",,"149604","140","372","3.3199999999999998"
"150k-10ms-r03","server","latency-server","2026-09-05T16:50:50.005Z","2026-09-05T16:51:00.000Z","True","150000","1876",,"1875","0","0","1",,,,"4242968",,"149874","129","420","3.3799999999999999"
"150k-10ms-r03","server","latency-server","2026-09-05T16:51:00.000Z","2026-09-05T16:51:10.001Z","True","150000","1876",,"1875","0","0","1",,,,"4240314",,"149784","127","181","3.4100000000000001"
"150k-10ms-r03","server","latency-server","2026-09-05T16:51:10.001Z","2026-09-05T16:51:20.010Z","True","150000","1876",,"1875","0","0","1",,,,"4249730",,"150114","128","120","3.3199999999999998"
"150k-10ms-r03","server","latency-server","2026-09-05T16:51:20.010Z","2026-09-05T16:51:30.002Z","True","150000","1876",,"1875","0","0","1",,,,"4244242",,"149919","128","227","3.3500000000000001"
"150k-10ms-r03","server","latency-server","2026-09-05T16:51:30.002Z","2026-09-05T16:51:40.012Z","True","150000","1876",,"1875","0","0","1",,,,"4245060",,"149950","129","134","3.3700000000000001"
"150k-10ms-r03","server","latency-server","2026-09-05T16:51:40.012Z","2026-09-05T16:51:50.007Z","True","150000","1876",,"1875","0","0","1",,,,"4238825",,"149724","135","280","3.3300000000000001"
"150k-10ms-r03","server","latency-server","2026-09-05T16:51:50.007Z","2026-09-05T16:52:00.014Z","True","150000","1876",,"1875","0","0","1",,,,"4250770",,"150144","127","327","3.3599999999999999"
"150k-10ms-r03","server","latency-server","2026-09-05T16:52:00.014Z","2026-09-05T16:52:10.002Z","True","150000","1876",,"1875","0","0","1",,,,"4250346",,"150130","130","179","3.3500000000000001"
"150k-10ms-r03","server","latency-server","2026-09-05T16:52:10.002Z","2026-09-05T16:52:20.010Z","True","150000","1876",,"1875","0","0","1",,,,"4237606",,"149680","146","347","3.3500000000000001"
"150k-10ms-r03","server","latency-server","2026-09-05T16:52:20.010Z","2026-09-05T16:52:30.014Z","True","150000","1876",,"1875","0","0","1",,,,"4247796",,"150039","131","322","3.3900000000000001"
"150k-10ms-r03","server","latency-server","2026-09-05T16:52:30.014Z","2026-09-05T16:52:40.008Z","True","150000","1876",,"1875","0","0","1",,,,"4243543",,"149889","130","242","3.3700000000000001"
"150k-10ms-r03","server","latency-server","2026-09-05T16:52:40.008Z","2026-09-05T16:52:50.008Z","True","150000","1876",,"1875","0","0","1",,,,"4242509",,"149858","128","215","3.3900000000000001"
"150k-10ms-r03","server","latency-server","2026-09-05T16:52:50.008Z","2026-09-05T16:53:00.012Z","True","150000","1876",,"1875","0","0","1",,,,"4246134",,"149981","127","315","3.3100000000000001"
"150k-10ms-r03","server","latency-server","2026-09-05T16:53:00.012Z","2026-09-05T16:53:10.007Z","False","150000","1875",,"1875","0","0","5",,,,"3124874",,"110378","124","371","2.5099999999999998"
"150k-1ms-stress-r01","client","latency-client","2026-09-05T15:42:50.002Z","2026-09-05T15:43:00.002Z","False","150000","191",,"188","0","0","4025306",,"150733","246","362","22",,,"180","2.7599999999999998"
"150k-1ms-stress-r01","client","latency-client","2026-09-05T15:43:00.002Z","2026-09-05T15:43:10.011Z","False","150000","191",,"188","0","0","4162479",,"151000","179","1",,,,"106","0.78000000000000003"
"150k-1ms-stress-r01","client","latency-client","2026-09-05T15:43:10.011Z","2026-09-05T15:43:20.011Z","False","150000","191",,"188","0","0","4161955",,"150984","164","1",,,,"92","0.82999999999999996"
"150k-1ms-stress-r01","client","latency-client","2026-09-05T15:43:20.011Z","2026-09-05T15:43:30.002Z","False","150000","191",,"188","0","0","4162417",,"151000","177","1",,,,"105","0.81000000000000005"
"150k-1ms-stress-r01","client","latency-client","2026-09-05T15:43:30.002Z","2026-09-05T15:43:40.013Z","False","150000","191",,"188","0","0","4160438",,"150924","209","1",,,,"137","0.93000000000000005"
"150k-1ms-stress-r01","client","latency-client","2026-09-05T15:43:40.013Z","2026-09-05T15:43:50.001Z","False","150000","191",,"188","0","0","4162393",,"151000","180","1",,,,"136","0.89000000000000001"
"150k-1ms-stress-r01","client","latency-client","2026-09-05T15:43:50.001Z","2026-09-05T15:44:00.008Z","False","150000","191",,"188","0","0","4161138",,"150954","180","1",,,,"137","0.93999999999999995"
"150k-1ms-stress-r01","client","latency-client","2026-09-05T15:44:00.008Z","2026-09-05T15:44:10.000Z","True","150000","191",,"188","0","0","4160722",,"150939","195","1",,,,"152","1.27"
"150k-1ms-stress-r01","client","latency-client","2026-09-05T15:44:10.000Z","2026-09-05T15:44:20.010Z","True","150000","191",,"188","0","0","4158188",,"150849","201","1",,,,"158","1.3600000000000001"
"150k-1ms-stress-r01","client","latency-client","2026-09-05T15:44:20.010Z","2026-09-05T15:44:30.004Z","True","150000","191",,"188","0","0","4157286",,"150818","172","1",,,,"129","1.3100000000000001"
"150k-1ms-stress-r01","client","latency-client","2026-09-05T15:44:30.004Z","2026-09-05T15:44:40.002Z","True","150000","191",,"188","0","0","4159097",,"150879","192","1",,,,"140","1.48"
"150k-1ms-stress-r01","client","latency-client","2026-09-05T15:44:40.002Z","2026-09-05T15:44:50.012Z","True","150000","191",,"188","0","0","4145107",,"150367","309","1",,,,"235","1.3500000000000001"
"150k-1ms-stress-r01","client","latency-client","2026-09-05T15:44:50.012Z","2026-09-05T15:45:00.008Z","True","150000","191",,"188","0","0","4157100",,"150803","193","1",,,,"122","1.3899999999999999"
"150k-1ms-stress-r01","client","latency-client","2026-09-05T15:45:00.008Z","2026-09-05T15:45:10.006Z","True","150000","191",,"188","0","0","4156240",,"150773","202","1",,,,"128","1.3799999999999999"
"150k-1ms-stress-r01","client","latency-client","2026-09-05T15:45:10.006Z","2026-09-05T15:45:20.015Z","True","150000","191",,"188","0","0","4157420",,"150818","182","1",,,,"109","1.28"
"150k-1ms-stress-r01","client","latency-client","2026-09-05T15:45:20.015Z","2026-09-05T15:45:30.011Z","True","150000","191",,"188","0","0","4158350",,"150848","196","1",,,,"123","1.3500000000000001"
"150k-1ms-stress-r01","client","latency-client","2026-09-05T15:45:30.011Z","2026-09-05T15:45:40.005Z","True","150000","191",,"188","0","0","4156270",,"150773","193","1",,,,"119","1.29"
"150k-1ms-stress-r01","client","latency-client","2026-09-05T15:45:40.005Z","2026-09-05T15:45:50.006Z","True","150000","191",,"188","0","0","4156271",,"150773","187","1",,,,"114","1.24"
"150k-1ms-stress-r01","client","latency-client","2026-09-05T15:45:50.006Z","2026-09-05T15:46:00.013Z","True","150000","191",,"188","0","0","4157519",,"150818","205","1",,,,"133","1.4299999999999999"
"150k-1ms-stress-r01","client","latency-client","2026-09-05T15:46:00.013Z","2026-09-05T15:46:10.002Z","True","150000","191",,"188","0","0","4158349",,"150848","246","1",,,,"173","1.5600000000000001"
"150k-1ms-stress-r01","client","latency-client","2026-09-05T15:46:10.002Z","2026-09-05T15:46:20.009Z","True","150000","191",,"188","0","0","4157518",,"150818","230","1",,,,"159","1.55"
"150k-1ms-stress-r01","client","latency-client","2026-09-05T15:46:20.009Z","2026-09-05T15:46:30.001Z","True","150000","191",,"188","0","0","4156684",,"150788","254","1",,,,"181","1.6100000000000001"
"150k-1ms-stress-r01","client","latency-client","2026-09-05T15:46:30.001Z","2026-09-05T15:46:40.005Z","True","150000","191",,"188","0","0","4158356",,"150849","245","1",,,,"173","1.46"
"150k-1ms-stress-r01","client","latency-client","2026-09-05T15:46:40.005Z","2026-09-05T15:46:50.002Z","True","150000","191",,"188","0","0","4160430",,"150924","217","1",,,,"145","1.54"
"150k-1ms-stress-r01","client","latency-client","2026-09-05T15:46:50.002Z","2026-09-05T15:47:00.004Z","True","150000","191",,"188","0","0","4157936",,"150833","249","1",,,,"177","1.53"
"150k-1ms-stress-r01","client","latency-client","2026-09-05T15:47:00.004Z","2026-09-05T15:47:10.015Z","True","150000","191",,"188","0","0","4157486",,"150818","298","1",,,,"226","1.5800000000000001"
"150k-1ms-stress-r01","client","latency-client","2026-09-05T15:47:10.015Z","2026-09-05T15:47:20.002Z","True","150000","191",,"188","0","0","4158654",,"150863","243","1",,,,"171","1.52"
"150k-1ms-stress-r01","client","latency-client","2026-09-05T15:47:20.002Z","2026-09-05T15:47:30.015Z","True","150000","191",,"188","0","0","4157114",,"150803","291","1",,,,"215","1.6299999999999999"
"150k-1ms-stress-r01","client","latency-client","2026-09-05T15:47:30.015Z","2026-09-05T15:47:40.013Z","True","150000","191",,"188","0","0","4157940",,"150833","262","1",,,,"184","1.6799999999999999"
"150k-1ms-stress-r01","client","latency-client","2026-09-05T15:47:40.013Z","2026-09-05T15:47:50.000Z","True","150000","191",,"188","0","0","4158765",,"150863","228","1",,,,"155","1.49"
"150k-1ms-stress-r01","client","latency-client","2026-09-05T15:47:50.000Z","2026-09-05T15:48:00.010Z","True","150000","191",,"188","0","0","4157522",,"150818","223","1",,,,"151","1.6699999999999999"
"150k-1ms-stress-r01","client","latency-client","2026-09-05T15:48:00.010Z","2026-09-05T15:48:10.009Z","True","150000","191",,"188","0","0","4157521",,"150818","235","1",,,,"163","1.6599999999999999"
"150k-1ms-stress-r01","client","latency-client","2026-09-05T15:48:10.009Z","2026-09-05T15:48:20.011Z","True","150000","191",,"188","0","0","4157898",,"150833","251","1",,,,"179","1.55"
"150k-1ms-stress-r01","client","latency-client","2026-09-05T15:48:20.011Z","2026-09-05T15:48:30.002Z","True","150000","191",,"188","0","0","4156130",,"150773","222","1",,,,"147","1.53"
"150k-1ms-stress-r01","client","latency-client","2026-09-05T15:48:30.002Z","2026-09-05T15:48:40.015Z","True","150000","191",,"188","0","0","4157419",,"150819","218","1",,,,"144","1.6599999999999999"
"150k-1ms-stress-r01","client","latency-client","2026-09-05T15:48:40.015Z","2026-09-05T15:48:50.012Z","True","150000","191",,"188","0","0","4158354",,"150848","235","1",,,,"161","1.48"
"150k-1ms-stress-r01","client","latency-client","2026-09-05T15:48:50.012Z","2026-09-05T15:49:00.010Z","True","150000","191",,"188","0","0","4159627",,"150909","234","1",,,,"160","1.49"
"150k-1ms-stress-r01","client","latency-client","2026-09-05T15:49:00.010Z","2026-09-05T15:49:10.014Z","True","150000","191",,"188","0","0","4157504",,"150803","229","1",,,,"156","1.3999999999999999"
"150k-1ms-stress-r01","client","latency-client","2026-09-05T15:49:10.014Z","2026-09-05T15:49:20.010Z","True","150000","191",,"188","0","0","4158312",,"150848","247","1",,,,"175","1.48"
"150k-1ms-stress-r01","client","latency-client","2026-09-05T15:49:20.010Z","2026-09-05T15:49:30.011Z","True","150000","191",,"188","0","0","4157410",,"150818","234","1",,,,"162","1.55"
"150k-1ms-stress-r01","client","latency-client","2026-09-05T15:49:30.011Z","2026-09-05T15:49:40.002Z","True","150000","191",,"188","0","0","4157519",,"150818","219","1",,,,"146","1.6699999999999999"
"150k-1ms-stress-r01","client","latency-client","2026-09-05T15:49:40.002Z","2026-09-05T15:49:50.013Z","True","150000","191",,"188","0","0","4158768",,"150864","222","1",,,,"150","1.5800000000000001"
"150k-1ms-stress-r01","client","latency-client","2026-09-05T15:49:50.013Z","2026-09-05T15:50:00.002Z","True","150000","191",,"188","0","0","4158719",,"150863","221","1",,,,"151","1.54"
"150k-1ms-stress-r01","client","latency-client","2026-09-05T15:50:00.002Z","2026-09-05T15:50:10.005Z","True","150000","191",,"188","0","0","4158666",,"150864","219","1",,,,"147","1.55"
"150k-1ms-stress-r01","client","latency-client","2026-09-05T15:50:10.005Z","2026-09-05T15:50:20.007Z","True","150000","191",,"188","0","0","4159599",,"150894","214","1",,,,"143","1.47"
"150k-1ms-stress-r01","client","latency-client","2026-09-05T15:50:20.007Z","2026-09-05T15:50:30.002Z","True","150000","191",,"188","0","0","4157934",,"150833","232","1",,,,"159","1.6000000000000001"
"150k-1ms-stress-r01","client","latency-client","2026-09-05T15:50:30.002Z","2026-09-05T15:50:40.000Z","True","150000","191",,"188","0","0","4157104",,"150803","291","1",,,,"218","1.6100000000000001"
"150k-1ms-stress-r01","client","latency-client","2026-09-05T15:50:40.000Z","2026-09-05T15:50:50.008Z","True","150000","191",,"188","0","0","4157938",,"150834","415","1",,,,"343","1.55"
"150k-1ms-stress-r01","client","latency-client","2026-09-05T15:50:50.008Z","2026-09-05T15:51:00.009Z","True","150000","191",,"188","0","0","4159602",,"150894","238","1",,,,"165","1.49"
"150k-1ms-stress-r01","client","latency-client","2026-09-05T15:51:00.009Z","2026-09-05T15:51:10.009Z","True","150000","191",,"188","0","0","4156648",,"150788","233","1",,,,"162","1.6299999999999999"
"150k-1ms-stress-r01","client","latency-client","2026-09-05T15:51:10.009Z","2026-09-05T15:51:20.001Z","True","150000","191",,"188","1","0","4157822",,"150833","211","1",,,,"139","1.6399999999999999"
"150k-1ms-stress-r01","client","latency-client","2026-09-05T15:51:20.001Z","2026-09-05T15:51:30.006Z","True","150000","191",,"188","0","0","4157901",,"150833","232","1",,,,"161","1.5900000000000001"
"150k-1ms-stress-r01","client","latency-client","2026-09-05T15:51:30.006Z","2026-09-05T15:51:40.005Z","True","150000","191",,"188","0","0","4171601",,"150848","220","1",,,,"148","1.5700000000000001"
"150k-1ms-stress-r01","client","latency-client","2026-09-05T15:51:40.005Z","2026-09-05T15:51:50.015Z","True","150000","191",,"188","0","0","4194635",,"150788","220","1",,,,"148","1.54"
"150k-1ms-stress-r01","client","latency-client","2026-09-05T15:51:50.015Z","2026-09-05T15:52:00.010Z","True","150000","191",,"188","0","0","4187907",,"150546","235","1",,,,"161","1.55"
"150k-1ms-stress-r01","client","latency-client","2026-09-05T15:52:00.010Z","2026-09-05T15:52:10.001Z","True","150000","191",,"188","0","0","4195468",,"150818","236","1",,,,"163","1.5600000000000001"
"150k-1ms-stress-r01","client","latency-client","2026-09-05T15:52:10.001Z","2026-09-05T15:52:20.013Z","True","150000","191",,"188","0","0","4198403",,"150924","213","1",,,,"144","1.6000000000000001"
"150k-1ms-stress-r01","client","latency-client","2026-09-05T15:52:20.013Z","2026-09-05T15:52:30.004Z","True","150000","191",,"188","0","0","4195892",,"150833","238","1",,,,"166","1.54"
"150k-1ms-stress-r01","client","latency-client","2026-09-05T15:52:30.004Z","2026-09-05T15:52:40.009Z","True","150000","191",,"188","0","0","4197169",,"150894","239","1",,,,"167","1.6399999999999999"
"150k-1ms-stress-r01","client","latency-client","2026-09-05T15:52:40.009Z","2026-09-05T15:52:50.014Z","True","150000","191",,"188","0","0","4198005",,"150906","237","1",,,,"164","1.6000000000000001"
"150k-1ms-stress-r01","client","latency-client","2026-09-05T15:52:50.014Z","2026-09-05T15:53:00.014Z","True","150000","191",,"188","0","0","4196727",,"150865","223","1",,,,"150","1.5800000000000001"
"150k-1ms-stress-r01","client","latency-client","2026-09-05T15:53:00.014Z","2026-09-05T15:53:10.013Z","True","150000","191",,"188","0","0","4196294",,"150835","237","1",,,,"165","1.6000000000000001"
"150k-1ms-stress-r01","client","latency-client","2026-09-05T15:53:10.013Z","2026-09-05T15:53:20.009Z","True","150000","191",,"188","0","0","4195007",,"150803","232","1",,,,"162","1.6200000000000001"
"150k-1ms-stress-r01","client","latency-client","2026-09-05T15:53:20.009Z","2026-09-05T15:53:30.008Z","True","150000","191",,"188","0","0","4197428",,"150894","208","1",,,,"137","1.54"
"150k-1ms-stress-r01","client","latency-client","2026-09-05T15:53:30.008Z","2026-09-05T15:53:40.006Z","True","150000","191",,"188","0","0","4197459",,"150894","227","1",,,,"155","1.6100000000000001"
"150k-1ms-stress-r01","client","latency-client","2026-09-05T15:53:40.006Z","2026-09-05T15:53:50.005Z","True","150000","191",,"188","0","0","4194599",,"150793","228","1",,,,"154","1.5600000000000001"
"150k-1ms-stress-r01","server","latency-server","2026-09-05T15:42:40.013Z","2026-09-05T15:42:50.013Z","False","150000","0",,"0","0","0","0",,,,"0",,,,,"2.4199999999999999"
"150k-1ms-stress-r01","server","latency-server","2026-09-05T15:42:50.013Z","2026-09-05T15:43:00.002Z","False","150000","191",,"188","0","0","302","19",,,"3361205",,"125864","66","114","2.9100000000000001"
"150k-1ms-stress-r01","server","latency-server","2026-09-05T15:43:00.002Z","2026-09-05T15:43:10.011Z","False","150000","191",,"188","0","0","1",,,,"4162479",,"151000","72","100","3.4100000000000001"
"150k-1ms-stress-r01","server","latency-server","2026-09-05T15:43:10.011Z","2026-09-05T15:43:20.011Z","False","150000","191",,"188","0","0","1",,,,"4161955",,"150984","71","86","3.5"
"150k-1ms-stress-r01","server","latency-server","2026-09-05T15:43:20.011Z","2026-09-05T15:43:30.002Z","False","150000","191",,"188","0","0","1",,,,"4162417",,"151000","72","102","3.4900000000000002"
"150k-1ms-stress-r01","server","latency-server","2026-09-05T15:43:30.002Z","2026-09-05T15:43:40.013Z","False","150000","191",,"188","0","0","1",,,,"4160438",,"150924","72","105","3.46"
"150k-1ms-stress-r01","server","latency-server","2026-09-05T15:43:40.013Z","2026-09-05T15:43:50.001Z","False","150000","191",,"188","0","0","1",,,,"4162393",,"151000","44","115","3.1699999999999999"
"150k-1ms-stress-r01","server","latency-server","2026-09-05T15:43:50.001Z","2026-09-05T15:44:00.008Z","False","150000","191",,"188","0","0","1",,,,"4161138",,"150954","43","118","3.1200000000000001"
"150k-1ms-stress-r01","server","latency-server","2026-09-05T15:44:00.008Z","2026-09-05T15:44:10.015Z","True","150000","191",,"188","1","0","1",,,,"4161138",,"150954","44","119","3.1499999999999999"
"150k-1ms-stress-r01","server","latency-server","2026-09-05T15:44:10.015Z","2026-09-05T15:44:20.010Z","True","150000","191",,"188","0","0","1",,,,"4157768",,"150833","44","115","3.1200000000000001"
"150k-1ms-stress-r01","server","latency-server","2026-09-05T15:44:20.010Z","2026-09-05T15:44:30.005Z","True","150000","191",,"188","0","0","1",,,,"4157286",,"150818","43","91","3.1400000000000001"
"150k-1ms-stress-r01","server","latency-server","2026-09-05T15:44:30.005Z","2026-09-05T15:44:40.002Z","True","150000","191",,"188","0","0","1",,,,"4159097",,"150879","53","105","3.27"
"150k-1ms-stress-r01","server","latency-server","2026-09-05T15:44:40.002Z","2026-09-05T15:44:50.012Z","True","150000","191",,"188","0","0","1",,,,"4145107",,"150367","74","110","3.5099999999999998"
"150k-1ms-stress-r01","server","latency-server","2026-09-05T15:44:50.012Z","2026-09-05T15:45:00.008Z","True","150000","191",,"188","0","0","1",,,,"4157100",,"150803","71","115","3.46"
"150k-1ms-stress-r01","server","latency-server","2026-09-05T15:45:00.008Z","2026-09-05T15:45:10.006Z","True","150000","191",,"188","0","0","1",,,,"4156240",,"150773","74","137","3.5"
"150k-1ms-stress-r01","server","latency-server","2026-09-05T15:45:10.006Z","2026-09-05T15:45:20.015Z","True","150000","191",,"188","0","0","1",,,,"4157420",,"150818","73","151","3.5"
"150k-1ms-stress-r01","server","latency-server","2026-09-05T15:45:20.015Z","2026-09-05T15:45:30.011Z","True","150000","191",,"188","0","0","1",,,,"4158350",,"150848","73","110","3.5"
"150k-1ms-stress-r01","server","latency-server","2026-09-05T15:45:30.011Z","2026-09-05T15:45:40.004Z","True","150000","191",,"188","0","0","1",,,,"4155853",,"150758","73","153","3.5099999999999998"
"150k-1ms-stress-r01","server","latency-server","2026-09-05T15:45:40.004Z","2026-09-05T15:45:50.006Z","True","150000","191",,"188","0","0","1",,,,"4156694",,"150800","73","193","3.4500000000000002"
"150k-1ms-stress-r01","server","latency-server","2026-09-05T15:45:50.006Z","2026-09-05T15:46:00.013Z","True","150000","191",,"188","0","0","1",,,,"4157511",,"150807","72","115","3.52"
"150k-1ms-stress-r01","server","latency-server","2026-09-05T15:46:00.013Z","2026-09-05T15:46:10.002Z","True","150000","191",,"188","0","0","1",,,,"4158349",,"150848","73","122","3.52"
"150k-1ms-stress-r01","server","latency-server","2026-09-05T15:46:10.002Z","2026-09-05T15:46:20.009Z","True","150000","191",,"188","0","0","1",,,,"4157518",,"150818","71","118","3.5099999999999998"
"150k-1ms-stress-r01","server","latency-server","2026-09-05T15:46:20.009Z","2026-09-05T15:46:30.001Z","True","150000","191",,"188","0","0","1",,,,"4156719",,"150802","72","134","3.5"
"150k-1ms-stress-r01","server","latency-server","2026-09-05T15:46:30.001Z","2026-09-05T15:46:40.005Z","True","150000","191",,"188","0","0","1",,,,"4158343",,"150842","72","135","3.5299999999999998"
"150k-1ms-stress-r01","server","latency-server","2026-09-05T15:46:40.005Z","2026-09-05T15:46:50.002Z","True","150000","191",,"188","0","0","1",,,,"4160409",,"150917","72","108","3.5099999999999998"
"150k-1ms-stress-r01","server","latency-server","2026-09-05T15:46:50.002Z","2026-09-05T15:47:00.004Z","True","150000","191",,"188","0","0","1",,,,"4157936",,"150833","72","139","3.4900000000000002"
"150k-1ms-stress-r01","server","latency-server","2026-09-05T15:47:00.004Z","2026-09-05T15:47:10.015Z","True","150000","191",,"188","0","0","1",,,,"4157486",,"150818","72","192","3.4900000000000002"
"150k-1ms-stress-r01","server","latency-server","2026-09-05T15:47:10.015Z","2026-09-05T15:47:20.002Z","True","150000","191",,"188","0","0","1",,,,"4158654",,"150863","72","121","3.4900000000000002"
"150k-1ms-stress-r01","server","latency-server","2026-09-05T15:47:20.002Z","2026-09-05T15:47:30.015Z","True","150000","191",,"188","0","0","1",,,,"4157114",,"150803","76","179","3.52"
"150k-1ms-stress-r01","server","latency-server","2026-09-05T15:47:30.015Z","2026-09-05T15:47:40.012Z","True","150000","191",,"188","0","0","1",,,,"4157940",,"150833","78","116","3.5099999999999998"
"150k-1ms-stress-r01","server","latency-server","2026-09-05T15:47:40.012Z","2026-09-05T15:47:50.016Z","True","150000","191",,"188","0","0","1",,,,"4158769",,"150864","73","106","3.5099999999999998"
"150k-1ms-stress-r01","server","latency-server","2026-09-05T15:47:50.016Z","2026-09-05T15:48:00.010Z","True","150000","191",,"188","0","0","1",,,,"4157533",,"150823","71","116","3.5"
"150k-1ms-stress-r01","server","latency-server","2026-09-05T15:48:00.010Z","2026-09-05T15:48:10.009Z","True","150000","191",,"188","0","0","1",,,,"4157504",,"150813","73","127","3.5"
"150k-1ms-stress-r01","server","latency-server","2026-09-05T15:48:10.009Z","2026-09-05T15:48:20.011Z","True","150000","191",,"188","0","0","1",,,,"4157898",,"150833","73","128","3.4700000000000002"
"150k-1ms-stress-r01","server","latency-server","2026-09-05T15:48:20.011Z","2026-09-05T15:48:30.002Z","True","150000","191",,"188","0","0","1",,,,"4156139",,"150787","74","100","3.4900000000000002"
"150k-1ms-stress-r01","server","latency-server","2026-09-05T15:48:30.002Z","2026-09-05T15:48:40.014Z","True","150000","191",,"188","0","0","1",,,,"4157410",,"150804","74","111","3.4900000000000002"
"150k-1ms-stress-r01","server","latency-server","2026-09-05T15:48:40.014Z","2026-09-05T15:48:50.012Z","True","150000","191",,"188","0","0","1",,,,"4158770",,"150864","74","123","3.4900000000000002"
"150k-1ms-stress-r01","server","latency-server","2026-09-05T15:48:50.012Z","2026-09-05T15:49:00.010Z","True","150000","191",,"188","0","0","1",,,,"4159605",,"150894","74","128","3.5299999999999998"
"150k-1ms-stress-r01","server","latency-server","2026-09-05T15:49:00.010Z","2026-09-05T15:49:10.014Z","True","150000","191",,"188","0","0","1",,,,"4157110",,"150803","74","115","3.52"
"150k-1ms-stress-r01","server","latency-server","2026-09-05T15:49:10.014Z","2026-09-05T15:49:20.010Z","True","150000","191",,"188","0","0","1",,,,"4158312",,"150848","72","129","3.5"
"150k-1ms-stress-r01","server","latency-server","2026-09-05T15:49:20.010Z","2026-09-05T15:49:30.011Z","True","150000","191",,"188","0","0","1",,,,"4157410",,"150818","71","107","3.5099999999999998"
"150k-1ms-stress-r01","server","latency-server","2026-09-05T15:49:30.011Z","2026-09-05T15:49:40.002Z","True","150000","191",,"188","0","0","1",,,,"4157519",,"150818","73","111","3.5"
"150k-1ms-stress-r01","server","latency-server","2026-09-05T15:49:40.002Z","2026-09-05T15:49:50.013Z","True","150000","191",,"188","0","0","1",,,,"4158768",,"150864","72","112","3.48"
"150k-1ms-stress-r01","server","latency-server","2026-09-05T15:49:50.013Z","2026-09-05T15:50:00.002Z","True","150000","191",,"188","0","0","1",,,,"4158719",,"150863","70","106","3.4700000000000002"
"150k-1ms-stress-r01","server","latency-server","2026-09-05T15:50:00.002Z","2026-09-05T15:50:10.005Z","True","150000","191",,"188","0","0","1",,,,"4158666",,"150864","72","96","3.5099999999999998"
"150k-1ms-stress-r01","server","latency-server","2026-09-05T15:50:10.005Z","2026-09-05T15:50:20.007Z","True","150000","191",,"188","0","0","1",,,,"4159607",,"150901","72","106","3.4900000000000002"
"150k-1ms-stress-r01","server","latency-server","2026-09-05T15:50:20.007Z","2026-09-05T15:50:30.002Z","True","150000","191",,"188","0","0","1",,,,"4157925",,"150826","72","110","3.5"
"150k-1ms-stress-r01","server","latency-server","2026-09-05T15:50:30.002Z","2026-09-05T15:50:40.016Z","True","150000","191",,"188","0","0","1",,,,"4157111",,"150803","73","180","3.5299999999999998"
"150k-1ms-stress-r01","server","latency-server","2026-09-05T15:50:40.016Z","2026-09-05T15:50:50.008Z","True","150000","191",,"188","0","0","1",,,,"4157933",,"150833","72","307","3.5"
"150k-1ms-stress-r01","server","latency-server","2026-09-05T15:50:50.008Z","2026-09-05T15:51:00.009Z","True","150000","191",,"188","0","0","1",,,,"4159602",,"150894","73","120","3.4700000000000002"
"150k-1ms-stress-r01","server","latency-server","2026-09-05T15:51:00.009Z","2026-09-05T15:51:10.009Z","True","150000","191",,"188","0","0","1",,,,"4156648",,"150788","71","142","3.4700000000000002"
"150k-1ms-stress-r01","server","latency-server","2026-09-05T15:51:10.009Z","2026-09-05T15:51:20.001Z","True","150000","191",,"188","0","0","1",,,,"4157822",,"150833","72","112","3.5299999999999998"
"150k-1ms-stress-r01","server","latency-server","2026-09-05T15:51:20.001Z","2026-09-05T15:51:30.006Z","True","150000","191",,"188","0","0","1",,,,"4157901",,"150833","71","135","3.46"
"150k-1ms-stress-r01","server","latency-server","2026-09-05T15:51:30.006Z","2026-09-05T15:51:40.005Z","True","150000","191",,"188","0","0","1",,,,"4172020",,"150864","72","92","3.4700000000000002"
"150k-1ms-stress-r01","server","latency-server","2026-09-05T15:51:40.005Z","2026-09-05T15:51:50.015Z","True","150000","191",,"188","0","0","1",,,,"4194216",,"150773","71","103","3.4900000000000002"
"150k-1ms-stress-r01","server","latency-server","2026-09-05T15:51:50.015Z","2026-09-05T15:52:00.010Z","True","150000","191",,"188","0","0","1",,,,"4187907",,"150546","73","108","3.4100000000000001"
"150k-1ms-stress-r01","server","latency-server","2026-09-05T15:52:00.010Z","2026-09-05T15:52:10.001Z","True","150000","191",,"188","0","0","1",,,,"4195468",,"150818","73","116","3.5"
"150k-1ms-stress-r01","server","latency-server","2026-09-05T15:52:10.001Z","2026-09-05T15:52:20.013Z","True","150000","191",,"188","0","0","1",,,,"4198424",,"150933","70","121","3.52"
"150k-1ms-stress-r01","server","latency-server","2026-09-05T15:52:20.013Z","2026-09-05T15:52:30.004Z","True","150000","191",,"188","0","0","1",,,,"4195890",,"150829","71","115","3.5"
"150k-1ms-stress-r01","server","latency-server","2026-09-05T15:52:30.004Z","2026-09-05T15:52:40.009Z","True","150000","191",,"188","0","0","1",,,,"4197554",,"150890","72","111","3.5099999999999998"
"150k-1ms-stress-r01","server","latency-server","2026-09-05T15:52:40.009Z","2026-09-05T15:52:50.014Z","True","150000","191",,"188","0","0","1",,,,"4197995",,"150909","73","117","3.48"
"150k-1ms-stress-r01","server","latency-server","2026-09-05T15:52:50.014Z","2026-09-05T15:53:00.014Z","True","150000","191",,"188","0","0","1",,,,"4196733",,"150864","73","109","3.48"
"150k-1ms-stress-r01","server","latency-server","2026-09-05T15:53:00.014Z","2026-09-05T15:53:10.013Z","True","150000","191",,"188","0","0","1",,,,"4195893",,"150833","73","120","3.4900000000000002"
"150k-1ms-stress-r01","server","latency-server","2026-09-05T15:53:10.013Z","2026-09-05T15:53:20.009Z","True","150000","191",,"188","0","0","1",,,,"4195427",,"150818","69","127","3.48"
"150k-1ms-stress-r01","server","latency-server","2026-09-05T15:53:20.009Z","2026-09-05T15:53:30.008Z","True","150000","191",,"188","0","0","1",,,,"4197008",,"150879","71","102","3.4900000000000002"
"150k-1ms-stress-r01","server","latency-server","2026-09-05T15:53:30.008Z","2026-09-05T15:53:40.006Z","True","150000","191",,"188","0","0","1",,,,"4197459",,"150894","71","104","3.4700000000000002"
"150k-1ms-stress-r01","server","latency-server","2026-09-05T15:53:40.006Z","2026-09-05T15:53:50.005Z","True","150000","191",,"188","0","0","1",,,,"4195019",,"150803","74","114","3.4700000000000002"
"150k-1ms-stress-r02","client","latency-client","2026-09-05T16:18:20.014Z","2026-09-05T16:18:30.014Z","False","150000","191",,"188","0","0","4005966",,"150457","279","547","34",,,"214","3.8100000000000001"
"150k-1ms-stress-r02","client","latency-client","2026-09-05T16:18:30.014Z","2026-09-05T16:18:40.014Z","False","150000","191",,"188","0","0","4132032",,"151000","215","1",,,,"136","0.91000000000000003"
"150k-1ms-stress-r02","client","latency-client","2026-09-05T16:18:40.014Z","2026-09-05T16:18:50.004Z","False","150000","191",,"188","0","0","4162526",,"151000","219","1",,,,"140","0.88"
"150k-1ms-stress-r02","client","latency-client","2026-09-05T16:18:50.004Z","2026-09-05T16:19:00.005Z","False","150000","191",,"188","0","0","4162515",,"151000","227","1",,,,"142","1.2"
"150k-1ms-stress-r02","client","latency-client","2026-09-05T16:19:00.005Z","2026-09-05T16:19:10.014Z","False","150000","191",,"188","0","0","4159467",,"150899","215","1",,,,"127","1.1899999999999999"
"150k-1ms-stress-r02","client","latency-client","2026-09-05T16:19:10.014Z","2026-09-05T16:19:20.002Z","False","150000","191",,"188","0","0","4162526",,"150995","271","1",,,,"191","1.1399999999999999"
"150k-1ms-stress-r02","client","latency-client","2026-09-05T16:19:20.002Z","2026-09-05T16:19:30.015Z","False","150000","191",,"188","0","0","4162939",,"151015","242","1",,,,"165","1.28"
"150k-1ms-stress-r02","client","latency-client","2026-09-05T16:19:30.015Z","2026-09-05T16:19:40.014Z","True","150000","191",,"188","0","0","4159182",,"150879","223","1",,,,"147","1.6799999999999999"
"150k-1ms-stress-r02","client","latency-client","2026-09-05T16:19:40.014Z","2026-09-05T16:19:50.014Z","True","150000","191",,"188","0","0","4159600",,"150894","238","1",,,,"162","1.5700000000000001"
"150k-1ms-stress-r02","client","latency-client","2026-09-05T16:19:50.014Z","2026-09-05T16:20:00.005Z","True","150000","191",,"188","0","0","4158750",,"150863","225","1",,,,"156","1.3899999999999999"
"150k-1ms-stress-r02","client","latency-client","2026-09-05T16:20:00.005Z","2026-09-05T16:20:10.012Z","True","150000","191",,"188","0","0","4156883",,"150803","183","1",,,,"124","1.3400000000000001"
"150k-1ms-stress-r02","client","latency-client","2026-09-05T16:20:10.012Z","2026-09-05T16:20:20.011Z","True","150000","191",,"188","0","0","4159186",,"150879","234","1",,,,"157","1.4099999999999999"
"150k-1ms-stress-r02","client","latency-client","2026-09-05T16:20:20.011Z","2026-09-05T16:20:30.008Z","True","150000","191",,"188","0","0","4160036",,"150924","249","1",,,,"173","1.3999999999999999"
"150k-1ms-stress-r02","client","latency-client","2026-09-05T16:20:30.008Z","2026-09-05T16:20:40.003Z","True","150000","191",,"188","0","0","4159572",,"150879","233","1",,,,"159","1.5900000000000001"
"150k-1ms-stress-r02","client","latency-client","2026-09-05T16:20:40.003Z","2026-09-05T16:20:50.012Z","True","150000","191",,"188","0","0","4159118",,"150879","197","1",,,,"138","1.3700000000000001"
"150k-1ms-stress-r02","client","latency-client","2026-09-05T16:20:50.012Z","2026-09-05T16:21:00.005Z","True","150000","191",,"188","0","0","4159595",,"150894","233","1",,,,"162","1.73"
"150k-1ms-stress-r02","client","latency-client","2026-09-05T16:21:00.005Z","2026-09-05T16:21:10.000Z","True","150000","191",,"188","0","0","4158750",,"150864","237","1",,,,"170","1.77"
"150k-1ms-stress-r02","client","latency-client","2026-09-05T16:21:10.000Z","2026-09-05T16:21:20.005Z","True","150000","191",,"188","1","0","4158758",,"150864","219","1",,,,"150","1.6599999999999999"
"150k-1ms-stress-r02","client","latency-client","2026-09-05T16:21:20.005Z","2026-09-05T16:21:30.014Z","True","150000","191",,"188","0","0","4159178",,"150879","208","1",,,,"140","1.6100000000000001"
"150k-1ms-stress-r02","client","latency-client","2026-09-05T16:21:30.014Z","2026-09-05T16:21:40.002Z","True","150000","191",,"188","0","0","4159183",,"150879","212","1",,,,"142","1.5900000000000001"
"150k-1ms-stress-r02","client","latency-client","2026-09-05T16:21:40.002Z","2026-09-05T16:21:50.014Z","True","150000","191",,"188","0","0","4157111",,"150803","219","1",,,,"148","1.53"
"150k-1ms-stress-r02","client","latency-client","2026-09-05T16:21:50.014Z","2026-09-05T16:22:00.006Z","True","150000","191",,"188","0","0","4159600",,"150894","202","1",,,,"132","1.5700000000000001"
"150k-1ms-stress-r02","client","latency-client","2026-09-05T16:22:00.006Z","2026-09-05T16:22:10.003Z","True","150000","191",,"188","0","0","4158752",,"150864","224","1",,,,"157","1.72"
"150k-1ms-stress-r02","client","latency-client","2026-09-05T16:22:10.003Z","2026-09-05T16:22:20.000Z","True","150000","191",,"188","0","0","4152929",,"150652","244","1",,,,"174","1.6599999999999999"
"150k-1ms-stress-r02","client","latency-client","2026-09-05T16:22:20.000Z","2026-09-05T16:22:30.002Z","True","150000","191",,"188","0","0","4159876",,"150909","201","1",,,,"131","1.5"
"150k-1ms-stress-r02","client","latency-client","2026-09-05T16:22:30.002Z","2026-09-05T16:22:40.014Z","True","150000","191",,"188","0","0","4159185",,"150879","219","1",,,,"148","1.6399999999999999"
"150k-1ms-stress-r02","client","latency-client","2026-09-05T16:22:40.014Z","2026-09-05T16:22:50.008Z","True","150000","191",,"188","0","0","4157099",,"150803","235","1",,,,"165","1.51"
"150k-1ms-stress-r02","client","latency-client","2026-09-05T16:22:50.008Z","2026-09-05T16:23:00.003Z","True","150000","191",,"188","0","0","4159190",,"150879","235","1",,,,"163","1.55"
"150k-1ms-stress-r02","client","latency-client","2026-09-05T16:23:00.003Z","2026-09-05T16:23:10.006Z","True","150000","191",,"188","0","0","4159861",,"150909","193","1",,,,"127","1.6499999999999999"
"150k-1ms-stress-r02","client","latency-client","2026-09-05T16:23:10.006Z","2026-09-05T16:23:20.008Z","True","150000","191",,"188","0","0","4158329",,"150849","195","1",,,,"129","1.73"
"150k-1ms-stress-r02","client","latency-client","2026-09-05T16:23:20.008Z","2026-09-05T16:23:30.008Z","True","150000","191",,"188","0","0","4158337",,"150849","221","1",,,,"154","1.73"
"150k-1ms-stress-r02","client","latency-client","2026-09-05T16:23:30.008Z","2026-09-05T16:23:40.005Z","True","150000","191",,"188","0","0","4158760",,"150864","218","1",,,,"149","1.6200000000000001"
"150k-1ms-stress-r02","client","latency-client","2026-09-05T16:23:40.005Z","2026-09-05T16:23:50.008Z","True","150000","191",,"188","0","0","4158768",,"150864","212","1",,,,"142","1.6399999999999999"
"150k-1ms-stress-r02","client","latency-client","2026-09-05T16:23:50.008Z","2026-09-05T16:24:00.006Z","True","150000","191",,"188","0","0","4159466",,"150894","217","1",,,,"147","1.54"
"150k-1ms-stress-r02","client","latency-client","2026-09-05T16:24:00.006Z","2026-09-05T16:24:10.006Z","True","150000","191",,"188","0","0","4159177",,"150879","222","1",,,,"153","1.54"
"150k-1ms-stress-r02","client","latency-client","2026-09-05T16:24:10.006Z","2026-09-05T16:24:20.003Z","True","150000","191",,"188","0","0","4158753",,"150864","230","1",,,,"163","1.6799999999999999"
"150k-1ms-stress-r02","client","latency-client","2026-09-05T16:24:20.003Z","2026-09-05T16:24:30.001Z","True","150000","191",,"188","0","0","4159038",,"150879","189","1",,,,"121","1.6699999999999999"
"150k-1ms-stress-r02","client","latency-client","2026-09-05T16:24:30.001Z","2026-09-05T16:24:40.002Z","True","150000","191",,"188","0","0","4157926",,"150833","238","1",,,,"169","1.5800000000000001"
"150k-1ms-stress-r02","client","latency-client","2026-09-05T16:24:40.002Z","2026-09-05T16:24:50.001Z","True","150000","191",,"188","0","0","4159185",,"150879","230","1",,,,"159","1.54"
"150k-1ms-stress-r02","client","latency-client","2026-09-05T16:24:50.001Z","2026-09-05T16:25:00.014Z","True","150000","191",,"188","0","0","4158347",,"150849","228","1",,,,"160","1.49"
"150k-1ms-stress-r02","client","latency-client","2026-09-05T16:25:00.014Z","2026-09-05T16:25:10.012Z","True","150000","191",,"188","0","0","4158755",,"150864","221","1",,,,"154","1.6000000000000001"
"150k-1ms-stress-r02","client","latency-client","2026-09-05T16:25:10.012Z","2026-09-05T16:25:20.015Z","True","150000","191",,"188","0","0","4157923",,"150833","487","1",,,,"420","1.75"
"150k-1ms-stress-r02","client","latency-client","2026-09-05T16:25:20.015Z","2026-09-05T16:25:30.010Z","True","150000","191",,"188","0","0","4159463",,"150894","219","1",,,,"149","1.5600000000000001"
"150k-1ms-stress-r02","client","latency-client","2026-09-05T16:25:30.010Z","2026-09-05T16:25:40.008Z","True","150000","191",,"188","0","0","4159876",,"150909","205","1",,,,"135","1.6000000000000001"
"150k-1ms-stress-r02","client","latency-client","2026-09-05T16:25:40.008Z","2026-09-05T16:25:50.008Z","True","150000","191",,"188","0","0","4157795",,"150833","218","1",,,,"147","1.52"
"150k-1ms-stress-r02","client","latency-client","2026-09-05T16:25:50.008Z","2026-09-05T16:26:00.006Z","True","150000","191",,"188","0","0","4160014",,"150909","265","1",,,,"195","1.5600000000000001"
"150k-1ms-stress-r02","client","latency-client","2026-09-05T16:26:00.006Z","2026-09-05T16:26:10.010Z","True","150000","191",,"188","0","0","4157931",,"150833","239","1",,,,"169","1.6000000000000001"
"150k-1ms-stress-r02","client","latency-client","2026-09-05T16:26:10.010Z","2026-09-05T16:26:20.013Z","True","150000","191",,"188","0","0","4157367",,"150818","198","1",,,,"132","1.75"
"150k-1ms-stress-r02","client","latency-client","2026-09-05T16:26:20.013Z","2026-09-05T16:26:30.009Z","True","150000","191",,"188","0","0","4159033",,"150879","205","1",,,,"137","1.6599999999999999"
"150k-1ms-stress-r02","client","latency-client","2026-09-05T16:26:30.009Z","2026-09-05T16:26:40.015Z","True","150000","191",,"188","0","0","4160006",,"150909","220","1",,,,"151","1.6100000000000001"
"150k-1ms-stress-r02","client","latency-client","2026-09-05T16:26:40.015Z","2026-09-05T16:26:50.006Z","True","150000","191",,"188","0","0","4158354",,"150863","203","1",,,,"134","1.6399999999999999"
"150k-1ms-stress-r02","client","latency-client","2026-09-05T16:26:50.006Z","2026-09-05T16:27:00.015Z","True","150000","191",,"188","0","0","4158348",,"150834","223","1",,,,"151","1.48"
"150k-1ms-stress-r02","client","latency-client","2026-09-05T16:27:00.015Z","2026-09-05T16:27:10.013Z","True","150000","191",,"188","0","0","4161689",,"150864","222","1",,,,"151","1.5900000000000001"
"150k-1ms-stress-r02","client","latency-client","2026-09-05T16:27:10.013Z","2026-09-05T16:27:20.004Z","True","150000","191",,"188","0","0","4196176",,"150848","196","1",,,,"126","1.5600000000000001"
"150k-1ms-stress-r02","client","latency-client","2026-09-05T16:27:20.004Z","2026-09-05T16:27:30.005Z","True","150000","191",,"188","0","0","4195456",,"150818","232","1",,,,"165","1.6100000000000001"
"150k-1ms-stress-r02","client","latency-client","2026-09-05T16:27:30.005Z","2026-09-05T16:27:40.009Z","True","150000","191",,"188","0","0","4196300",,"150849","202","1",,,,"136","1.75"
"150k-1ms-stress-r02","client","latency-client","2026-09-05T16:27:40.009Z","2026-09-05T16:27:50.014Z","True","150000","191",,"188","0","0","4195748",,"150833","197","1",,,,"129","1.6799999999999999"
"150k-1ms-stress-r02","client","latency-client","2026-09-05T16:27:50.014Z","2026-09-05T16:28:00.001Z","True","150000","191",,"188","0","0","4197017",,"150879","219","1",,,,"148","1.5"
"150k-1ms-stress-r02","client","latency-client","2026-09-05T16:28:00.001Z","2026-09-05T16:28:10.016Z","True","150000","191",,"188","0","0","4197574",,"150894","220","1",,,,"149","1.7"
"150k-1ms-stress-r02","client","latency-client","2026-09-05T16:28:10.016Z","2026-09-05T16:28:20.015Z","True","150000","191",,"188","0","0","4194205",,"150773","256","1",,,,"186","1.73"
"150k-1ms-stress-r02","client","latency-client","2026-09-05T16:28:20.015Z","2026-09-05T16:28:30.015Z","True","150000","191",,"188","0","0","4198699",,"150939","215","1",,,,"145","1.6100000000000001"
"150k-1ms-stress-r02","client","latency-client","2026-09-05T16:28:30.015Z","2026-09-05T16:28:40.013Z","True","150000","191",,"188","0","0","4195733",,"150833","197","1",,,,"132","1.6399999999999999"
"150k-1ms-stress-r02","client","latency-client","2026-09-05T16:28:40.013Z","2026-09-05T16:28:50.009Z","True","150000","191",,"188","0","0","4197839",,"150909","215","1",,,,"147","1.6799999999999999"
"150k-1ms-stress-r02","client","latency-client","2026-09-05T16:28:50.009Z","2026-09-05T16:29:00.014Z","True","150000","191",,"188","0","0","4197137",,"150879","231","1",,,,"163","1.6100000000000001"
"150k-1ms-stress-r02","client","latency-client","2026-09-05T16:29:00.014Z","2026-09-05T16:29:10.013Z","True","150000","191",,"188","0","0","4194631",,"150788","210","1",,,,"140","1.6699999999999999"
"150k-1ms-stress-r02","client","latency-client","2026-09-05T16:29:10.013Z","2026-09-05T16:29:20.010Z","True","150000","191",,"188","0","0","4197993",,"150909","212","1",,,,"142","1.47"
"150k-1ms-stress-r02","server","latency-server","2026-09-05T16:18:20.013Z","2026-09-05T16:18:30.013Z","False","150000","191",,"188","0","0","221","14",,,"1618762",,"60798","65","121","2.6299999999999999"
"150k-1ms-stress-r02","server","latency-server","2026-09-05T16:18:30.013Z","2026-09-05T16:18:40.014Z","False","150000","191",,"188","0","0","1",,,,"4132032",,"151000","79","127","3.5499999999999998"
"150k-1ms-stress-r02","server","latency-server","2026-09-05T16:18:40.014Z","2026-09-05T16:18:50.004Z","False","150000","191",,"188","0","0","1",,,,"4162526",,"151000","78","146","3.5499999999999998"
"150k-1ms-stress-r02","server","latency-server","2026-09-05T16:18:50.004Z","2026-09-05T16:19:00.005Z","False","150000","191",,"188","0","0","1",,,,"4162515",,"151000","85","152","3.5600000000000001"
"150k-1ms-stress-r02","server","latency-server","2026-09-05T16:19:00.005Z","2026-09-05T16:19:10.014Z","False","150000","191",,"188","0","0","1",,,,"4159883",,"150909","88","110","3.5600000000000001"
"150k-1ms-stress-r02","server","latency-server","2026-09-05T16:19:10.014Z","2026-09-05T16:19:20.002Z","False","150000","191",,"188","0","0","1",,,,"4162110",,"150984","80","158","3.5099999999999998"
"150k-1ms-stress-r02","server","latency-server","2026-09-05T16:19:20.002Z","2026-09-05T16:19:30.015Z","False","150000","191",,"188","0","0","1",,,,"4162939",,"151015","77","117","3.5"
"150k-1ms-stress-r02","server","latency-server","2026-09-05T16:19:30.015Z","2026-09-05T16:19:40.013Z","True","150000","191",,"188","0","0","1",,,,"4159182",,"150879","76","109","3.4700000000000002"
"150k-1ms-stress-r02","server","latency-server","2026-09-05T16:19:40.013Z","2026-09-05T16:19:50.014Z","True","150000","191",,"188","0","0","1",,,,"4159600",,"150894","76","119","3.4700000000000002"
"150k-1ms-stress-r02","server","latency-server","2026-09-05T16:19:50.014Z","2026-09-05T16:20:00.005Z","True","150000","191",,"188","0","0","1",,,,"4158750",,"150863","69","127","3.48"
"150k-1ms-stress-r02","server","latency-server","2026-09-05T16:20:00.005Z","2026-09-05T16:20:10.012Z","True","150000","191",,"188","0","0","1",,,,"4156883",,"150803","58","95","3.46"
"150k-1ms-stress-r02","server","latency-server","2026-09-05T16:20:10.012Z","2026-09-05T16:20:20.011Z","True","150000","191",,"188","0","0","1",,,,"4159186",,"150879","77","123","3.5"
"150k-1ms-stress-r02","server","latency-server","2026-09-05T16:20:20.011Z","2026-09-05T16:20:30.008Z","True","150000","191",,"188","0","0","1",,,,"4160439",,"150924","76","125","3.5299999999999998"
"150k-1ms-stress-r02","server","latency-server","2026-09-05T16:20:30.008Z","2026-09-05T16:20:40.003Z","True","150000","191",,"188","0","0","1",,,,"4159179",,"150887","73","126","3.5"
"150k-1ms-stress-r02","server","latency-server","2026-09-05T16:20:40.003Z","2026-09-05T16:20:50.012Z","True","150000","191",,"188","0","0","1",,,,"4159108",,"150870","59","119","3.3799999999999999"
"150k-1ms-stress-r02","server","latency-server","2026-09-05T16:20:50.012Z","2026-09-05T16:21:00.005Z","True","150000","191",,"188","0","0","1",,,,"4159595",,"150894","72","122","3.52"
"150k-1ms-stress-r02","server","latency-server","2026-09-05T16:21:00.005Z","2026-09-05T16:21:10.000Z","True","150000","191",,"188","0","0","1",,,,"4158750",,"150864","67","131","3.5099999999999998"
"150k-1ms-stress-r02","server","latency-server","2026-09-05T16:21:10.000Z","2026-09-05T16:21:20.005Z","True","150000","191",,"188","0","0","1",,,,"4158758",,"150864","69","109","3.5"
"150k-1ms-stress-r02","server","latency-server","2026-09-05T16:21:20.005Z","2026-09-05T16:21:30.014Z","True","150000","191",,"188","0","0","1",,,,"4159178",,"150879","69","102","3.5099999999999998"
"150k-1ms-stress-r02","server","latency-server","2026-09-05T16:21:30.014Z","2026-09-05T16:21:40.002Z","True","150000","191",,"188","0","0","1",,,,"4159183",,"150879","70","108","3.5099999999999998"
"150k-1ms-stress-r02","server","latency-server","2026-09-05T16:21:40.002Z","2026-09-05T16:21:50.014Z","True","150000","191",,"188","0","0","1",,,,"4157111",,"150803","71","98","3.5099999999999998"
"150k-1ms-stress-r02","server","latency-server","2026-09-05T16:21:50.014Z","2026-09-05T16:22:00.006Z","True","150000","191",,"188","0","0","1",,,,"4159600",,"150894","70","107","3.5"
"150k-1ms-stress-r02","server","latency-server","2026-09-05T16:22:00.006Z","2026-09-05T16:22:10.003Z","True","150000","191",,"188","0","0","1",,,,"4158336",,"150848","68","129","3.52"
"150k-1ms-stress-r02","server","latency-server","2026-09-05T16:22:10.003Z","2026-09-05T16:22:20.000Z","True","150000","191",,"188","0","0","1",,,,"4153345",,"150667","70","120","3.52"
"150k-1ms-stress-r02","server","latency-server","2026-09-05T16:22:20.000Z","2026-09-05T16:22:30.002Z","True","150000","191",,"188","0","0","1",,,,"4159876",,"150909","70","91","3.48"
"150k-1ms-stress-r02","server","latency-server","2026-09-05T16:22:30.002Z","2026-09-05T16:22:40.014Z","True","150000","191",,"188","1","0","1",,,,"4159602",,"150894","71","115","3.52"
"150k-1ms-stress-r02","server","latency-server","2026-09-05T16:22:40.014Z","2026-09-05T16:22:50.008Z","True","150000","191",,"188","0","0","1",,,,"4156681",,"150788","71","121","3.48"
"150k-1ms-stress-r02","server","latency-server","2026-09-05T16:22:50.008Z","2026-09-05T16:23:00.003Z","True","150000","191",,"188","0","0","1",,,,"4159190",,"150879","72","126","3.4399999999999999"
"150k-1ms-stress-r02","server","latency-server","2026-09-05T16:23:00.003Z","2026-09-05T16:23:10.006Z","True","150000","191",,"188","0","0","1",,,,"4159861",,"150909","66","89","3.52"
"150k-1ms-stress-r02","server","latency-server","2026-09-05T16:23:10.006Z","2026-09-05T16:23:20.008Z","True","150000","191",,"188","0","0","1",,,,"4158329",,"150849","66","107","3.5099999999999998"
"150k-1ms-stress-r02","server","latency-server","2026-09-05T16:23:20.008Z","2026-09-05T16:23:30.008Z","True","150000","191",,"188","0","0","1",,,,"4158337",,"150849","67","109","3.4199999999999999"
"150k-1ms-stress-r02","server","latency-server","2026-09-05T16:23:30.008Z","2026-09-05T16:23:40.005Z","True","150000","191",,"188","0","0","1",,,,"4158760",,"150864","69","108","3.5099999999999998"
"150k-1ms-stress-r02","server","latency-server","2026-09-05T16:23:40.005Z","2026-09-05T16:23:50.008Z","True","150000","191",,"188","0","0","1",,,,"4158768",,"150864","70","106","3.52"
"150k-1ms-stress-r02","server","latency-server","2026-09-05T16:23:50.008Z","2026-09-05T16:24:00.006Z","True","150000","191",,"188","0","0","1",,,,"4159882",,"150909","71","2427","3.48"
"150k-1ms-stress-r02","server","latency-server","2026-09-05T16:24:00.006Z","2026-09-05T16:24:10.006Z","True","150000","191",,"188","0","0","1",,,,"4159177",,"150879","70","198","3.4900000000000002"
"150k-1ms-stress-r02","server","latency-server","2026-09-05T16:24:10.006Z","2026-09-05T16:24:20.003Z","True","150000","191",,"188","0","0","1",,,,"4158753",,"150864","67","111","3.52"
"150k-1ms-stress-r02","server","latency-server","2026-09-05T16:24:20.003Z","2026-09-05T16:24:30.001Z","True","150000","191",,"188","0","0","1",,,,"4158622",,"150864","68","91","3.5"
"150k-1ms-stress-r02","server","latency-server","2026-09-05T16:24:30.001Z","2026-09-05T16:24:40.002Z","True","150000","191",,"188","0","0","1",,,,"4157926",,"150833","69","122","3.48"
"150k-1ms-stress-r02","server","latency-server","2026-09-05T16:24:40.002Z","2026-09-05T16:24:50.001Z","True","150000","191",,"188","0","0","1",,,,"4158801",,"150867","71","111","3.5099999999999998"
"150k-1ms-stress-r02","server","latency-server","2026-09-05T16:24:50.001Z","2026-09-05T16:25:00.014Z","True","150000","191",,"188","0","0","1",,,,"4158730",,"150861","68","123","3.5299999999999998"
"150k-1ms-stress-r02","server","latency-server","2026-09-05T16:25:00.014Z","2026-09-05T16:25:10.012Z","True","150000","191",,"188","0","0","1",,,,"4158755",,"150864","68","106","3.5099999999999998"
"150k-1ms-stress-r02","server","latency-server","2026-09-05T16:25:10.012Z","2026-09-05T16:25:20.015Z","True","150000","191",,"188","0","0","1",,,,"4157923",,"150833","67","393","3.52"
"150k-1ms-stress-r02","server","latency-server","2026-09-05T16:25:20.015Z","2026-09-05T16:25:30.010Z","True","150000","191",,"188","0","0","1",,,,"4159879",,"150909","70","115","3.5"
"150k-1ms-stress-r02","server","latency-server","2026-09-05T16:25:30.010Z","2026-09-05T16:25:40.008Z","True","150000","191",,"188","0","0","1",,,,"4159460",,"150894","70","98","3.5"
"150k-1ms-stress-r02","server","latency-server","2026-09-05T16:25:40.008Z","2026-09-05T16:25:50.008Z","True","150000","191",,"188","0","0","1",,,,"4157806",,"150847","71","100","3.5099999999999998"
"150k-1ms-stress-r02","server","latency-server","2026-09-05T16:25:50.008Z","2026-09-05T16:26:00.006Z","True","150000","191",,"188","0","0","1",,,,"4160003",,"150895","70","144","3.5"
"150k-1ms-stress-r02","server","latency-server","2026-09-05T16:26:00.006Z","2026-09-05T16:26:10.010Z","True","150000","191",,"188","0","0","1",,,,"4158347",,"150849","69","125","3.4900000000000002"
"150k-1ms-stress-r02","server","latency-server","2026-09-05T16:26:10.010Z","2026-09-05T16:26:20.013Z","True","150000","191",,"188","0","0","1",,,,"4156952",,"150803","67","94","3.54"
"150k-1ms-stress-r02","server","latency-server","2026-09-05T16:26:20.013Z","2026-09-05T16:26:30.009Z","True","150000","191",,"188","0","0","1",,,,"4159051",,"150889","68","92","3.5099999999999998"
"150k-1ms-stress-r02","server","latency-server","2026-09-05T16:26:30.009Z","2026-09-05T16:26:40.015Z","True","150000","191",,"188","0","0","1",,,,"4159998",,"150905","69","104","3.54"
"150k-1ms-stress-r02","server","latency-server","2026-09-05T16:26:40.015Z","2026-09-05T16:26:50.006Z","True","150000","191",,"188","1","0","1",,,,"4158748",,"150857","69","108","3.48"
"150k-1ms-stress-r02","server","latency-server","2026-09-05T16:26:50.006Z","2026-09-05T16:27:00.015Z","True","150000","191",,"188","0","0","1",,,,"4158360",,"150849","72","106","3.5"
"150k-1ms-stress-r02","server","latency-server","2026-09-05T16:27:00.015Z","2026-09-05T16:27:10.013Z","True","150000","191",,"188","0","0","1",,,,"4161273",,"150848","70","106","3.4900000000000002"
"150k-1ms-stress-r02","server","latency-server","2026-09-05T16:27:10.013Z","2026-09-05T16:27:20.004Z","True","150000","191",,"188","0","0","1",,,,"4196176",,"150848","70","86","3.5"
"150k-1ms-stress-r02","server","latency-server","2026-09-05T16:27:20.004Z","2026-09-05T16:27:30.005Z","True","150000","191",,"188","0","0","1",,,,"4195456",,"150818","67","107","3.5099999999999998"
"150k-1ms-stress-r02","server","latency-server","2026-09-05T16:27:30.005Z","2026-09-05T16:27:40.009Z","True","150000","191",,"188","0","0","1",,,,"4196300",,"150849","66","106","3.5099999999999998"
"150k-1ms-stress-r02","server","latency-server","2026-09-05T16:27:40.009Z","2026-09-05T16:27:50.014Z","True","150000","191",,"188","0","0","1",,,,"4195748",,"150833","68","93","3.3999999999999999"
"150k-1ms-stress-r02","server","latency-server","2026-09-05T16:27:50.014Z","2026-09-05T16:28:00.017Z","True","150000","191",,"188","0","0","1",,,,"4197020",,"150879","72","97","3.5"
"150k-1ms-stress-r02","server","latency-server","2026-09-05T16:28:00.017Z","2026-09-05T16:28:10.016Z","True","150000","191",,"188","0","0","1",,,,"4197571",,"150894","71","103","3.5099999999999998"
"150k-1ms-stress-r02","server","latency-server","2026-09-05T16:28:10.016Z","2026-09-05T16:28:20.015Z","True","150000","191",,"188","0","0","1",,,,"4194205",,"150773","70","142","3.46"
"150k-1ms-stress-r02","server","latency-server","2026-09-05T16:28:20.015Z","2026-09-05T16:28:30.015Z","True","150000","191",,"188","0","0","1",,,,"4198705",,"150947","70","110","3.5"
"150k-1ms-stress-r02","server","latency-server","2026-09-05T16:28:30.015Z","2026-09-05T16:28:40.013Z","True","150000","191",,"188","0","0","1",,,,"4195728",,"150826","66","90","3.4900000000000002"
"150k-1ms-stress-r02","server","latency-server","2026-09-05T16:28:40.013Z","2026-09-05T16:28:50.009Z","True","150000","191",,"188","0","0","1",,,,"4197839",,"150909","67","99","3.5099999999999998"
"150k-1ms-stress-r02","server","latency-server","2026-09-05T16:28:50.009Z","2026-09-05T16:29:00.014Z","True","150000","191",,"188","0","0","1",,,,"4197137",,"150879","68","117","3.48"
"150k-1ms-stress-r02","server","latency-server","2026-09-05T16:29:00.014Z","2026-09-05T16:29:10.013Z","True","150000","191",,"188","0","0","1",,,,"4194637",,"150803","70","110","3.5099999999999998"
"150k-1ms-stress-r02","server","latency-server","2026-09-05T16:29:10.013Z","2026-09-05T16:29:20.010Z","True","150000","191",,"188","0","0","1",,,,"4197986",,"150894","70","110","3.5499999999999998"
"150k-1ms-stress-r03","client","latency-client","2026-09-05T16:54:00.013Z","2026-09-05T16:54:10.013Z","False","150000","191",,"188","0","0","4075521",,"150809","195","228","14",,,"130","2.0800000000000001"
"150k-1ms-stress-r03","client","latency-client","2026-09-05T16:54:10.013Z","2026-09-05T16:54:20.010Z","False","150000","191",,"188","0","0","4162377",,"151000","166","1",,,,"96","0.84999999999999998"
"150k-1ms-stress-r03","client","latency-client","2026-09-05T16:54:20.010Z","2026-09-05T16:54:30.014Z","False","150000","191",,"188","0","0","4162382",,"151000","170","1",,,,"98","0.78000000000000003"
"150k-1ms-stress-r03","client","latency-client","2026-09-05T16:54:30.014Z","2026-09-05T16:54:40.001Z","False","150000","191",,"188","0","0","4160819",,"150939","179","1",,,,"109","0.88"
"150k-1ms-stress-r03","client","latency-client","2026-09-05T16:54:40.001Z","2026-09-05T16:54:50.004Z","False","150000","191",,"188","0","0","4162822",,"151015","209","1",,,,"139","1.03"
"150k-1ms-stress-r03","client","latency-client","2026-09-05T16:54:50.004Z","2026-09-05T16:55:00.014Z","False","150000","191",,"188","0","0","4162490",,"151000","263","1",,,,"191","1.02"
"150k-1ms-stress-r03","client","latency-client","2026-09-05T16:55:00.014Z","2026-09-05T16:55:10.002Z","True","150000","191",,"188","0","0","4159900",,"150913","228","1",,,,"158","1.5900000000000001"
"150k-1ms-stress-r03","client","latency-client","2026-09-05T16:55:10.002Z","2026-09-05T16:55:20.002Z","True","150000","191",,"188","0","0","4157382",,"150814","209","1",,,,"138","1.4299999999999999"
"150k-1ms-stress-r03","client","latency-client","2026-09-05T16:55:20.002Z","2026-09-05T16:55:30.007Z","True","150000","191",,"188","0","0","4157801",,"150833","213","1",,,,"142","1.4199999999999999"
"150k-1ms-stress-r03","client","latency-client","2026-09-05T16:55:30.007Z","2026-09-05T16:55:40.007Z","True","150000","191",,"188","0","0","4157794",,"150833","198","1",,,,"127","1.4099999999999999"
"150k-1ms-stress-r03","client","latency-client","2026-09-05T16:55:40.007Z","2026-09-05T16:55:50.009Z","True","150000","191",,"188","0","0","4159980",,"150909","232","1",,,,"162","1.53"
"150k-1ms-stress-r03","client","latency-client","2026-09-05T16:55:50.009Z","2026-09-05T16:56:00.012Z","True","150000","191",,"188","0","0","4156575",,"150788","216","1",,,,"147","1.6000000000000001"
"150k-1ms-stress-r03","client","latency-client","2026-09-05T16:56:00.012Z","2026-09-05T16:56:10.015Z","True","150000","191",,"188","0","0","4157371",,"150818","207","1",,,,"138","1.5800000000000001"
"150k-1ms-stress-r03","client","latency-client","2026-09-05T16:56:10.015Z","2026-09-05T16:56:20.013Z","True","150000","191",,"188","0","0","4158209",,"150848","203","1",,,,"133","1.55"
"150k-1ms-stress-r03","client","latency-client","2026-09-05T16:56:20.013Z","2026-09-05T16:56:30.003Z","True","150000","191",,"188","0","0","4159453",,"150894","195","1",,,,"126","1.5"
"150k-1ms-stress-r03","client","latency-client","2026-09-05T16:56:30.003Z","2026-09-05T16:56:40.006Z","True","150000","191",,"188","0","0","4159505",,"150909","193","1",,,,"122","1.51"
"150k-1ms-stress-r03","client","latency-client","2026-09-05T16:56:40.006Z","2026-09-05T16:56:50.002Z","True","150000","191",,"188","0","0","4159835",,"150894","197","1",,,,"126","1.49"
"150k-1ms-stress-r03","client","latency-client","2026-09-05T16:56:50.002Z","2026-09-05T16:57:00.014Z","True","150000","191",,"188","0","0","4157066",,"150803","229","1",,,,"160","1.47"
"150k-1ms-stress-r03","client","latency-client","2026-09-05T16:57:00.014Z","2026-09-05T16:57:10.000Z","True","150000","191",,"188","0","0","4159174",,"150879","212","1",,,,"144","1.52"
"150k-1ms-stress-r03","client","latency-client","2026-09-05T16:57:10.000Z","2026-09-05T16:57:20.015Z","True","150000","191",,"188","0","0","4159177",,"150879","218","1",,,,"149","1.6899999999999999"
"150k-1ms-stress-r03","client","latency-client","2026-09-05T16:57:20.015Z","2026-09-05T16:57:30.007Z","True","150000","191",,"188","0","0","4159071",,"150879","217","1",,,,"148","1.6100000000000001"
"150k-1ms-stress-r03","client","latency-client","2026-09-05T16:57:30.007Z","2026-09-05T16:57:40.003Z","True","150000","191",,"188","0","0","4156959",,"150803","207","1",,,,"136","1.6100000000000001"
"150k-1ms-stress-r03","client","latency-client","2026-09-05T16:57:40.003Z","2026-09-05T16:57:50.014Z","True","150000","191",,"188","0","0","4158732",,"150864","218","1",,,,"148","1.5"
"150k-1ms-stress-r03","client","latency-client","2026-09-05T16:57:50.014Z","2026-09-05T16:58:00.008Z","True","150000","191",,"188","0","0","4158243",,"150848","214","1",,,,"144","1.4399999999999999"
"150k-1ms-stress-r03","client","latency-client","2026-09-05T16:58:00.008Z","2026-09-05T16:58:10.008Z","True","150000","191",,"188","0","0","4158631",,"150864","200","1",,,,"128","1.47"
"150k-1ms-stress-r03","client","latency-client","2026-09-05T16:58:10.008Z","2026-09-05T16:58:20.016Z","True","150000","191",,"188","0","0","4156953",,"150803","193","1",,,,"125","1.6200000000000001"
"150k-1ms-stress-r03","client","latency-client","2026-09-05T16:58:20.016Z","2026-09-05T16:58:30.003Z","True","150000","191",,"188","0","0","4158610",,"150863","192","1",,,,"125","1.54"
"150k-1ms-stress-r03","client","latency-client","2026-09-05T16:58:30.003Z","2026-09-05T16:58:40.000Z","True","150000","191",,"188","0","0","4157372",,"150818","207","1",,,,"137","1.6399999999999999"
"150k-1ms-stress-r03","client","latency-client","2026-09-05T16:58:40.000Z","2026-09-05T16:58:50.005Z","True","150000","191",,"188","0","0","4159465",,"150894","217","1",,,,"146","1.3999999999999999"
"150k-1ms-stress-r03","client","latency-client","2026-09-05T16:58:50.005Z","2026-09-05T16:59:00.015Z","True","150000","191",,"188","0","0","4160809",,"150939","205","1",,,,"136","1.54"
"150k-1ms-stress-r03","client","latency-client","2026-09-05T16:59:00.015Z","2026-09-05T16:59:10.005Z","True","150000","191",,"188","0","0","4158767",,"150863","232","1",,,,"163","1.51"
"150k-1ms-stress-r03","client","latency-client","2026-09-05T16:59:10.005Z","2026-09-05T16:59:20.008Z","True","150000","191",,"188","0","0","4156991",,"150803","218","1",,,,"149","1.6100000000000001"
"150k-1ms-stress-r03","client","latency-client","2026-09-05T16:59:20.008Z","2026-09-05T16:59:30.016Z","True","150000","191",,"188","0","0","4158723",,"150864","215","1",,,,"147","1.5900000000000001"
"150k-1ms-stress-r03","client","latency-client","2026-09-05T16:59:30.016Z","2026-09-05T16:59:40.004Z","True","150000","191",,"188","0","0","4157400",,"150818","220","1",,,,"151","1.6100000000000001"
"150k-1ms-stress-r03","client","latency-client","2026-09-05T16:59:40.004Z","2026-09-05T16:59:50.005Z","True","150000","191",,"188","0","0","4159454",,"150894","209","1",,,,"140","1.5700000000000001"
"150k-1ms-stress-r03","client","latency-client","2026-09-05T16:59:50.005Z","2026-09-05T17:00:00.015Z","True","150000","191",,"188","7","0","4158209",,"150849","210","1",,,,"141","1.5600000000000001"
"150k-1ms-stress-r03","client","latency-client","2026-09-05T17:00:00.015Z","2026-09-05T17:00:10.007Z","True","150000","191",,"188","0","0","4158733",,"150863","237","1",,,,"166","1.46"
"150k-1ms-stress-r03","client","latency-client","2026-09-05T17:00:10.007Z","2026-09-05T17:00:20.015Z","True","150000","191",,"188","0","0","4158357",,"150849","226","1",,,,"156","1.5900000000000001"
"150k-1ms-stress-r03","client","latency-client","2026-09-05T17:00:20.015Z","2026-09-05T17:00:30.008Z","True","150000","191",,"188","0","0","4158243",,"150848","219","1",,,,"149","1.4199999999999999"
"150k-1ms-stress-r03","client","latency-client","2026-09-05T17:00:30.008Z","2026-09-05T17:00:40.009Z","True","150000","191",,"188","0","0","4158174",,"150849","212","1",,,,"147","1.6399999999999999"
"150k-1ms-stress-r03","client","latency-client","2026-09-05T17:00:40.009Z","2026-09-05T17:00:50.007Z","True","150000","191",,"188","0","0","4157786",,"150833","215","1",,,,"146","1.6899999999999999"
"150k-1ms-stress-r03","client","latency-client","2026-09-05T17:00:50.007Z","2026-09-05T17:01:00.012Z","True","150000","191",,"188","0","0","4159035",,"150879","205","1",,,,"137","1.5700000000000001"
"150k-1ms-stress-r03","client","latency-client","2026-09-05T17:01:00.012Z","2026-09-05T17:01:10.015Z","True","150000","191",,"188","0","0","4159028",,"150879","204","1",,,,"136","1.74"
"150k-1ms-stress-r03","client","latency-client","2026-09-05T17:01:10.015Z","2026-09-05T17:01:20.002Z","True","150000","191",,"188","0","0","4159044",,"150879","206","1",,,,"135","1.55"
"150k-1ms-stress-r03","client","latency-client","2026-09-05T17:01:20.002Z","2026-09-05T17:01:30.006Z","True","150000","191",,"188","0","0","4156135",,"150773","222","1",,,,"152","1.47"
"150k-1ms-stress-r03","client","latency-client","2026-09-05T17:01:30.006Z","2026-09-05T17:01:40.013Z","True","150000","191",,"188","0","0","4158217",,"150851","212","1",,,,"141","1.48"
"150k-1ms-stress-r03","client","latency-client","2026-09-05T17:01:40.013Z","2026-09-05T17:01:50.015Z","True","150000","191",,"188","0","0","4158625",,"150861","201","1",,,,"131","1.6499999999999999"
"150k-1ms-stress-r03","client","latency-client","2026-09-05T17:01:50.015Z","2026-09-05T17:02:00.006Z","True","150000","191",,"188","0","0","4159139",,"150885","216","1",,,,"148","1.6299999999999999"
"150k-1ms-stress-r03","client","latency-client","2026-09-05T17:02:00.006Z","2026-09-05T17:02:10.005Z","True","150000","191",,"188","0","0","4156268",,"150766","232","1",,,,"162","1.6100000000000001"
"150k-1ms-stress-r03","client","latency-client","2026-09-05T17:02:10.005Z","2026-09-05T17:02:20.009Z","True","150000","191",,"188","0","0","4159069",,"150879","215","1",,,,"147","1.6699999999999999"
"150k-1ms-stress-r03","client","latency-client","2026-09-05T17:02:20.009Z","2026-09-05T17:02:30.014Z","True","150000","191",,"188","0","0","4156123",,"150773","198","1",,,,"129","1.5800000000000001"
"150k-1ms-stress-r03","client","latency-client","2026-09-05T17:02:30.014Z","2026-09-05T17:02:40.003Z","True","150000","191",,"188","0","0","4144146",,"150334","235","1",,,,"163","1.5600000000000001"
"150k-1ms-stress-r03","client","latency-client","2026-09-05T17:02:40.003Z","2026-09-05T17:02:50.005Z","True","150000","191",,"188","0","0","4188796",,"150788","233","1",,,,"162","1.48"
"150k-1ms-stress-r03","client","latency-client","2026-09-05T17:02:50.005Z","2026-09-05T17:03:00.016Z","True","150000","191",,"188","0","0","4197894",,"150909","219","1",,,,"149","1.49"
"150k-1ms-stress-r03","client","latency-client","2026-09-05T17:03:00.016Z","2026-09-05T17:03:10.002Z","True","150000","191",,"188","0","0","4197116",,"150879","222","1",,,,"151","1.46"
"150k-1ms-stress-r03","client","latency-client","2026-09-05T17:03:10.002Z","2026-09-05T17:03:20.006Z","True","150000","191",,"188","0","0","4196315",,"150849","216","1",,,,"146","1.51"
"150k-1ms-stress-r03","client","latency-client","2026-09-05T17:03:20.006Z","2026-09-05T17:03:30.008Z","True","150000","191",,"188","0","0","4195881",,"150833","212","1",,,,"145","1.6000000000000001"
"150k-1ms-stress-r03","client","latency-client","2026-09-05T17:03:30.008Z","2026-09-05T17:03:40.007Z","True","150000","191",,"188","0","0","4196300",,"150848","230","1",,,,"162","1.6899999999999999"
"150k-1ms-stress-r03","client","latency-client","2026-09-05T17:03:40.007Z","2026-09-05T17:03:50.008Z","True","150000","191",,"188","1","0","4194211",,"150773","198","1",,,,"129","1.6399999999999999"
"150k-1ms-stress-r03","client","latency-client","2026-09-05T17:03:50.008Z","2026-09-05T17:04:00.003Z","True","150000","191",,"188","0","0","4198835",,"150939","226","1",,,,"156","1.4299999999999999"
"150k-1ms-stress-r03","client","latency-client","2026-09-05T17:04:00.003Z","2026-09-05T17:04:10.014Z","True","150000","191",,"188","7","0","4194636",,"150788","221","1",,,,"151","1.6499999999999999"
"150k-1ms-stress-r03","client","latency-client","2026-09-05T17:04:10.014Z","2026-09-05T17:04:20.011Z","True","150000","191",,"188","0","0","4196633",,"150864","216","1",,,,"145","1.6200000000000001"
"150k-1ms-stress-r03","client","latency-client","2026-09-05T17:04:20.011Z","2026-09-05T17:04:30.013Z","True","150000","191",,"188","0","0","4197111",,"150879","224","1",,,,"155","1.52"
"150k-1ms-stress-r03","client","latency-client","2026-09-05T17:04:30.013Z","2026-09-05T17:04:40.004Z","True","150000","191",,"188","0","0","4194109",,"150773","206","1",,,,"136","1.6000000000000001"
"150k-1ms-stress-r03","client","latency-client","2026-09-05T17:04:40.004Z","2026-09-05T17:04:50.006Z","True","150000","191",,"188","0","0","4195745",,"150833","207","1",,,,"138","1.5900000000000001"
"150k-1ms-stress-r03","client","latency-client","2026-09-05T17:04:50.006Z","2026-09-05T17:05:00.002Z","False","150000","190",,"188","0","0","3459962",,"124383","200","4",,,,"132","1.6899999999999999"
"150k-1ms-stress-r03","server","latency-server","2026-09-05T16:53:50.015Z","2026-09-05T16:54:00.015Z","False","150000","191",,"188","0","0","263","16",,,"1147738",,"43220","56","94","2.3500000000000001"
"150k-1ms-stress-r03","server","latency-server","2026-09-05T16:54:00.015Z","2026-09-05T16:54:10.013Z","False","150000","191",,"188","0","0","3",,,,"4101651",,"150924","69","103","3.4900000000000002"
"150k-1ms-stress-r03","server","latency-server","2026-09-05T16:54:10.013Z","2026-09-05T16:54:20.010Z","False","150000","191",,"188","0","0","1",,,,"4162377",,"151000","71","94","3.5299999999999998"
"150k-1ms-stress-r03","server","latency-server","2026-09-05T16:54:20.010Z","2026-09-05T16:54:30.014Z","False","150000","191",,"188","0","0","1",,,,"4162382",,"151000","71","101","3.54"
"150k-1ms-stress-r03","server","latency-server","2026-09-05T16:54:30.014Z","2026-09-05T16:54:40.001Z","False","150000","191",,"188","0","0","1",,,,"4161235",,"150954","70","125","3.48"
"150k-1ms-stress-r03","server","latency-server","2026-09-05T16:54:40.001Z","2026-09-05T16:54:50.004Z","False","150000","191",,"188","0","0","1",,,,"4162406",,"151000","71","96","3.5"
"150k-1ms-stress-r03","server","latency-server","2026-09-05T16:54:50.004Z","2026-09-05T16:55:00.014Z","False","150000","191",,"188","0","0","1",,,,"4162490",,"151000","72","148","3.5099999999999998"
"150k-1ms-stress-r03","server","latency-server","2026-09-05T16:55:00.014Z","2026-09-05T16:55:10.002Z","True","150000","191",,"188","0","0","1",,,,"4159900",,"150909","70","117","3.4700000000000002"
"150k-1ms-stress-r03","server","latency-server","2026-09-05T16:55:10.002Z","2026-09-05T16:55:20.002Z","True","150000","191",,"188","0","0","1",,,,"4157390",,"150831","71","93","3.52"
"150k-1ms-stress-r03","server","latency-server","2026-09-05T16:55:20.002Z","2026-09-05T16:55:30.007Z","True","150000","191",,"188","0","0","1",,,,"4157793",,"150821","71","87","3.5"
"150k-1ms-stress-r03","server","latency-server","2026-09-05T16:55:30.007Z","2026-09-05T16:55:40.007Z","True","150000","191",,"188","0","0","1",,,,"4157794",,"150833","70","94","3.5099999999999998"
"150k-1ms-stress-r03","server","latency-server","2026-09-05T16:55:40.007Z","2026-09-05T16:55:50.009Z","True","150000","191",,"188","0","0","1",,,,"4159980",,"150909","70","125","3.48"
"150k-1ms-stress-r03","server","latency-server","2026-09-05T16:55:50.009Z","2026-09-05T16:56:00.012Z","True","150000","191",,"188","0","0","1",,,,"4156596",,"150799","69","96","3.4900000000000002"
"150k-1ms-stress-r03","server","latency-server","2026-09-05T16:56:00.012Z","2026-09-05T16:56:10.015Z","True","150000","191",,"188","0","0","1",,,,"4157350",,"150807","69","92","3.5099999999999998"
"150k-1ms-stress-r03","server","latency-server","2026-09-05T16:56:10.015Z","2026-09-05T16:56:20.012Z","True","150000","191",,"188","0","0","1",,,,"4158625",,"150864","70","96","3.48"
"150k-1ms-stress-r03","server","latency-server","2026-09-05T16:56:20.012Z","2026-09-05T16:56:30.003Z","True","150000","191",,"188","0","0","1",,,,"4159036",,"150879","69","89","3.5600000000000001"
"150k-1ms-stress-r03","server","latency-server","2026-09-05T16:56:30.003Z","2026-09-05T16:56:40.006Z","True","150000","191",,"188","0","0","1",,,,"4159878",,"150909","71","96","3.48"
"150k-1ms-stress-r03","server","latency-server","2026-09-05T16:56:40.006Z","2026-09-05T16:56:50.002Z","True","150000","191",,"188","0","0","1",,,,"4159462",,"150894","72","90","3.5099999999999998"
"150k-1ms-stress-r03","server","latency-server","2026-09-05T16:56:50.002Z","2026-09-05T16:57:00.014Z","True","150000","191",,"188","0","0","1",,,,"4157066",,"150803","69","1981","3.5099999999999998"
"150k-1ms-stress-r03","server","latency-server","2026-09-05T16:57:00.014Z","2026-09-05T16:57:10.016Z","True","150000","191",,"188","0","0","1",,,,"4159177",,"150879","68","707","3.4100000000000001"
"150k-1ms-stress-r03","server","latency-server","2026-09-05T16:57:10.016Z","2026-09-05T16:57:20.015Z","True","150000","191",,"188","0","0","1",,,,"4159174",,"150879","68","111","3.4700000000000002"
"150k-1ms-stress-r03","server","latency-server","2026-09-05T16:57:20.015Z","2026-09-05T16:57:30.007Z","True","150000","191",,"188","0","0","1",,,,"4159071",,"150879","69","99","3.52"
"150k-1ms-stress-r03","server","latency-server","2026-09-05T16:57:30.007Z","2026-09-05T16:57:40.003Z","True","150000","191",,"188","0","0","1",,,,"4156959",,"150803","70","88","3.5"
"150k-1ms-stress-r03","server","latency-server","2026-09-05T16:57:40.003Z","2026-09-05T16:57:50.014Z","True","150000","191",,"188","0","0","1",,,,"4158740",,"150868","69","105","3.4900000000000002"
"150k-1ms-stress-r03","server","latency-server","2026-09-05T16:57:50.014Z","2026-09-05T16:58:00.008Z","True","150000","191",,"188","0","0","1",,,,"4158252",,"150857","70","101","3.5299999999999998"
"150k-1ms-stress-r03","server","latency-server","2026-09-05T16:58:00.008Z","2026-09-05T16:58:10.009Z","True","150000","191",,"188","0","0","1",,,,"4159029",,"150866","72","92","3.5"
"150k-1ms-stress-r03","server","latency-server","2026-09-05T16:58:10.009Z","2026-09-05T16:58:20.000Z","True","150000","191",,"188","0","0","1",,,,"4156946",,"150803","68","82","3.4700000000000002"
"150k-1ms-stress-r03","server","latency-server","2026-09-05T16:58:20.000Z","2026-09-05T16:58:30.003Z","True","150000","191",,"188","0","0","1",,,,"4158220",,"150850","67","90","3.4700000000000002"
"150k-1ms-stress-r03","server","latency-server","2026-09-05T16:58:30.003Z","2026-09-05T16:58:40.016Z","True","150000","191",,"188","0","0","1",,,,"4156941",,"150802","70","95","3.4900000000000002"
"150k-1ms-stress-r03","server","latency-server","2026-09-05T16:58:40.016Z","2026-09-05T16:58:50.005Z","True","150000","191",,"188","0","0","1",,,,"4159879",,"150909","71","94","3.5699999999999998"
"150k-1ms-stress-r03","server","latency-server","2026-09-05T16:58:50.005Z","2026-09-05T16:59:00.015Z","True","150000","191",,"188","0","0","1",,,,"4160809",,"150939","68","104","3.5"
"150k-1ms-stress-r03","server","latency-server","2026-09-05T16:59:00.015Z","2026-09-05T16:59:10.005Z","True","150000","191",,"188","0","0","1",,,,"4159183",,"150879","70","108","3.48"
"150k-1ms-stress-r03","server","latency-server","2026-09-05T16:59:10.005Z","2026-09-05T16:59:20.008Z","True","150000","191",,"188","0","0","1",,,,"4156576",,"150788","69","97","3.48"
"150k-1ms-stress-r03","server","latency-server","2026-09-05T16:59:20.008Z","2026-09-05T16:59:30.016Z","True","150000","191",,"188","0","0","1",,,,"4158723",,"150864","68","104","3.48"
"150k-1ms-stress-r03","server","latency-server","2026-09-05T16:59:30.016Z","2026-09-05T16:59:40.004Z","True","150000","191",,"188","0","0","1",,,,"4157400",,"150818","69","101","3.54"
"150k-1ms-stress-r03","server","latency-server","2026-09-05T16:59:40.004Z","2026-09-05T16:59:50.005Z","True","150000","191",,"188","0","0","1",,,,"4159454",,"150894","69","96","3.5299999999999998"
"150k-1ms-stress-r03","server","latency-server","2026-09-05T16:59:50.005Z","2026-09-05T17:00:00.015Z","True","150000","191",,"188","0","0","1",,,,"4158209",,"150849","69","113","3.46"
"150k-1ms-stress-r03","server","latency-server","2026-09-05T17:00:00.015Z","2026-09-05T17:00:10.007Z","True","150000","191",,"188","0","0","1",,,,"4158733",,"150863","71","135","3.48"
"150k-1ms-stress-r03","server","latency-server","2026-09-05T17:00:10.007Z","2026-09-05T17:00:20.015Z","True","150000","191",,"188","0","0","1",,,,"4158357",,"150849","70","111","3.4900000000000002"
"150k-1ms-stress-r03","server","latency-server","2026-09-05T17:00:20.015Z","2026-09-05T17:00:30.008Z","True","150000","191",,"188","0","0","1",,,,"4158243",,"150848","70","102","3.5600000000000001"
"150k-1ms-stress-r03","server","latency-server","2026-09-05T17:00:30.008Z","2026-09-05T17:00:40.009Z","True","150000","191",,"188","0","0","1",,,,"4158174",,"150849","65","97","3.4900000000000002"
"150k-1ms-stress-r03","server","latency-server","2026-09-05T17:00:40.009Z","2026-09-05T17:00:50.007Z","True","150000","191",,"188","0","0","1",,,,"4157786",,"150833","69","91","3.4900000000000002"
"150k-1ms-stress-r03","server","latency-server","2026-09-05T17:00:50.007Z","2026-09-05T17:01:00.012Z","True","150000","191",,"188","0","0","1",,,,"4159035",,"150879","68","96","3.5"
"150k-1ms-stress-r03","server","latency-server","2026-09-05T17:01:00.012Z","2026-09-05T17:01:10.015Z","True","150000","191",,"188","0","0","1",,,,"4159028",,"150879","68","90","3.4700000000000002"
"150k-1ms-stress-r03","server","latency-server","2026-09-05T17:01:10.015Z","2026-09-05T17:01:20.006Z","True","150000","191",,"188","0","0","1",,,,"4157814",,"150839","71","95","3.4900000000000002"
"150k-1ms-stress-r03","server","latency-server","2026-09-05T17:01:20.006Z","2026-09-05T17:01:30.006Z","True","150000","191",,"188","0","0","1",,,,"4157778",,"150828","70","97","3.48"
"150k-1ms-stress-r03","server","latency-server","2026-09-05T17:01:30.006Z","2026-09-05T17:01:40.013Z","True","150000","191",,"188","1","0","1",,,,"4158217",,"150849","71","95","3.46"
"150k-1ms-stress-r03","server","latency-server","2026-09-05T17:01:40.013Z","2026-09-05T17:01:50.015Z","True","150000","191",,"188","0","0","1",,,,"4158223",,"150854","70","86","3.4700000000000002"
"150k-1ms-stress-r03","server","latency-server","2026-09-05T17:01:50.015Z","2026-09-05T17:02:00.006Z","True","150000","191",,"188","0","0","1",,,,"4159542",,"150889","68","104","3.48"
"150k-1ms-stress-r03","server","latency-server","2026-09-05T17:02:00.006Z","2026-09-05T17:02:10.005Z","True","150000","191",,"188","0","0","1",,,,"4155852",,"150758","70","105","3.4900000000000002"
"150k-1ms-stress-r03","server","latency-server","2026-09-05T17:02:10.005Z","2026-09-05T17:02:20.009Z","True","150000","191",,"188","0","0","1",,,,"4159069",,"150879","68","105","3.46"
"150k-1ms-stress-r03","server","latency-server","2026-09-05T17:02:20.009Z","2026-09-05T17:02:30.014Z","True","150000","191",,"188","0","0","1",,,,"4156123",,"150773","68","96","3.4900000000000002"
"150k-1ms-stress-r03","server","latency-server","2026-09-05T17:02:30.014Z","2026-09-05T17:02:40.003Z","True","150000","191",,"188","0","0","1",,,,"4144146",,"150334","72","128","3.46"
"150k-1ms-stress-r03","server","latency-server","2026-09-05T17:02:40.003Z","2026-09-05T17:02:50.001Z","True","150000","191",,"188","0","0","1",,,,"4190472",,"150848","71","133","3.48"
"150k-1ms-stress-r03","server","latency-server","2026-09-05T17:02:50.001Z","2026-09-05T17:03:00.016Z","True","150000","191",,"188","0","0","1",,,,"4196217",,"150849","70","109","3.5"
"150k-1ms-stress-r03","server","latency-server","2026-09-05T17:03:00.016Z","2026-09-05T17:03:10.002Z","True","150000","191",,"188","0","0","1",,,,"4197116",,"150879","71","107","3.5499999999999998"
"150k-1ms-stress-r03","server","latency-server","2026-09-05T17:03:10.002Z","2026-09-05T17:03:20.006Z","True","150000","191",,"188","0","0","1",,,,"4196315",,"150849","70","103","3.4700000000000002"
"150k-1ms-stress-r03","server","latency-server","2026-09-05T17:03:20.006Z","2026-09-05T17:03:30.008Z","True","150000","191",,"188","0","0","1",,,,"4195881",,"150833","67","109","3.4900000000000002"
"150k-1ms-stress-r03","server","latency-server","2026-09-05T17:03:30.008Z","2026-09-05T17:03:40.007Z","True","150000","191",,"188","0","0","1",,,,"4196300",,"150848","68","106","3.52"
"150k-1ms-stress-r03","server","latency-server","2026-09-05T17:03:40.007Z","2026-09-05T17:03:50.003Z","True","150000","191",,"188","0","0","1",,,,"4195890",,"150833","69","104","3.48"
"150k-1ms-stress-r03","server","latency-server","2026-09-05T17:03:50.003Z","2026-09-05T17:04:00.009Z","True","150000","191",,"188","0","0","1",,,,"4195058",,"150803","71","105","3.4900000000000002"
"150k-1ms-stress-r03","server","latency-server","2026-09-05T17:04:00.009Z","2026-09-05T17:04:10.014Z","True","150000","191",,"188","0","0","1",,,,"4196733",,"150864","70","113","3.52"
"150k-1ms-stress-r03","server","latency-server","2026-09-05T17:04:10.014Z","2026-09-05T17:04:20.011Z","True","150000","191",,"188","0","0","1",,,,"4196633",,"150864","71","102","3.48"
"150k-1ms-stress-r03","server","latency-server","2026-09-05T17:04:20.011Z","2026-09-05T17:04:30.013Z","True","150000","191",,"188","0","0","1",,,,"4197111",,"150879","69","2666","3.4900000000000002"
"150k-1ms-stress-r03","server","latency-server","2026-09-05T17:04:30.013Z","2026-09-05T17:04:40.004Z","True","150000","191",,"188","0","0","1",,,,"4194109",,"150773","71","1081","3.48"
"150k-1ms-stress-r03","server","latency-server","2026-09-05T17:04:40.004Z","2026-09-05T17:04:50.006Z","True","150000","191",,"188","0","0","1",,,,"4195745",,"150833","69","99","3.52"
"150k-1ms-stress-r03","server","latency-server","2026-09-05T17:04:50.006Z","2026-09-05T17:05:00.002Z","False","150000","190",,"188","0","0","4",,,,"3459962",,"124383","68","94","2.8799999999999999"
"150k-1s-r01","client","latency-client","2026-09-05T15:07:20.007Z","2026-09-05T15:07:30.007Z","False","150000","187501",,"187500","0","0","4157313",,"147172","65387","197741","17947",,,"58099","2.2599999999999998"
"150k-1s-r01","client","latency-client","2026-09-05T15:07:30.007Z","2026-09-05T15:07:40.005Z","False","150000","187501",,"187500","0","0","4242396",,"150031","4817","1",,,,"4625","0.79000000000000004"
"150k-1s-r01","client","latency-client","2026-09-05T15:07:40.005Z","2026-09-05T15:07:50.015Z","False","150000","187501",,"187500","0","0","4237312",,"149851","5399","1",,,,"5194","0.80000000000000004"
"150k-1s-r01","client","latency-client","2026-09-05T15:07:50.015Z","2026-09-05T15:08:00.001Z","False","150000","187501",,"187500","0","0","4281324",,"150211","5594","1",,,,"5406","0.75"
"150k-1s-r01","client","latency-client","2026-09-05T15:08:00.001Z","2026-09-05T15:08:10.003Z","False","150000","187501",,"187500","0","0","4278230",,"149971","3915","1",,,,"3700","0.68999999999999995"
"150k-1s-r01","client","latency-client","2026-09-05T15:08:10.003Z","2026-09-05T15:08:20.011Z","False","150000","187501",,"187500","0","0","4275665",,"149881","3405","1",,,,"3216","0.68999999999999995"
"150k-1s-r01","client","latency-client","2026-09-05T15:08:20.011Z","2026-09-05T15:08:30.001Z","False","150000","187501",,"187500","0","0","4362272",,"150151","6136","1",,,,"5959","0.79000000000000004"
"150k-1s-r01","client","latency-client","2026-09-05T15:08:30.001Z","2026-09-05T15:08:40.001Z","True","150000","187501",,"187500","0","0","4391691",,"150001","6934","1",,,,"6747","0.87"
"150k-1s-r01","client","latency-client","2026-09-05T15:08:40.001Z","2026-09-05T15:08:50.008Z","True","150000","187501",,"187500","0","0","4388619",,"149896","7567","1",,,,"7385","0.84999999999999998"
"150k-1s-r01","client","latency-client","2026-09-05T15:08:50.008Z","2026-09-05T15:09:00.013Z","True","150000","187501",,"187500","0","0","4389496",,"149926","7546","1",,,,"7368","0.87"
"150k-1s-r01","client","latency-client","2026-09-05T15:09:00.013Z","2026-09-05T15:09:10.013Z","True","150000","187501",,"187500","0","0","4391691",,"150001","6636","1",,,,"6441","0.90000000000000002"
"150k-1s-r01","client","latency-client","2026-09-05T15:09:10.013Z","2026-09-05T15:09:20.011Z","True","150000","187501",,"187500","0","0","4392569",,"150031","7452","1",,,,"7252","0.89000000000000001"
"150k-1s-r01","client","latency-client","2026-09-05T15:09:20.011Z","2026-09-05T15:09:30.008Z","True","150000","187501",,"187500","0","0","4393009",,"150046","7595","1",,,,"7414","0.87"
"150k-1s-r01","client","latency-client","2026-09-05T15:09:30.008Z","2026-09-05T15:09:40.005Z","True","150000","187501",,"187500","0","0","4393008",,"150046","7716","1",,,,"7536","0.87"
"150k-1s-r01","client","latency-client","2026-09-05T15:09:40.005Z","2026-09-05T15:09:50.002Z","True","150000","187501",,"187500","0","0","4393008",,"150046","9086","1",,,,"8899","0.90000000000000002"
"150k-1s-r01","client","latency-client","2026-09-05T15:09:50.002Z","2026-09-05T15:10:00.010Z","True","150000","187501",,"187500","0","0","4388180",,"149881","9671","1",,,,"9494","0.90000000000000002"
"150k-1s-r01","client","latency-client","2026-09-05T15:10:00.010Z","2026-09-05T15:10:10.001Z","True","150000","187501",,"187500","0","0","4395647",,"150136","8606","1",,,,"8422","0.87"
"150k-1s-r01","client","latency-client","2026-09-05T15:10:10.001Z","2026-09-05T15:10:20.014Z","True","150000","187501",,"187500","0","0","4385989",,"149806","9983","1",,,,"9791","0.89000000000000001"
"150k-1s-r01","client","latency-client","2026-09-05T15:10:20.014Z","2026-09-05T15:10:30.005Z","True","150000","187501",,"187500","0","0","4395647",,"150136","11197","1",,,,"11027","0.82999999999999996"
"150k-1s-r01","client","latency-client","2026-09-05T15:10:30.005Z","2026-09-05T15:10:40.009Z","True","150000","187501",,"187500","0","0","4389935",,"149941","8887","1",,,,"8706","0.87"
"150k-1s-r01","client","latency-client","2026-09-05T15:10:40.009Z","2026-09-05T15:10:50.012Z","True","150000","187501",,"187500","0","0","4390373",,"149956","9575","1",,,,"9389","0.88"
"150k-1s-r01","client","latency-client","2026-09-05T15:10:50.012Z","2026-09-05T15:11:00.003Z","True","150000","187501",,"187500","0","0","4395647",,"150136","9298","1",,,,"9114","0.87"
"150k-1s-r01","client","latency-client","2026-09-05T15:11:00.003Z","2026-09-05T15:11:10.002Z","True","150000","187501",,"187500","0","0","4392130",,"150016","8202","1",,,,"8019","0.81000000000000005"
"150k-1s-r01","client","latency-client","2026-09-05T15:11:10.002Z","2026-09-05T15:11:20.007Z","True","150000","187501",,"187500","0","0","4389496",,"149926","7718","1",,,,"7528","0.87"
"150k-1s-r01","client","latency-client","2026-09-05T15:11:20.007Z","2026-09-05T15:11:30.004Z","True","150000","187501",,"187500","0","0","4393008",,"150046","6205","1",,,,"6026","0.87"
"150k-1s-r01","client","latency-client","2026-09-05T15:11:30.004Z","2026-09-05T15:11:40.004Z","True","150000","187501",,"187500","0","0","4391691",,"150001","9824","1",,,,"9645","0.88"
"150k-1s-r01","client","latency-client","2026-09-05T15:11:40.004Z","2026-09-05T15:11:50.013Z","True","150000","187501",,"187500","0","0","4387742",,"149866","13970","1",,,,"13769","1.03"
"150k-1s-r01","client","latency-client","2026-09-05T15:11:50.013Z","2026-09-05T15:12:00.013Z","True","150000","187501",,"187500","0","0","4391691",,"150001","10325","1",,,,"10149","1.0600000000000001"
"150k-1s-r01","client","latency-client","2026-09-05T15:12:00.013Z","2026-09-05T15:12:10.014Z","True","150000","187501",,"187500","0","0","4391251",,"149986","11995","1",,,,"11821","0.91000000000000003"
"150k-1s-r01","client","latency-client","2026-09-05T15:12:10.014Z","2026-09-05T15:12:20.004Z","True","150000","187501",,"187500","0","0","4396087",,"150151","10858","1",,,,"10665","0.95999999999999996"
"150k-1s-r01","client","latency-client","2026-09-05T15:12:20.004Z","2026-09-05T15:12:30.003Z","True","150000","187501",,"187500","0","0","4392130",,"150016","11413","1",,,,"11232","0.87"
"150k-1s-r01","client","latency-client","2026-09-05T15:12:30.003Z","2026-09-05T15:12:40.011Z","True","150000","187501",,"187500","0","0","4388180",,"149881","9197","1",,,,"9010","0.85999999999999999"
"150k-1s-r01","client","latency-client","2026-09-05T15:12:40.011Z","2026-09-05T15:12:50.007Z","True","150000","187501",,"187500","0","0","4393585",,"150061","37046","1",,,,"36864","0.90000000000000002"
"150k-1s-r01","client","latency-client","2026-09-05T15:12:50.007Z","2026-09-05T15:13:00.002Z","True","150000","187501",,"187500","0","0","4393888",,"150076","10772","1",,,,"10587","0.90000000000000002"
"150k-1s-r01","client","latency-client","2026-09-05T15:13:00.002Z","2026-09-05T15:13:10.012Z","True","150000","187501",,"187500","0","0","4387303",,"149851","8935","1",,,,"8759","0.88"
"150k-1s-r01","client","latency-client","2026-09-05T15:13:10.012Z","2026-09-05T15:13:20.011Z","True","150000","187501",,"187500","0","0","4392130",,"150016","10926","1",,,,"10740","0.93000000000000005"
"150k-1s-r01","client","latency-client","2026-09-05T15:13:20.011Z","2026-09-05T15:13:30.005Z","True","150000","187501",,"187500","0","0","4394327",,"150091","10718","1",,,,"10530","0.92000000000000004"
"150k-1s-r01","client","latency-client","2026-09-05T15:13:30.005Z","2026-09-05T15:13:40.003Z","True","150000","187501",,"187500","0","0","4392569",,"150031","11681","1",,,,"11509","0.87"
"150k-1s-r01","client","latency-client","2026-09-05T15:13:40.003Z","2026-09-05T15:13:50.011Z","True","150000","187501",,"187500","0","0","4388180",,"149881","10768","1",,,,"10592","0.90000000000000002"
"150k-1s-r01","client","latency-client","2026-09-05T15:13:50.011Z","2026-09-05T15:14:00.008Z","True","150000","187501",,"187500","0","0","4393009",,"150046","13652","1",,,,"13474","0.90000000000000002"
"150k-1s-r01","client","latency-client","2026-09-05T15:14:00.008Z","2026-09-05T15:14:10.015Z","True","150000","187501",,"187500","0","0","4388619",,"149896","11380","1",,,,"11205","0.81000000000000005"
"150k-1s-r01","client","latency-client","2026-09-05T15:14:10.015Z","2026-09-05T15:14:20.007Z","True","150000","187501",,"187500","0","0","4395207",,"150121","12450","1",,,,"12232","1.01"
"150k-1s-r01","client","latency-client","2026-09-05T15:14:20.007Z","2026-09-05T15:14:30.003Z","True","150000","187501",,"187500","0","0","4393448",,"150061","16717","1",,,,"16497","1.25"
"150k-1s-r01","client","latency-client","2026-09-05T15:14:30.003Z","2026-09-05T15:14:40.008Z","True","150000","187501",,"187500","0","0","4389496",,"149926","14806","1",,,,"14585","1.27"
"150k-1s-r01","client","latency-client","2026-09-05T15:14:40.008Z","2026-09-05T15:14:50.010Z","True","150000","187501",,"187500","0","0","4390813",,"149971","12858","1",,,,"12630","1.1399999999999999"
"150k-1s-r01","client","latency-client","2026-09-05T15:14:50.010Z","2026-09-05T15:15:00.009Z","True","150000","187501",,"187500","0","0","4392130",,"150016","13878","1",,,,"13654","1.0700000000000001"
"150k-1s-r01","client","latency-client","2026-09-05T15:15:00.009Z","2026-09-05T15:15:10.002Z","True","150000","187501",,"187500","0","0","4394767",,"150106","13636","1",,,,"13403","1.05"
"150k-1s-r01","client","latency-client","2026-09-05T15:15:10.002Z","2026-09-05T15:15:20.011Z","True","150000","187501",,"187500","0","0","4387742",,"149866","16041","1",,,,"15793","1.1799999999999999"
"150k-1s-r01","client","latency-client","2026-09-05T15:15:20.011Z","2026-09-05T15:15:30.005Z","True","150000","187501",,"187500","0","0","4394327",,"150091","12661","1",,,,"12430","1.1699999999999999"
"150k-1s-r01","client","latency-client","2026-09-05T15:15:30.005Z","2026-09-05T15:15:40.008Z","True","150000","187501",,"187500","0","0","4390374",,"149956","14678","1",,,,"14437","1.1399999999999999"
"150k-1s-r01","client","latency-client","2026-09-05T15:15:40.008Z","2026-09-05T15:15:50.008Z","True","150000","187501",,"187500","0","0","4391691",,"150001","16593","1",,,,"16363","1.1699999999999999"
"150k-1s-r01","client","latency-client","2026-09-05T15:15:50.008Z","2026-09-05T15:16:00.011Z","True","150000","187501",,"187500","0","0","4390374",,"149956","14936","1",,,,"14710","1.1000000000000001"
"150k-1s-r01","client","latency-client","2026-09-05T15:16:00.011Z","2026-09-05T15:16:10.004Z","True","150000","187501",,"187500","0","0","4394767",,"150106","18430","1",,,,"18194","1.1799999999999999"
"150k-1s-r01","client","latency-client","2026-09-05T15:16:10.004Z","2026-09-05T15:16:20.014Z","True","150000","187501",,"187500","0","0","4387303",,"149851","14367","1",,,,"14138","1.1000000000000001"
"150k-1s-r01","client","latency-client","2026-09-05T15:16:20.014Z","2026-09-05T15:16:30.002Z","True","150000","187501",,"187500","0","0","4396967",,"150181","15719","1",,,,"15505","1.22"
"150k-1s-r01","client","latency-client","2026-09-05T15:16:30.002Z","2026-09-05T15:16:40.014Z","True","150000","187501",,"187500","0","0","4386427",,"149821","17872","1",,,,"17642","1.1699999999999999"
"150k-1s-r01","client","latency-client","2026-09-05T15:16:40.014Z","2026-09-05T15:16:50.011Z","True","150000","187501",,"187500","0","0","4393009",,"150046","15481","1",,,,"15242","1.27"
"150k-1s-r01","client","latency-client","2026-09-05T15:16:50.011Z","2026-09-05T15:17:00.016Z","True","150000","187501",,"187500","0","0","4389496",,"149926","15473","1",,,,"15254","1.1499999999999999"
"150k-1s-r01","client","latency-client","2026-09-05T15:17:00.016Z","2026-09-05T15:17:10.013Z","True","150000","187501",,"187500","0","0","4393008",,"150046","14712","1",,,,"14485","1.22"
"150k-1s-r01","client","latency-client","2026-09-05T15:17:10.013Z","2026-09-05T15:17:20.011Z","True","150000","187501",,"187500","0","0","4392569",,"150031","16431","1",,,,"16183","1.21"
"150k-1s-r01","client","latency-client","2026-09-05T15:17:20.011Z","2026-09-05T15:17:30.008Z","True","150000","187501",,"187500","0","0","4393009",,"150046","13851","1",,,,"13604","1.1100000000000001"
"150k-1s-r01","client","latency-client","2026-09-05T15:17:30.008Z","2026-09-05T15:17:40.013Z","True","150000","187501",,"187500","0","0","4389496",,"149926","17468","1",,,,"17231","1.1699999999999999"
"150k-1s-r01","client","latency-client","2026-09-05T15:17:40.013Z","2026-09-05T15:17:50.002Z","True","150000","187501",,"187500","0","0","4396527",,"150166","14075","1",,,,"13834","1.1399999999999999"
"150k-1s-r01","client","latency-client","2026-09-05T15:17:50.002Z","2026-09-05T15:18:00.002Z","True","150000","187501",,"187500","0","0","4391691",,"150001","15678","1",,,,"15450","1.1699999999999999"
"150k-1s-r01","client","latency-client","2026-09-05T15:18:00.002Z","2026-09-05T15:18:10.012Z","True","150000","187501",,"187500","0","0","4387303",,"149851","17169","1",,,,"16944","1.1399999999999999"
"150k-1s-r01","client","latency-client","2026-09-05T15:18:10.012Z","2026-09-05T15:18:20.010Z","True","150000","187501",,"187500","0","0","4392569",,"150031","15308","1",,,,"15078","1.1399999999999999"
"150k-1s-r01","server","latency-server","2026-09-05T15:07:10.002Z","2026-09-05T15:07:20.002Z","False","150000","145722",,"0","0","0","188764","17129",,,"43",,,,"24166","2.0099999999999998"
"150k-1s-r01","server","latency-server","2026-09-05T15:07:20.002Z","2026-09-05T15:07:30.007Z","False","150000","187501",,"187500","0","0","45391","4122",,,"4340937",,"153674","203","60696","1.1499999999999999"
"150k-1s-r01","server","latency-server","2026-09-05T15:07:30.007Z","2026-09-05T15:07:40.005Z","False","150000","187501",,"187500","0","0","1",,,,"4242396",,"150031","192","7925","1.1299999999999999"
"150k-1s-r01","server","latency-server","2026-09-05T15:07:40.005Z","2026-09-05T15:07:50.015Z","False","150000","187501",,"187500","0","0","1",,,,"4237312",,"149851","205","10167","1.1100000000000001"
"150k-1s-r01","server","latency-server","2026-09-05T15:07:50.015Z","2026-09-05T15:08:00.001Z","False","150000","187501",,"187500","0","0","1",,,,"4281324",,"150211","187","8923","1.0900000000000001"
"150k-1s-r01","server","latency-server","2026-09-05T15:08:00.001Z","2026-09-05T15:08:10.003Z","False","150000","187501",,"187500","0","0","1",,,,"4278230",,"149971","214","8907","1.0700000000000001"
"150k-1s-r01","server","latency-server","2026-09-05T15:08:10.003Z","2026-09-05T15:08:20.011Z","False","150000","187501",,"187500","0","0","1",,,,"4275665",,"149881","189","4901","1.04"
"150k-1s-r01","server","latency-server","2026-09-05T15:08:20.011Z","2026-09-05T15:08:30.001Z","False","150000","187501",,"187500","0","0","1",,,,"4362272",,"150151","176","19691","1.04"
"150k-1s-r01","server","latency-server","2026-09-05T15:08:30.001Z","2026-09-05T15:08:40.001Z","True","150000","187501",,"187500","0","0","1",,,,"4391691",,"150001","186","8591","0.97999999999999998"
"150k-1s-r01","server","latency-server","2026-09-05T15:08:40.001Z","2026-09-05T15:08:50.008Z","True","150000","187501",,"187500","0","0","1",,,,"4388619",,"149896","182","9543","1.02"
"150k-1s-r01","server","latency-server","2026-09-05T15:08:50.008Z","2026-09-05T15:09:00.013Z","True","150000","187501",,"187500","0","0","1",,,,"4389496",,"149926","179","9404","1.01"
"150k-1s-r01","server","latency-server","2026-09-05T15:09:00.013Z","2026-09-05T15:09:10.013Z","True","150000","187501",,"187500","0","0","1",,,,"4391691",,"150001","195","5326","0.96999999999999997"
"150k-1s-r01","server","latency-server","2026-09-05T15:09:10.013Z","2026-09-05T15:09:20.011Z","True","150000","187501",,"187500","0","0","1",,,,"4392569",,"150031","200","10249","1.03"
"150k-1s-r01","server","latency-server","2026-09-05T15:09:20.011Z","2026-09-05T15:09:30.007Z","True","150000","187501",,"187500","0","0","1",,,,"4393448",,"150061","180","8382","1.03"
"150k-1s-r01","server","latency-server","2026-09-05T15:09:30.007Z","2026-09-05T15:09:40.005Z","True","150000","187501",,"187500","0","0","1",,,,"4392569",,"150031","180","17153","1.02"
"150k-1s-r01","server","latency-server","2026-09-05T15:09:40.005Z","2026-09-05T15:09:50.002Z","True","150000","187501",,"187500","0","0","1",,,,"4393008",,"150046","186","11650","1.04"
"150k-1s-r01","server","latency-server","2026-09-05T15:09:50.002Z","2026-09-05T15:10:00.010Z","True","150000","187501",,"187500","0","0","1",,,,"4388180",,"149881","176","16791","1.02"
"150k-1s-r01","server","latency-server","2026-09-05T15:10:00.010Z","2026-09-05T15:10:10.001Z","True","150000","187501",,"187500","0","0","1",,,,"4395647",,"150136","184","8294","1"
"150k-1s-r01","server","latency-server","2026-09-05T15:10:10.001Z","2026-09-05T15:10:20.014Z","True","150000","187501",,"187500","0","0","1",,,,"4385989",,"149806","191","11191","1.05"
"150k-1s-r01","server","latency-server","2026-09-05T15:10:20.014Z","2026-09-05T15:10:30.005Z","True","150000","187501",,"187500","0","0","1",,,,"4395647",,"150136","169","9146","1.01"
"150k-1s-r01","server","latency-server","2026-09-05T15:10:30.005Z","2026-09-05T15:10:40.009Z","True","150000","187501",,"187500","0","0","1",,,,"4389935",,"149941","180","11497","1.02"
"150k-1s-r01","server","latency-server","2026-09-05T15:10:40.009Z","2026-09-05T15:10:50.012Z","True","150000","187501",,"187500","0","0","1",,,,"4390373",,"149956","186","11420","1.03"
"150k-1s-r01","server","latency-server","2026-09-05T15:10:50.012Z","2026-09-05T15:11:00.003Z","True","150000","187501",,"187500","0","0","1",,,,"4395647",,"150136","184","24221","1.04"
"150k-1s-r01","server","latency-server","2026-09-05T15:11:00.003Z","2026-09-05T15:11:10.002Z","True","150000","187501",,"187500","0","0","1",,,,"4392130",,"150016","183","12936","1"
"150k-1s-r01","server","latency-server","2026-09-05T15:11:10.002Z","2026-09-05T15:11:20.007Z","True","150000","187501",,"187500","0","0","1",,,,"4389496",,"149926","190","15953","1.01"
"150k-1s-r01","server","latency-server","2026-09-05T15:11:20.007Z","2026-09-05T15:11:30.004Z","True","150000","187501",,"187500","0","0","1",,,,"4393008",,"150046","179","14900","1"
"150k-1s-r01","server","latency-server","2026-09-05T15:11:30.004Z","2026-09-05T15:11:40.004Z","True","150000","187501",,"187500","0","0","1",,,,"4391691",,"150001","179","14603","0.97999999999999998"
"150k-1s-r01","server","latency-server","2026-09-05T15:11:40.004Z","2026-09-05T15:11:50.013Z","True","150000","187501",,"187500","0","0","1",,,,"4387742",,"149866","201","13109","1.0900000000000001"
"150k-1s-r01","server","latency-server","2026-09-05T15:11:50.013Z","2026-09-05T15:12:00.013Z","True","150000","187501",,"187500","0","0","1",,,,"4391691",,"150001","175","23957","1"
"150k-1s-r01","server","latency-server","2026-09-05T15:12:00.013Z","2026-09-05T15:12:10.014Z","True","150000","187501",,"187500","0","0","1",,,,"4391251",,"149986","173","6433","1.04"
"150k-1s-r01","server","latency-server","2026-09-05T15:12:10.014Z","2026-09-05T15:12:20.004Z","True","150000","187501",,"187500","0","0","1",,,,"4396087",,"150151","192","7099","1"
"150k-1s-r01","server","latency-server","2026-09-05T15:12:20.004Z","2026-09-05T15:12:30.003Z","True","150000","187501",,"187500","0","0","1",,,,"4392130",,"150016","181","15482","1.02"
"150k-1s-r01","server","latency-server","2026-09-05T15:12:30.003Z","2026-09-05T15:12:40.011Z","True","150000","187501",,"187500","0","0","1",,,,"4388180",,"149881","186","15952","1.01"
"150k-1s-r01","server","latency-server","2026-09-05T15:12:40.011Z","2026-09-05T15:12:50.007Z","True","150000","187501",,"187500","0","0","1",,,,"4393585",,"150061","182","30986","1.03"
"150k-1s-r01","server","latency-server","2026-09-05T15:12:50.007Z","2026-09-05T15:13:00.002Z","True","150000","187501",,"187500","0","0","1",,,,"4393888",,"150076","184","26955","0.97999999999999998"
"150k-1s-r01","server","latency-server","2026-09-05T15:13:00.002Z","2026-09-05T15:13:10.012Z","True","150000","187501",,"187500","0","0","1",,,,"4387303",,"149851","176","14865","1.01"
"150k-1s-r01","server","latency-server","2026-09-05T15:13:10.012Z","2026-09-05T15:13:20.011Z","True","150000","187501",,"187500","0","0","1",,,,"4392130",,"150016","186","9448","1.03"
"150k-1s-r01","server","latency-server","2026-09-05T15:13:20.011Z","2026-09-05T15:13:30.005Z","True","150000","187501",,"187500","0","0","1",,,,"4394327",,"150091","188","7365","1"
"150k-1s-r01","server","latency-server","2026-09-05T15:13:30.005Z","2026-09-05T15:13:40.003Z","True","150000","187501",,"187500","0","0","1",,,,"4392569",,"150031","172","11776","0.97999999999999998"
"150k-1s-r01","server","latency-server","2026-09-05T15:13:40.003Z","2026-09-05T15:13:50.011Z","True","150000","187501",,"187500","0","0","1",,,,"4388180",,"149881","176","9842","1.02"
"150k-1s-r01","server","latency-server","2026-09-05T15:13:50.011Z","2026-09-05T15:14:00.008Z","True","150000","187501",,"187500","0","0","1",,,,"4393009",,"150046","179","8489","1.03"
"150k-1s-r01","server","latency-server","2026-09-05T15:14:00.008Z","2026-09-05T15:14:10.015Z","True","150000","187501",,"187500","0","0","1",,,,"4388619",,"149896","175","17216","0.98999999999999999"
"150k-1s-r01","server","latency-server","2026-09-05T15:14:10.015Z","2026-09-05T15:14:20.007Z","True","150000","187501",,"187500","0","0","1",,,,"4395207",,"150121","218","17304","1.1399999999999999"
"150k-1s-r01","server","latency-server","2026-09-05T15:14:20.007Z","2026-09-05T15:14:30.003Z","True","150000","187501",,"187500","0","0","1",,,,"4393448",,"150061","219","25510","1.2"
"150k-1s-r01","server","latency-server","2026-09-05T15:14:30.003Z","2026-09-05T15:14:40.008Z","True","150000","187501",,"187500","0","0","1",,,,"4389496",,"149926","221","17622","1.1699999999999999"
"150k-1s-r01","server","latency-server","2026-09-05T15:14:40.008Z","2026-09-05T15:14:50.010Z","True","150000","187501",,"187500","0","0","1",,,,"4390813",,"149971","228","13240","1.2"
"150k-1s-r01","server","latency-server","2026-09-05T15:14:50.010Z","2026-09-05T15:15:00.009Z","True","150000","187501",,"187500","0","0","1",,,,"4392130",,"150016","224","3594","1.1899999999999999"
"150k-1s-r01","server","latency-server","2026-09-05T15:15:00.009Z","2026-09-05T15:15:10.002Z","True","150000","187501",,"187500","0","0","1",,,,"4394767",,"150106","234","2615","1.1699999999999999"
"150k-1s-r01","server","latency-server","2026-09-05T15:15:10.002Z","2026-09-05T15:15:20.011Z","True","150000","187501",,"187500","0","0","1",,,,"4387742",,"149866","248","18259","1.25"
"150k-1s-r01","server","latency-server","2026-09-05T15:15:20.011Z","2026-09-05T15:15:30.005Z","True","150000","187501",,"187500","0","0","1",,,,"4394327",,"150091","231","23752","1.24"
"150k-1s-r01","server","latency-server","2026-09-05T15:15:30.005Z","2026-09-05T15:15:40.008Z","True","150000","187501",,"187500","0","0","1",,,,"4390374",,"149956","241","19642","1.24"
"150k-1s-r01","server","latency-server","2026-09-05T15:15:40.008Z","2026-09-05T15:15:50.008Z","True","150000","187501",,"187500","0","0","1",,,,"4391691",,"150001","230","3350","1.22"
"150k-1s-r01","server","latency-server","2026-09-05T15:15:50.008Z","2026-09-05T15:16:00.011Z","True","150000","187501",,"187500","0","0","1",,,,"4390374",,"149956","226","21012","1.2"
"150k-1s-r01","server","latency-server","2026-09-05T15:16:00.011Z","2026-09-05T15:16:10.004Z","True","150000","187501",,"187500","0","0","1",,,,"4394767",,"150106","236","15568","1.23"
"150k-1s-r01","server","latency-server","2026-09-05T15:16:10.004Z","2026-09-05T15:16:20.014Z","True","150000","187501",,"187500","0","0","1",,,,"4387303",,"149851","229","5755","1.1899999999999999"
"150k-1s-r01","server","latency-server","2026-09-05T15:16:20.014Z","2026-09-05T15:16:30.002Z","True","150000","187501",,"187500","0","0","1",,,,"4396967",,"150181","214","10909","1.1899999999999999"
"150k-1s-r01","server","latency-server","2026-09-05T15:16:30.002Z","2026-09-05T15:16:40.014Z","True","150000","187501",,"187500","0","0","1",,,,"4386427",,"149821","230","7919","1.26"
"150k-1s-r01","server","latency-server","2026-09-05T15:16:40.014Z","2026-09-05T15:16:50.011Z","True","150000","187501",,"187500","0","0","1",,,,"4393009",,"150046","239","6886","1.26"
"150k-1s-r01","server","latency-server","2026-09-05T15:16:50.011Z","2026-09-05T15:17:00.016Z","True","150000","187501",,"187500","0","0","1",,,,"4389496",,"149926","219","21626","1.2"
"150k-1s-r01","server","latency-server","2026-09-05T15:17:00.016Z","2026-09-05T15:17:10.013Z","True","150000","187501",,"187500","0","0","1",,,,"4393008",,"150046","227","19492","1.22"
"150k-1s-r01","server","latency-server","2026-09-05T15:17:10.013Z","2026-09-05T15:17:20.011Z","True","150000","187501",,"187500","0","0","1",,,,"4392569",,"150031","249","22627","1.28"
"150k-1s-r01","server","latency-server","2026-09-05T15:17:20.011Z","2026-09-05T15:17:30.008Z","True","150000","187501",,"187500","0","0","1",,,,"4393009",,"150046","247","23333","1.24"
"150k-1s-r01","server","latency-server","2026-09-05T15:17:30.008Z","2026-09-05T15:17:40.013Z","True","150000","187501",,"187500","0","0","1",,,,"4389496",,"149926","237","30990","1.1799999999999999"
"150k-1s-r01","server","latency-server","2026-09-05T15:17:40.013Z","2026-09-05T15:17:50.002Z","True","150000","187501",,"187500","0","0","1",,,,"4396527",,"150166","241","5807","1.27"
"150k-1s-r01","server","latency-server","2026-09-05T15:17:50.002Z","2026-09-05T15:18:00.002Z","True","150000","187501",,"187500","0","0","1",,,,"4391691",,"150001","228","23691","1.1799999999999999"
"150k-1s-r01","server","latency-server","2026-09-05T15:18:00.002Z","2026-09-05T15:18:10.012Z","True","150000","187501",,"187500","0","0","1",,,,"4387303",,"149851","225","14911","1.2"
"150k-1s-r01","server","latency-server","2026-09-05T15:18:10.012Z","2026-09-05T15:18:20.010Z","True","150000","187501",,"187500","0","0","1",,,,"4392569",,"150031","230","26220","1.25"
"150k-1s-r02","client","latency-client","2026-09-05T16:30:20.010Z","2026-09-05T16:30:30.010Z","False","150000","187501",,"187500","0","0","4116712",,"145701","54704","151442","13745",,,"49772","2.0699999999999998"
"150k-1s-r02","client","latency-client","2026-09-05T16:30:30.010Z","2026-09-05T16:30:40.013Z","False","150000","187501",,"187500","0","0","4239853",,"149941","6361","1",,,,"6129","0.88"
"150k-1s-r02","client","latency-client","2026-09-05T16:30:40.013Z","2026-09-05T16:30:50.013Z","False","150000","187501",,"187500","0","0","4249056",,"150001","7045","1",,,,"6828","0.92000000000000004"
"150k-1s-r02","client","latency-client","2026-09-05T16:30:50.013Z","2026-09-05T16:31:00.009Z","False","150000","187501",,"187500","0","0","4280798",,"150061","6424","1",,,,"6212","0.85999999999999999"
"150k-1s-r02","client","latency-client","2026-09-05T16:31:00.009Z","2026-09-05T16:31:10.008Z","False","150000","187501",,"187500","0","0","4279514",,"150016","6285","1",,,,"6054","0.85999999999999999"
"150k-1s-r02","client","latency-client","2026-09-05T16:31:10.008Z","2026-09-05T16:31:20.001Z","False","150000","187501",,"187500","0","0","4282083",,"150106","7446","1",,,,"7226","0.90000000000000002"
"150k-1s-r02","client","latency-client","2026-09-05T16:31:20.001Z","2026-09-05T16:31:30.004Z","True","150000","187501",,"187500","0","0","4390332",,"149956","7525","1",,,,"7298","0.98999999999999999"
"150k-1s-r02","client","latency-client","2026-09-05T16:31:30.004Z","2026-09-05T16:31:40.015Z","True","150000","187501",,"187500","0","0","4386728",,"149836","8459","1",,,,"8250","1"
"150k-1s-r02","client","latency-client","2026-09-05T16:31:40.015Z","2026-09-05T16:31:50.005Z","True","150000","187501",,"187500","0","0","4395950",,"150151","7801","1",,,,"7576","0.95999999999999996"
"150k-1s-r02","client","latency-client","2026-09-05T16:31:50.005Z","2026-09-05T16:32:00.011Z","True","150000","187501",,"187500","0","0","4388920",,"149911","7573","1",,,,"7354","1.1200000000000001"
"150k-1s-r02","client","latency-client","2026-09-05T16:32:00.011Z","2026-09-05T16:32:10.000Z","True","150000","187501",,"187500","0","0","4396390",,"150166","8183","1",,,,"7977","1.0600000000000001"
"150k-1s-r02","client","latency-client","2026-09-05T16:32:10.000Z","2026-09-05T16:32:20.007Z","True","150000","187501",,"187500","0","0","4388482",,"149896","8744","1",,,,"8534","1.0800000000000001"
"150k-1s-r02","client","latency-client","2026-09-05T16:32:20.007Z","2026-09-05T16:32:30.015Z","True","150000","187501",,"187500","0","0","4388043",,"149881","7422","1",,,,"7189","1.3700000000000001"
"150k-1s-r02","client","latency-client","2026-09-05T16:32:30.015Z","2026-09-05T16:32:40.002Z","True","150000","187501",,"187500","0","0","4397270",,"150196","7579","1",,,,"7350","0.96999999999999997"
"150k-1s-r02","client","latency-client","2026-09-05T16:32:40.002Z","2026-09-05T16:32:50.006Z","True","150000","187501",,"187500","0","0","4389798",,"149941","7573","1",,,,"7344","1.0800000000000001"
"150k-1s-r02","client","latency-client","2026-09-05T16:32:50.006Z","2026-09-05T16:33:00.007Z","True","150000","187501",,"187500","0","0","4391114",,"149986","8591","1",,,,"8381","1.23"
"150k-1s-r02","client","latency-client","2026-09-05T16:33:00.007Z","2026-09-05T16:33:10.003Z","True","150000","187501",,"187500","0","0","4393750",,"150076","7323","1",,,,"7114","1.03"
"150k-1s-r02","client","latency-client","2026-09-05T16:33:10.003Z","2026-09-05T16:33:20.014Z","True","150000","187501",,"187500","0","0","4386290",,"149821","8715","1",,,,"8498","1.1299999999999999"
"150k-1s-r02","client","latency-client","2026-09-05T16:33:20.014Z","2026-09-05T16:33:30.007Z","True","150000","187501",,"187500","0","0","4394630",,"150106","7853","1",,,,"7642","1.22"
"150k-1s-r02","client","latency-client","2026-09-05T16:33:30.007Z","2026-09-05T16:33:40.005Z","True","150000","187501",,"187500","0","0","4392432",,"150031","7979","1",,,,"7751","0.96999999999999997"
"150k-1s-r02","client","latency-client","2026-09-05T16:33:40.005Z","2026-09-05T16:33:50.011Z","True","150000","187501",,"187500","0","0","4389030",,"149911","7974","1",,,,"7751","1.03"
"150k-1s-r02","client","latency-client","2026-09-05T16:33:50.011Z","2026-09-05T16:34:00.010Z","True","150000","187501",,"187500","0","0","4392130",,"150016","8040","1",,,,"7836","1.1599999999999999"
"150k-1s-r02","client","latency-client","2026-09-05T16:34:00.010Z","2026-09-05T16:34:10.007Z","True","150000","187501",,"187500","0","0","4393009",,"150046","8643","1",,,,"8422","1.03"
"150k-1s-r02","client","latency-client","2026-09-05T16:34:10.007Z","2026-09-05T16:34:20.001Z","True","150000","187501",,"187500","0","0","4394327",,"150091","8919","1",,,,"8713","1.0700000000000001"
"150k-1s-r02","client","latency-client","2026-09-05T16:34:20.001Z","2026-09-05T16:34:30.007Z","True","150000","187501",,"187500","0","0","4389057",,"149911","9185","1",,,,"8984","1.0600000000000001"
"150k-1s-r02","client","latency-client","2026-09-05T16:34:30.007Z","2026-09-05T16:34:40.006Z","True","150000","187501",,"187500","0","0","4392130",,"150016","7220","1",,,,"7016","1.1100000000000001"
"150k-1s-r02","client","latency-client","2026-09-05T16:34:40.006Z","2026-09-05T16:34:50.010Z","True","150000","187501",,"187500","0","0","4389935",,"149941","8800","1",,,,"8586","1.23"
"150k-1s-r02","client","latency-client","2026-09-05T16:34:50.010Z","2026-09-05T16:35:00.013Z","True","150000","187501",,"187500","0","0","4390374",,"149956","9155","1",,,,"8942","1.1100000000000001"
"150k-1s-r02","client","latency-client","2026-09-05T16:35:00.013Z","2026-09-05T16:35:10.008Z","True","150000","187501",,"187500","0","0","4393888",,"150076","7773","1",,,,"7559","1.04"
"150k-1s-r02","client","latency-client","2026-09-05T16:35:10.008Z","2026-09-05T16:35:20.004Z","True","150000","187501",,"187500","0","0","4393448",,"150061","9734","1",,,,"9518","1.0900000000000001"
"150k-1s-r02","client","latency-client","2026-09-05T16:35:20.004Z","2026-09-05T16:35:30.007Z","True","150000","187501",,"187500","0","0","4390373",,"149956","10109","1",,,,"9912","1.04"
"150k-1s-r02","client","latency-client","2026-09-05T16:35:30.007Z","2026-09-05T16:35:40.007Z","True","150000","187501",,"187500","0","0","4391691",,"150001","9573","1",,,,"9361","1.05"
"150k-1s-r02","client","latency-client","2026-09-05T16:35:40.007Z","2026-09-05T16:35:50.012Z","True","150000","187501",,"187500","0","0","4389496",,"149926","9623","1",,,,"9409","1.0700000000000001"
"150k-1s-r02","client","latency-client","2026-09-05T16:35:50.012Z","2026-09-05T16:36:00.015Z","True","150000","187501",,"187500","0","0","4390374",,"149956","9293","1",,,,"9074","1.1599999999999999"
"150k-1s-r02","client","latency-client","2026-09-05T16:36:00.015Z","2026-09-05T16:36:10.011Z","True","150000","187501",,"187500","0","0","4393448",,"150061","9224","1",,,,"9010","1.0800000000000001"
"150k-1s-r02","client","latency-client","2026-09-05T16:36:10.011Z","2026-09-05T16:36:20.009Z","True","150000","187501",,"187500","0","0","4392569",,"150031","7386","1",,,,"7145","1.04"
"150k-1s-r02","client","latency-client","2026-09-05T16:36:20.009Z","2026-09-05T16:36:30.003Z","True","150000","187501",,"187500","0","0","4394327",,"150091","10536","1",,,,"10334","1.2"
"150k-1s-r02","client","latency-client","2026-09-05T16:36:30.003Z","2026-09-05T16:36:40.015Z","True","150000","187501",,"187500","0","0","4386427",,"149821","10411","1",,,,"10195","1.04"
"150k-1s-r02","client","latency-client","2026-09-05T16:36:40.015Z","2026-09-05T16:36:50.006Z","True","150000","187501",,"187500","0","0","4395647",,"150136","11144","1",,,,"10909","1.04"
"150k-1s-r02","client","latency-client","2026-09-05T16:36:50.006Z","2026-09-05T16:37:00.011Z","True","150000","187501",,"187500","0","0","4389496",,"149926","10846","1",,,,"10642","1.23"
"150k-1s-r02","client","latency-client","2026-09-05T16:37:00.011Z","2026-09-05T16:37:10.008Z","True","150000","187501",,"187500","0","0","4393009",,"150046","9795","1",,,,"9585","1.03"
"150k-1s-r02","client","latency-client","2026-09-05T16:37:10.008Z","2026-09-05T16:37:20.015Z","True","150000","187501",,"187500","0","0","4388660",,"149896","19192","1",,,,"18976","1.04"
"150k-1s-r02","client","latency-client","2026-09-05T16:37:20.015Z","2026-09-05T16:37:30.012Z","True","150000","187501",,"187500","0","0","4393104",,"150046","30745","1",,,,"30542","1.27"
"150k-1s-r02","client","latency-client","2026-09-05T16:37:30.012Z","2026-09-05T16:37:40.007Z","True","150000","187501",,"187500","0","0","4393887",,"150076","10166","1",,,,"9965","1.24"
"150k-1s-r02","client","latency-client","2026-09-05T16:37:40.007Z","2026-09-05T16:37:50.003Z","True","150000","187501",,"187500","0","0","4393448",,"150061","10148","1",,,,"9925","1.0700000000000001"
"150k-1s-r02","client","latency-client","2026-09-05T16:37:50.003Z","2026-09-05T16:38:00.006Z","True","150000","187501",,"187500","0","0","4390373",,"149956","10680","1",,,,"10481","1.21"
"150k-1s-r02","client","latency-client","2026-09-05T16:38:00.006Z","2026-09-05T16:38:10.006Z","True","150000","187501",,"187500","0","0","4391691",,"150001","9827","1",,,,"9616","1.0600000000000001"
"150k-1s-r02","client","latency-client","2026-09-05T16:38:10.006Z","2026-09-05T16:38:20.001Z","True","150000","187501",,"187500","0","0","4393888",,"150076","10663","1",,,,"10442","1.0700000000000001"
"150k-1s-r02","client","latency-client","2026-09-05T16:38:20.001Z","2026-09-05T16:38:30.008Z","True","150000","187501",,"187500","0","0","4388656",,"149896","25154","1",,,,"24926","1.21"
"150k-1s-r02","client","latency-client","2026-09-05T16:38:30.008Z","2026-09-05T16:38:40.010Z","True","150000","187501",,"187500","0","0","4390909",,"149971","51044","1",,,,"50832","1.0900000000000001"
"150k-1s-r02","client","latency-client","2026-09-05T16:38:40.010Z","2026-09-05T16:38:50.004Z","True","150000","187501",,"187500","0","0","4394327",,"150091","10596","1",,,,"10387","1.0700000000000001"
"150k-1s-r02","client","latency-client","2026-09-05T16:38:50.004Z","2026-09-05T16:39:00.014Z","True","150000","187501",,"187500","0","0","4387303",,"149851","9254","1",,,,"9041","0.97999999999999998"
"150k-1s-r02","client","latency-client","2026-09-05T16:39:00.014Z","2026-09-05T16:39:10.014Z","True","150000","187501",,"187500","0","0","4391730",,"150001","13115","1",,,,"12902","1.05"
"150k-1s-r02","client","latency-client","2026-09-05T16:39:10.014Z","2026-09-05T16:39:20.012Z","True","150000","187501",,"187500","0","0","4392670",,"150031","17717","1",,,,"17500","1.1200000000000001"
"150k-1s-r02","client","latency-client","2026-09-05T16:39:20.012Z","2026-09-05T16:39:30.001Z","True","150000","187501",,"187500","0","0","4396527",,"150166","12230","1",,,,"11990","1.0700000000000001"
"150k-1s-r02","client","latency-client","2026-09-05T16:39:30.001Z","2026-09-05T16:39:40.007Z","True","150000","187501",,"187500","0","0","4389057",,"149911","13559","1",,,,"13333","1.01"
"150k-1s-r02","client","latency-client","2026-09-05T16:39:40.007Z","2026-09-05T16:39:50.013Z","True","150000","187501",,"187500","0","0","4389057",,"149911","13819","1",,,,"13607","1.1100000000000001"
"150k-1s-r02","client","latency-client","2026-09-05T16:39:50.013Z","2026-09-05T16:40:00.014Z","True","150000","187501",,"187500","0","0","4391251",,"149986","12210","1",,,,"11998","1.04"
"150k-1s-r02","client","latency-client","2026-09-05T16:40:00.014Z","2026-09-05T16:40:10.009Z","True","150000","187501",,"187500","0","0","4393888",,"150076","13052","1",,,,"12833","0.98999999999999999"
"150k-1s-r02","client","latency-client","2026-09-05T16:40:10.009Z","2026-09-05T16:40:20.004Z","True","150000","187501",,"187500","0","0","4393888",,"150076","15323","1",,,,"15109","1.0900000000000001"
"150k-1s-r02","client","latency-client","2026-09-05T16:40:20.004Z","2026-09-05T16:40:30.003Z","True","150000","187501",,"187500","0","0","4392130",,"150016","13588","1",,,,"13371","1.1399999999999999"
"150k-1s-r02","client","latency-client","2026-09-05T16:40:30.003Z","2026-09-05T16:40:40.017Z","True","150000","187501",,"187500","0","0","4385551",,"149791","13913","1",,,,"13697","1.1699999999999999"
"150k-1s-r02","client","latency-client","2026-09-05T16:40:40.017Z","2026-09-05T16:40:50.014Z","True","150000","187501",,"187500","0","0","4393009",,"150046","13861","1",,,,"13639","1.1200000000000001"
"150k-1s-r02","client","latency-client","2026-09-05T16:40:50.014Z","2026-09-05T16:41:00.013Z","True","150000","187501",,"187500","0","0","4392130",,"150016","14791","1",,,,"14584","1.1100000000000001"
"150k-1s-r02","client","latency-client","2026-09-05T16:41:00.013Z","2026-09-05T16:41:10.004Z","True","150000","187501",,"187500","0","0","4395647",,"150136","11848","1",,,,"11610","1.0700000000000001"
"150k-1s-r02","client","latency-client","2026-09-05T16:41:10.004Z","2026-09-05T16:41:20.014Z","False","150000","187500",,"187500","0","0","3509843",,"119880","13231","5",,,,"13009","1.6399999999999999"
"150k-1s-r02","server","latency-server","2026-09-05T16:30:10.015Z","2026-09-05T16:30:20.015Z","False","150000","187501",,"187500","0","0","163047","14798",,,"1084425",,"38476","223","53151","1.78"
"150k-1s-r02","server","latency-server","2026-09-05T16:30:20.015Z","2026-09-05T16:30:30.009Z","False","150000","187501",,"187500","0","0","1",,,,"4243762",,"150076","241","46476","1.1299999999999999"
"150k-1s-r02","server","latency-server","2026-09-05T16:30:30.009Z","2026-09-05T16:30:40.013Z","False","150000","187501",,"187500","0","0","1",,,,"4239853",,"149941","231","8273","1.23"
"150k-1s-r02","server","latency-server","2026-09-05T16:30:40.013Z","2026-09-05T16:30:50.013Z","False","150000","187501",,"187500","0","0","1",,,,"4249056",,"150001","216","10187","1.1399999999999999"
"150k-1s-r02","server","latency-server","2026-09-05T16:30:50.013Z","2026-09-05T16:31:00.009Z","False","150000","187501",,"187500","0","0","1",,,,"4280798",,"150061","212","8574","1.1399999999999999"
"150k-1s-r02","server","latency-server","2026-09-05T16:31:00.009Z","2026-09-05T16:31:10.008Z","False","150000","187501",,"187500","0","0","1",,,,"4279514",,"150016","231","7802","1.1799999999999999"
"150k-1s-r02","server","latency-server","2026-09-05T16:31:10.008Z","2026-09-05T16:31:20.001Z","False","150000","187501",,"187500","0","0","1",,,,"4282083",,"150106","220","9157","1.2"
"150k-1s-r02","server","latency-server","2026-09-05T16:31:20.001Z","2026-09-05T16:31:30.004Z","True","150000","187501",,"187500","0","0","1",,,,"4390332",,"149956","226","9889","1.1699999999999999"
"150k-1s-r02","server","latency-server","2026-09-05T16:31:30.004Z","2026-09-05T16:31:40.018Z","True","150000","187501",,"187500","0","0","1",,,,"4385852",,"149806","208","10330","1.1499999999999999"
"150k-1s-r02","server","latency-server","2026-09-05T16:31:40.018Z","2026-09-05T16:31:50.005Z","True","150000","187501",,"187500","0","0","1",,,,"4396830",,"150181","225","10859","1.1599999999999999"
"150k-1s-r02","server","latency-server","2026-09-05T16:31:50.005Z","2026-09-05T16:32:00.011Z","True","150000","187501",,"187500","0","0","1",,,,"4388920",,"149911","219","11074","1.1599999999999999"
"150k-1s-r02","server","latency-server","2026-09-05T16:32:00.011Z","2026-09-05T16:32:10.015Z","True","150000","187501",,"187500","0","0","1",,,,"4389798",,"149941","205","9376","1.1899999999999999"
"150k-1s-r02","server","latency-server","2026-09-05T16:32:10.015Z","2026-09-05T16:32:20.007Z","True","150000","187501",,"187500","0","0","1",,,,"4395070",,"150121","210","8220","1.1799999999999999"
"150k-1s-r02","server","latency-server","2026-09-05T16:32:20.007Z","2026-09-05T16:32:30.015Z","True","150000","187501",,"187500","0","0","1",,,,"4388043",,"149881","233","9543","1.1599999999999999"
"150k-1s-r02","server","latency-server","2026-09-05T16:32:30.015Z","2026-09-05T16:32:40.002Z","True","150000","187501",,"187500","0","0","1",,,,"4397270",,"150196","229","7940","1.1899999999999999"
"150k-1s-r02","server","latency-server","2026-09-05T16:32:40.002Z","2026-09-05T16:32:50.006Z","True","150000","187501",,"187500","0","0","1",,,,"4389798",,"149941","229","7043","1.1599999999999999"
"150k-1s-r02","server","latency-server","2026-09-05T16:32:50.006Z","2026-09-05T16:33:00.007Z","True","150000","187501",,"187500","0","0","1",,,,"4391114",,"149986","210","11442","1.1799999999999999"
"150k-1s-r02","server","latency-server","2026-09-05T16:33:00.007Z","2026-09-05T16:33:10.002Z","True","150000","187501",,"187500","0","0","1",,,,"4393750",,"150076","208","9964","1.1699999999999999"
"150k-1s-r02","server","latency-server","2026-09-05T16:33:10.002Z","2026-09-05T16:33:20.014Z","True","150000","187501",,"187500","0","0","1",,,,"4386290",,"149821","217","8924","1.1599999999999999"
"150k-1s-r02","server","latency-server","2026-09-05T16:33:20.014Z","2026-09-05T16:33:30.007Z","True","150000","187501",,"187500","0","0","1",,,,"4394630",,"150106","212","10993","1.1299999999999999"
"150k-1s-r02","server","latency-server","2026-09-05T16:33:30.007Z","2026-09-05T16:33:40.005Z","True","150000","187501",,"187500","0","0","1",,,,"4392432",,"150031","229","10960","1.1299999999999999"
"150k-1s-r02","server","latency-server","2026-09-05T16:33:40.005Z","2026-09-05T16:33:50.011Z","True","150000","187501",,"187500","0","0","1",,,,"4389030",,"149911","223","15768","1.22"
"150k-1s-r02","server","latency-server","2026-09-05T16:33:50.011Z","2026-09-05T16:34:00.010Z","True","150000","187501",,"187500","0","0","1",,,,"4392130",,"150016","204","19500","1.0900000000000001"
"150k-1s-r02","server","latency-server","2026-09-05T16:34:00.010Z","2026-09-05T16:34:10.007Z","True","150000","187501",,"187500","0","0","1",,,,"4393009",,"150046","221","7050","1.1699999999999999"
"150k-1s-r02","server","latency-server","2026-09-05T16:34:10.007Z","2026-09-05T16:34:20.001Z","True","150000","187501",,"187500","0","0","1",,,,"4394327",,"150091","206","11753","1.1599999999999999"
"150k-1s-r02","server","latency-server","2026-09-05T16:34:20.001Z","2026-09-05T16:34:30.007Z","True","150000","187501",,"187500","0","0","1",,,,"4389057",,"149911","202","11974","1.0700000000000001"
"150k-1s-r02","server","latency-server","2026-09-05T16:34:30.007Z","2026-09-05T16:34:40.006Z","True","150000","187501",,"187500","0","0","1",,,,"4392130",,"150016","205","8890","1.1599999999999999"
"150k-1s-r02","server","latency-server","2026-09-05T16:34:40.006Z","2026-09-05T16:34:50.010Z","True","150000","187501",,"187500","0","0","1",,,,"4389935",,"149941","213","4789","1.1799999999999999"
"150k-1s-r02","server","latency-server","2026-09-05T16:34:50.010Z","2026-09-05T16:35:00.013Z","True","150000","187501",,"187500","0","0","1",,,,"4390374",,"149956","213","6961","1.1200000000000001"
"150k-1s-r02","server","latency-server","2026-09-05T16:35:00.013Z","2026-09-05T16:35:10.008Z","True","150000","187501",,"187500","0","0","1",,,,"4393888",,"150076","214","11276","1.1799999999999999"
"150k-1s-r02","server","latency-server","2026-09-05T16:35:10.008Z","2026-09-05T16:35:20.007Z","True","150000","187501",,"187500","0","0","1",,,,"4392130",,"150016","216","11095","1.1799999999999999"
"150k-1s-r02","server","latency-server","2026-09-05T16:35:20.007Z","2026-09-05T16:35:30.007Z","True","150000","187501",,"187500","0","0","1",,,,"4391691",,"150001","197","12058","1"
"150k-1s-r02","server","latency-server","2026-09-05T16:35:30.007Z","2026-09-05T16:35:40.007Z","True","150000","187501",,"187500","0","0","1",,,,"4391691",,"150001","212","10775","1.1499999999999999"
"150k-1s-r02","server","latency-server","2026-09-05T16:35:40.007Z","2026-09-05T16:35:50.012Z","True","150000","187501",,"187500","0","0","1",,,,"4389496",,"149926","214","10848","1.1799999999999999"
"150k-1s-r02","server","latency-server","2026-09-05T16:35:50.012Z","2026-09-05T16:36:00.015Z","True","150000","187501",,"187500","0","0","1",,,,"4390374",,"149956","219","11108","1.1399999999999999"
"150k-1s-r02","server","latency-server","2026-09-05T16:36:00.015Z","2026-09-05T16:36:10.011Z","True","150000","187501",,"187500","0","0","1",,,,"4393448",,"150061","214","10456","1.1000000000000001"
"150k-1s-r02","server","latency-server","2026-09-05T16:36:10.011Z","2026-09-05T16:36:20.009Z","True","150000","187501",,"187500","0","0","1",,,,"4392569",,"150031","241","8806","1.1699999999999999"
"150k-1s-r02","server","latency-server","2026-09-05T16:36:20.009Z","2026-09-05T16:36:30.003Z","True","150000","187501",,"187500","0","0","1",,,,"4394327",,"150091","201","7317","1.1499999999999999"
"150k-1s-r02","server","latency-server","2026-09-05T16:36:30.003Z","2026-09-05T16:36:40.015Z","True","150000","187501",,"187500","0","0","1",,,,"4386427",,"149821","215","11160","1.0700000000000001"
"150k-1s-r02","server","latency-server","2026-09-05T16:36:40.015Z","2026-09-05T16:36:50.006Z","True","150000","187501",,"187500","0","0","1",,,,"4395647",,"150136","235","11126","1.1899999999999999"
"150k-1s-r02","server","latency-server","2026-09-05T16:36:50.006Z","2026-09-05T16:37:00.010Z","True","150000","187501",,"187500","0","0","1",,,,"4389935",,"149941","204","10405","1.1100000000000001"
"150k-1s-r02","server","latency-server","2026-09-05T16:37:00.010Z","2026-09-05T16:37:10.008Z","True","150000","187501",,"187500","0","0","1",,,,"4392569",,"150031","210","10957","1.1200000000000001"
"150k-1s-r02","server","latency-server","2026-09-05T16:37:10.008Z","2026-09-05T16:37:20.015Z","True","150000","187501",,"187500","0","0","1",,,,"4388660",,"149896","216","19633","1.1599999999999999"
"150k-1s-r02","server","latency-server","2026-09-05T16:37:20.015Z","2026-09-05T16:37:30.012Z","True","150000","187501",,"187500","0","0","1",,,,"4393104",,"150046","203","31279","1.0900000000000001"
"150k-1s-r02","server","latency-server","2026-09-05T16:37:30.012Z","2026-09-05T16:37:40.007Z","True","150000","187501",,"187500","0","0","1",,,,"4393887",,"150076","201","9392","1.1599999999999999"
"150k-1s-r02","server","latency-server","2026-09-05T16:37:40.007Z","2026-09-05T16:37:50.003Z","True","150000","187501",,"187500","0","0","1",,,,"4393448",,"150061","222","11024","1.1499999999999999"
"150k-1s-r02","server","latency-server","2026-09-05T16:37:50.003Z","2026-09-05T16:38:00.006Z","True","150000","187501",,"187500","0","0","1",,,,"4390373",,"149956","199","12748","1.1399999999999999"
"150k-1s-r02","server","latency-server","2026-09-05T16:38:00.006Z","2026-09-05T16:38:10.006Z","True","150000","187501",,"187500","0","0","1",,,,"4391691",,"150001","211","11634","1.1200000000000001"
"150k-1s-r02","server","latency-server","2026-09-05T16:38:10.006Z","2026-09-05T16:38:20.001Z","True","150000","187501",,"187500","0","0","1",,,,"4393888",,"150076","221","8868","1.1299999999999999"
"150k-1s-r02","server","latency-server","2026-09-05T16:38:20.001Z","2026-09-05T16:38:30.008Z","True","150000","187501",,"187500","0","0","1",,,,"4388656",,"149896","228","20604","1.1599999999999999"
"150k-1s-r02","server","latency-server","2026-09-05T16:38:30.008Z","2026-09-05T16:38:40.010Z","True","150000","187501",,"187500","0","0","1",,,,"4390909",,"149971","212","47115","1.1499999999999999"
"150k-1s-r02","server","latency-server","2026-09-05T16:38:40.010Z","2026-09-05T16:38:50.004Z","True","150000","187501",,"187500","0","0","1",,,,"4394327",,"150091","208","5878","1.0900000000000001"
"150k-1s-r02","server","latency-server","2026-09-05T16:38:50.004Z","2026-09-05T16:39:00.014Z","True","150000","187501",,"187500","0","0","1",,,,"4387303",,"149851","212","11696","1.1299999999999999"
"150k-1s-r02","server","latency-server","2026-09-05T16:39:00.014Z","2026-09-05T16:39:10.014Z","True","150000","187501",,"187500","0","0","1",,,,"4391730",,"150001","213","13075","1.1699999999999999"
"150k-1s-r02","server","latency-server","2026-09-05T16:39:10.014Z","2026-09-05T16:39:20.012Z","True","150000","187501",,"187500","0","0","1",,,,"4392670",,"150031","218","15592","1.1399999999999999"
"150k-1s-r02","server","latency-server","2026-09-05T16:39:20.012Z","2026-09-05T16:39:30.001Z","True","150000","187501",,"187500","0","0","1",,,,"4396527",,"150166","240","7205","1.1200000000000001"
"150k-1s-r02","server","latency-server","2026-09-05T16:39:30.001Z","2026-09-05T16:39:40.007Z","True","150000","187501",,"187500","0","0","1",,,,"4389057",,"149911","226","5001","1.1399999999999999"
"150k-1s-r02","server","latency-server","2026-09-05T16:39:40.007Z","2026-09-05T16:39:50.013Z","True","150000","187501",,"187500","0","0","1",,,,"4389057",,"149911","212","13900","1.1499999999999999"
"150k-1s-r02","server","latency-server","2026-09-05T16:39:50.013Z","2026-09-05T16:40:00.014Z","True","150000","187501",,"187500","0","0","1",,,,"4391251",,"149986","212","10110","1.1399999999999999"
"150k-1s-r02","server","latency-server","2026-09-05T16:40:00.014Z","2026-09-05T16:40:10.009Z","True","150000","187501",,"187500","0","0","1",,,,"4393888",,"150076","218","17929","1.1799999999999999"
"150k-1s-r02","server","latency-server","2026-09-05T16:40:10.009Z","2026-09-05T16:40:20.004Z","True","150000","187501",,"187500","0","0","1",,,,"4393888",,"150076","214","12014","1.1299999999999999"
"150k-1s-r02","server","latency-server","2026-09-05T16:40:20.004Z","2026-09-05T16:40:30.003Z","True","150000","187501",,"187500","0","0","1",,,,"4392130",,"150016","216","20947","1.1200000000000001"
"150k-1s-r02","server","latency-server","2026-09-05T16:40:30.003Z","2026-09-05T16:40:40.001Z","True","150000","187501",,"187500","0","0","1",,,,"4392569",,"150031","215","16044","1.1899999999999999"
"150k-1s-r02","server","latency-server","2026-09-05T16:40:40.001Z","2026-09-05T16:40:50.014Z","True","150000","187501",,"187500","0","0","1",,,,"4385989",,"149806","221","15687","1.1599999999999999"
"150k-1s-r02","server","latency-server","2026-09-05T16:40:50.014Z","2026-09-05T16:41:00.013Z","True","150000","187501",,"187500","0","0","1",,,,"4392130",,"150016","207","8953","1.0700000000000001"
"150k-1s-r02","server","latency-server","2026-09-05T16:41:00.013Z","2026-09-05T16:41:10.004Z","True","150000","187501",,"187500","0","0","1",,,,"4395647",,"150136","238","14224","1.1899999999999999"
"150k-1s-r02","server","latency-server","2026-09-05T16:41:10.004Z","2026-09-05T16:41:20.014Z","False","150000","187500",,"187500","0","0","5",,,,"3509843",,"119880","222","43175","0.93999999999999995"
"150k-1s-r03","client","latency-client","2026-09-05T17:05:50.008Z","2026-09-05T17:06:00.008Z","False","150000","187501",,"187500","0","0","4219321",,"149342","53539","167898","15239",,,"48372","2.29"
"150k-1s-r03","client","latency-client","2026-09-05T17:06:00.008Z","2026-09-05T17:06:10.005Z","False","150000","187501",,"187500","0","0","4242397",,"150031","6378","1",,,,"6128","0.93000000000000005"
"150k-1s-r03","client","latency-client","2026-09-05T17:06:10.005Z","2026-09-05T17:06:20.003Z","False","150000","187501",,"187500","0","0","4246150",,"150031","5813","1",,,,"5580","0.93999999999999995"
"150k-1s-r03","client","latency-client","2026-09-05T17:06:20.003Z","2026-09-05T17:06:30.015Z","False","150000","187501",,"187500","0","0","4273957",,"149821","7883","1",,,,"7652","0.89000000000000001"
"150k-1s-r03","client","latency-client","2026-09-05T17:06:30.015Z","2026-09-05T17:06:40.011Z","False","150000","187501",,"187500","0","0","4280798",,"150061","7465","1",,,,"7240","0.93999999999999995"
"150k-1s-r03","client","latency-client","2026-09-05T17:06:40.011Z","2026-09-05T17:06:50.014Z","False","150000","187501",,"187500","0","0","4277802",,"149956","7759","1",,,,"7529","0.95999999999999996"
"150k-1s-r03","client","latency-client","2026-09-05T17:06:50.014Z","2026-09-05T17:07:00.006Z","True","150000","187501",,"187500","0","0","4383938",,"150121","8729","1",,,,"8499","1"
"150k-1s-r03","client","latency-client","2026-09-05T17:07:00.006Z","2026-09-05T17:07:10.010Z","True","150000","187501",,"187500","0","0","4389935",,"149941","8949","1",,,,"8727","1.0600000000000001"
"150k-1s-r03","client","latency-client","2026-09-05T17:07:10.010Z","2026-09-05T17:07:20.015Z","True","150000","187501",,"187500","0","0","4389414",,"149926","9886","1",,,,"9657","1.27"
"150k-1s-r03","client","latency-client","2026-09-05T17:07:20.015Z","2026-09-05T17:07:30.010Z","True","150000","187501",,"187500","0","0","4393750",,"150076","9245","1",,,,"9030","1.1599999999999999"
"150k-1s-r03","client","latency-client","2026-09-05T17:07:30.010Z","2026-09-05T17:07:40.005Z","True","150000","187501",,"187500","0","0","4393750",,"150076","7795","1",,,,"7572","1.1699999999999999"
"150k-1s-r03","client","latency-client","2026-09-05T17:07:40.005Z","2026-09-05T17:07:50.010Z","True","150000","187501",,"187500","0","0","4389359",,"149926","9365","1",,,,"9131","1.1899999999999999"
"150k-1s-r03","client","latency-client","2026-09-05T17:07:50.010Z","2026-09-05T17:08:00.003Z","True","150000","187501",,"187500","0","0","4394630",,"150106","8764","1",,,,"8543","1.0800000000000001"
"150k-1s-r03","client","latency-client","2026-09-05T17:08:00.003Z","2026-09-05T17:08:10.006Z","True","150000","187501",,"187500","0","0","4390237",,"149956","9204","1",,,,"8972","1.0900000000000001"
"150k-1s-r03","client","latency-client","2026-09-05T17:08:10.006Z","2026-09-05T17:08:20.014Z","True","150000","187501",,"187500","0","0","4388043",,"149881","9332","1",,,,"9093","1.26"
"150k-1s-r03","client","latency-client","2026-09-05T17:08:20.014Z","2026-09-05T17:08:30.012Z","True","150000","187501",,"187500","0","0","4392432",,"150031","7700","1",,,,"7458","1.1100000000000001"
"150k-1s-r03","client","latency-client","2026-09-05T17:08:30.012Z","2026-09-05T17:08:40.006Z","True","150000","187501",,"187500","0","0","4394190",,"150091","8447","1",,,,"8230","1.0900000000000001"
"150k-1s-r03","client","latency-client","2026-09-05T17:08:40.006Z","2026-09-05T17:08:50.003Z","True","150000","187501",,"187500","0","0","4392871",,"150046","9851","1",,,,"9618","1.1599999999999999"
"150k-1s-r03","client","latency-client","2026-09-05T17:08:50.003Z","2026-09-05T17:09:00.014Z","True","150000","187501",,"187500","0","0","4386728",,"149836","9363","1",,,,"9152","1.01"
"150k-1s-r03","client","latency-client","2026-09-05T17:09:00.014Z","2026-09-05T17:09:10.011Z","True","150000","187501",,"187500","0","0","4392871",,"150046","9154","1",,,,"8927","1.22"
"150k-1s-r03","client","latency-client","2026-09-05T17:09:10.011Z","2026-09-05T17:09:20.014Z","True","150000","187501",,"187500","0","0","4390236",,"149956","10123","1",,,,"9897","1.05"
"150k-1s-r03","client","latency-client","2026-09-05T17:09:20.014Z","2026-09-05T17:09:30.005Z","True","150000","187501",,"187500","0","0","4395523",,"150136","10770","1",,,,"10548","1.0800000000000001"
"150k-1s-r03","client","latency-client","2026-09-05T17:09:30.005Z","2026-09-05T17:09:40.010Z","True","150000","187501",,"187500","0","0","4389496",,"149926","10528","1",,,,"10294","1.1499999999999999"
"150k-1s-r03","client","latency-client","2026-09-05T17:09:40.010Z","2026-09-05T17:09:50.013Z","True","150000","187501",,"187500","0","0","4390374",,"149956","10221","1",,,,"9985","1.2"
"150k-1s-r03","client","latency-client","2026-09-05T17:09:50.013Z","2026-09-05T17:10:00.007Z","True","150000","187501",,"187500","0","0","4394327",,"150091","11719","1",,,,"11506","1.1299999999999999"
"150k-1s-r03","client","latency-client","2026-09-05T17:10:00.007Z","2026-09-05T17:10:10.014Z","True","150000","187501",,"187500","0","0","4388619",,"149896","10504","1",,,,"10285","1.1100000000000001"
"150k-1s-r03","client","latency-client","2026-09-05T17:10:10.014Z","2026-09-05T17:10:20.006Z","True","150000","187501",,"187500","0","0","4395207",,"150121","11336","1",,,,"11112","1.21"
"150k-1s-r03","client","latency-client","2026-09-05T17:10:20.006Z","2026-09-05T17:10:30.003Z","True","150000","187501",,"187500","0","0","4393009",,"150046","10192","1",,,,"9956","1.23"
"150k-1s-r03","client","latency-client","2026-09-05T17:10:30.003Z","2026-09-05T17:10:40.016Z","True","150000","187501",,"187500","0","0","4385989",,"149806","10051","1",,,,"9834","1.0600000000000001"
"150k-1s-r03","client","latency-client","2026-09-05T17:10:40.016Z","2026-09-05T17:10:50.014Z","True","150000","187501",,"187500","0","0","4392569",,"150031","11170","1",,,,"10951","1.22"
"150k-1s-r03","client","latency-client","2026-09-05T17:10:50.014Z","2026-09-05T17:11:00.004Z","True","150000","187501",,"187500","0","0","4396087",,"150151","10578","1",,,,"10334","1.1100000000000001"
"150k-1s-r03","client","latency-client","2026-09-05T17:11:00.004Z","2026-09-05T17:11:10.013Z","True","150000","187501",,"187500","0","0","4387742",,"149866","10615","1",,,,"10388","1.1599999999999999"
"150k-1s-r03","client","latency-client","2026-09-05T17:11:10.013Z","2026-09-05T17:11:20.004Z","True","150000","187501",,"187500","0","0","4395647",,"150136","10293","1",,,,"10077","1.1000000000000001"
"150k-1s-r03","client","latency-client","2026-09-05T17:11:20.004Z","2026-09-05T17:11:30.008Z","True","150000","187501",,"187500","0","0","4389935",,"149941","9914","1",,,,"9696","0.98999999999999999"
"150k-1s-r03","client","latency-client","2026-09-05T17:11:30.008Z","2026-09-05T17:11:40.015Z","True","150000","187501",,"187500","0","0","4388619",,"149896","10057","1",,,,"9847","1.0700000000000001"
"150k-1s-r03","client","latency-client","2026-09-05T17:11:40.015Z","2026-09-05T17:11:50.002Z","True","150000","187501",,"187500","0","0","4397407",,"150196","9356","1",,,,"9130","1.0900000000000001"
"150k-1s-r03","client","latency-client","2026-09-05T17:11:50.002Z","2026-09-05T17:12:00.014Z","True","150000","187501",,"187500","0","0","4386427",,"149821","8971","1",,,,"8757","0.98999999999999999"
"150k-1s-r03","client","latency-client","2026-09-05T17:12:00.014Z","2026-09-05T17:12:10.004Z","True","150000","187501",,"187500","0","0","4396087",,"150151","10244","1",,,,"10045","1"
"150k-1s-r03","client","latency-client","2026-09-05T17:12:10.004Z","2026-09-05T17:12:20.010Z","True","150000","187501",,"187500","0","0","4389057",,"149911","11424","1",,,,"11213","1.2"
"150k-1s-r03","client","latency-client","2026-09-05T17:12:20.010Z","2026-09-05T17:12:30.009Z","True","150000","187501",,"187500","0","0","4392130",,"150016","10192","1",,,,"9978","1"
"150k-1s-r03","client","latency-client","2026-09-05T17:12:30.009Z","2026-09-05T17:12:40.002Z","True","150000","187501",,"187500","0","0","4394767",,"150106","10455","1",,,,"10229","1.2"
"150k-1s-r03","client","latency-client","2026-09-05T17:12:40.002Z","2026-09-05T17:12:50.003Z","True","150000","187501",,"187500","0","0","4391251",,"149986","10769","1",,,,"10543","1.1499999999999999"
"150k-1s-r03","client","latency-client","2026-09-05T17:12:50.003Z","2026-09-05T17:13:00.005Z","True","150000","187501",,"187500","0","0","4390813",,"149971","10778","1",,,,"10552","1.1699999999999999"
"150k-1s-r03","client","latency-client","2026-09-05T17:13:00.005Z","2026-09-05T17:13:10.005Z","True","150000","187501",,"187500","0","0","4391718",,"150001","21653","1",,,,"21426","1.22"
"150k-1s-r03","client","latency-client","2026-09-05T17:13:10.005Z","2026-09-05T17:13:20.017Z","True","150000","187501",,"187500","0","0","4386536",,"149821","33673","1",,,,"33453","1.1699999999999999"
"150k-1s-r03","client","latency-client","2026-09-05T17:13:20.017Z","2026-09-05T17:13:30.005Z","True","150000","187501",,"187500","0","0","4396967",,"150181","8828","1",,,,"8604","1.0800000000000001"
"150k-1s-r03","client","latency-client","2026-09-05T17:13:30.005Z","2026-09-05T17:13:40.011Z","True","150000","187501",,"187500","0","0","4389057",,"149911","9578","1",,,,"9362","1.1299999999999999"
"150k-1s-r03","client","latency-client","2026-09-05T17:13:40.011Z","2026-09-05T17:13:50.002Z","True","150000","187501",,"187500","0","0","4395647",,"150136","10728","1",,,,"10503","1.1599999999999999"
"150k-1s-r03","client","latency-client","2026-09-05T17:13:50.002Z","2026-09-05T17:14:00.009Z","True","150000","187501",,"187500","0","0","4388619",,"149896","10620","1",,,,"10405","1.02"
"150k-1s-r03","client","latency-client","2026-09-05T17:14:00.009Z","2026-09-05T17:14:10.007Z","True","150000","187501",,"187500","0","0","4392569",,"150031","9101","1",,,,"8890","1.05"
"150k-1s-r03","client","latency-client","2026-09-05T17:14:10.007Z","2026-09-05T17:14:20.001Z","True","150000","187501",,"187500","0","0","4394327",,"150091","9181","1",,,,"8968","1.1899999999999999"
"150k-1s-r03","client","latency-client","2026-09-05T17:14:20.001Z","2026-09-05T17:14:30.009Z","True","150000","187501",,"187500","0","0","4388180",,"149881","9912","1",,,,"9695","1.1899999999999999"
"150k-1s-r03","client","latency-client","2026-09-05T17:14:30.009Z","2026-09-05T17:14:40.003Z","True","150000","187501",,"187500","0","0","4394327",,"150091","9628","1",,,,"9402","1.22"
"150k-1s-r03","client","latency-client","2026-09-05T17:14:40.003Z","2026-09-05T17:14:50.000Z","True","150000","187501",,"187500","0","0","4393009",,"150046","11081","1",,,,"10841","1.1699999999999999"
"150k-1s-r03","client","latency-client","2026-09-05T17:14:50.000Z","2026-09-05T17:15:00.011Z","True","150000","187501",,"187500","0","0","4386865",,"149836","11005","1",,,,"10797","1.22"
"150k-1s-r03","client","latency-client","2026-09-05T17:15:00.011Z","2026-09-05T17:15:10.008Z","True","150000","187501",,"187500","0","0","4393008",,"150046","11269","1",,,,"11062","1.1299999999999999"
"150k-1s-r03","client","latency-client","2026-09-05T17:15:10.008Z","2026-09-05T17:15:20.004Z","True","150000","187501",,"187500","0","0","4393475",,"150061","18854","1",,,,"18621","1.3500000000000001"
"150k-1s-r03","client","latency-client","2026-09-05T17:15:20.004Z","2026-09-05T17:15:30.014Z","True","150000","187501",,"187500","0","0","4387851",,"149866","43813","1",,,,"43595","1.23"
"150k-1s-r03","client","latency-client","2026-09-05T17:15:30.014Z","2026-09-05T17:15:40.010Z","True","150000","187501",,"187500","0","0","4393009",,"150046","12759","1",,,,"12531","1.22"
"150k-1s-r03","client","latency-client","2026-09-05T17:15:40.010Z","2026-09-05T17:15:50.004Z","True","150000","187501",,"187500","0","0","4394327",,"150091","16797","1",,,,"16579","1.1799999999999999"
"150k-1s-r03","client","latency-client","2026-09-05T17:15:50.004Z","2026-09-05T17:16:00.011Z","True","150000","187501",,"187500","0","0","4388619",,"149896","14014","1",,,,"13804","1.22"
"150k-1s-r03","client","latency-client","2026-09-05T17:16:00.011Z","2026-09-05T17:16:10.006Z","True","150000","187501",,"187500","0","0","4393888",,"150076","13364","1",,,,"13139","1.1000000000000001"
"150k-1s-r03","client","latency-client","2026-09-05T17:16:10.006Z","2026-09-05T17:16:20.007Z","True","150000","187501",,"187500","0","0","4391252",,"149986","17128","1",,,,"16896","1.1399999999999999"
"150k-1s-r03","client","latency-client","2026-09-05T17:16:20.007Z","2026-09-05T17:16:30.006Z","True","150000","187501",,"187500","0","0","4392155",,"150016","15882","1",,,,"15654","1.1399999999999999"
"150k-1s-r03","client","latency-client","2026-09-05T17:16:30.006Z","2026-09-05T17:16:40.004Z","True","150000","187501",,"187500","0","0","4392686",,"150031","22196","1",,,,"21982","1.1399999999999999"
"150k-1s-r03","client","latency-client","2026-09-05T17:16:40.004Z","2026-09-05T17:16:50.007Z","False","150000","187500",,"187500","0","0","3951336",,"134960","15241","5",,,,"15033","1.4099999999999999"
"150k-1s-r03","server","latency-server","2026-09-05T17:05:40.007Z","2026-09-05T17:05:50.007Z","False","150000","187501",,"187500","0","0","198750","18039",,,"913796",,"32470","242","44348","2.1299999999999999"
"150k-1s-r03","server","latency-server","2026-09-05T17:05:50.007Z","2026-09-05T17:06:00.007Z","False","150000","187501",,"187500","0","0","1",,,,"4241653",,"150001","228","46680","1.26"
"150k-1s-r03","server","latency-server","2026-09-05T17:06:00.007Z","2026-09-05T17:06:10.005Z","False","150000","187501",,"187500","0","0","1",,,,"4242397",,"150031","250","7966","1.2"
"150k-1s-r03","server","latency-server","2026-09-05T17:06:10.005Z","2026-09-05T17:06:20.003Z","False","150000","187501",,"187500","0","0","1",,,,"4246150",,"150031","232","5739","1.28"
"150k-1s-r03","server","latency-server","2026-09-05T17:06:20.003Z","2026-09-05T17:06:30.015Z","False","150000","187501",,"187500","0","0","1",,,,"4273957",,"149821","231","12232","1.2"
"150k-1s-r03","server","latency-server","2026-09-05T17:06:30.015Z","2026-09-05T17:06:40.011Z","False","150000","187501",,"187500","0","0","1",,,,"4280798",,"150061","225","10892","1.23"
"150k-1s-r03","server","latency-server","2026-09-05T17:06:40.011Z","2026-09-05T17:06:50.014Z","False","150000","187501",,"187500","0","0","1",,,,"4277802",,"149956","230","6345","1.22"
"150k-1s-r03","server","latency-server","2026-09-05T17:06:50.014Z","2026-09-05T17:07:00.006Z","True","150000","187501",,"187500","0","0","1",,,,"4383938",,"150121","230","5638","1.23"
"150k-1s-r03","server","latency-server","2026-09-05T17:07:00.006Z","2026-09-05T17:07:10.010Z","True","150000","187501",,"187500","0","0","1",,,,"4389935",,"149941","222","12157","1.1799999999999999"
"150k-1s-r03","server","latency-server","2026-09-05T17:07:10.010Z","2026-09-05T17:07:20.017Z","True","150000","187501",,"187500","0","0","1",,,,"4388536",,"149896","229","10190","1.26"
"150k-1s-r03","server","latency-server","2026-09-05T17:07:20.017Z","2026-09-05T17:07:30.010Z","True","150000","187501",,"187500","0","0","1",,,,"4394630",,"150106","215","5865","1.21"
"150k-1s-r03","server","latency-server","2026-09-05T17:07:30.010Z","2026-09-05T17:07:40.005Z","True","150000","187501",,"187500","0","0","1",,,,"4393750",,"150076","224","7825","1.1899999999999999"
"150k-1s-r03","server","latency-server","2026-09-05T17:07:40.005Z","2026-09-05T17:07:50.010Z","True","150000","187501",,"187500","0","0","1",,,,"4389359",,"149926","234","11065","1.23"
"150k-1s-r03","server","latency-server","2026-09-05T17:07:50.010Z","2026-09-05T17:08:00.003Z","True","150000","187501",,"187500","0","0","1",,,,"4394630",,"150106","221","11267","1.1899999999999999"
"150k-1s-r03","server","latency-server","2026-09-05T17:08:00.003Z","2026-09-05T17:08:10.006Z","True","150000","187501",,"187500","0","0","1",,,,"4390237",,"149956","232","11572","1.1499999999999999"
"150k-1s-r03","server","latency-server","2026-09-05T17:08:10.006Z","2026-09-05T17:08:20.014Z","True","150000","187501",,"187500","0","0","1",,,,"4388043",,"149881","238","11653","1.24"
"150k-1s-r03","server","latency-server","2026-09-05T17:08:20.014Z","2026-09-05T17:08:30.030Z","True","150000","187501",,"187500","0","0","1",,,,"4384539",,"149761","242","12601","1.23"
"150k-1s-r03","server","latency-server","2026-09-05T17:08:30.030Z","2026-09-05T17:08:40.006Z","True","150000","187501",,"187500","0","0","1",,,,"4402119",,"150361","218","15207","1.22"
"150k-1s-r03","server","latency-server","2026-09-05T17:08:40.006Z","2026-09-05T17:08:50.003Z","True","150000","187501",,"187500","0","0","1",,,,"4392871",,"150046","233","11400","1.22"
"150k-1s-r03","server","latency-server","2026-09-05T17:08:50.003Z","2026-09-05T17:09:00.014Z","True","150000","187501",,"187500","0","0","1",,,,"4386728",,"149836","211","11063","1.1499999999999999"
"150k-1s-r03","server","latency-server","2026-09-05T17:09:00.014Z","2026-09-05T17:09:10.011Z","True","150000","187501",,"187500","0","0","1",,,,"4392871",,"150046","226","11979","1.1899999999999999"
"150k-1s-r03","server","latency-server","2026-09-05T17:09:10.011Z","2026-09-05T17:09:20.014Z","True","150000","187501",,"187500","0","0","1",,,,"4390236",,"149956","226","11891","1.22"
"150k-1s-r03","server","latency-server","2026-09-05T17:09:20.014Z","2026-09-05T17:09:30.005Z","True","150000","187501",,"187500","0","0","1",,,,"4395523",,"150136","222","11750","1.1699999999999999"
"150k-1s-r03","server","latency-server","2026-09-05T17:09:30.005Z","2026-09-05T17:09:40.010Z","True","150000","187501",,"187500","0","0","1",,,,"4389496",,"149926","234","11478","1.23"
"150k-1s-r03","server","latency-server","2026-09-05T17:09:40.010Z","2026-09-05T17:09:50.013Z","True","150000","187501",,"187500","0","0","1",,,,"4390374",,"149956","236","12349","1.21"
"150k-1s-r03","server","latency-server","2026-09-05T17:09:50.013Z","2026-09-05T17:10:00.007Z","True","150000","187501",,"187500","0","0","1",,,,"4394327",,"150091","214","11625","1.1799999999999999"
"150k-1s-r03","server","latency-server","2026-09-05T17:10:00.007Z","2026-09-05T17:10:10.014Z","True","150000","187501",,"187500","0","0","1",,,,"4388619",,"149896","219","11489","1.1799999999999999"
"150k-1s-r03","server","latency-server","2026-09-05T17:10:10.014Z","2026-09-05T17:10:20.006Z","True","150000","187501",,"187500","0","0","1",,,,"4395207",,"150121","225","8989","1.26"
"150k-1s-r03","server","latency-server","2026-09-05T17:10:20.006Z","2026-09-05T17:10:30.003Z","True","150000","187501",,"187500","0","0","1",,,,"4393009",,"150046","236","10363","1.1699999999999999"
"150k-1s-r03","server","latency-server","2026-09-05T17:10:30.003Z","2026-09-05T17:10:40.016Z","True","150000","187501",,"187500","0","0","1",,,,"4385989",,"149806","217","6394","1.2"
"150k-1s-r03","server","latency-server","2026-09-05T17:10:40.016Z","2026-09-05T17:10:50.029Z","True","150000","187501",,"187500","0","0","1",,,,"4385989",,"149806","219","7366","1.1899999999999999"
"150k-1s-r03","server","latency-server","2026-09-05T17:10:50.029Z","2026-09-05T17:11:00.004Z","True","150000","187501",,"187500","0","0","1",,,,"4402698",,"150376","244","11002","1.25"
"150k-1s-r03","server","latency-server","2026-09-05T17:11:00.004Z","2026-09-05T17:11:10.013Z","True","150000","187501",,"187500","0","0","1",,,,"4387742",,"149866","227","5967","1.23"
"150k-1s-r03","server","latency-server","2026-09-05T17:11:10.013Z","2026-09-05T17:11:20.004Z","True","150000","187501",,"187500","0","0","1",,,,"4395647",,"150136","216","10981","1.21"
"150k-1s-r03","server","latency-server","2026-09-05T17:11:20.004Z","2026-09-05T17:11:30.008Z","True","150000","187501",,"187500","0","0","1",,,,"4389935",,"149941","218","11779","1.0600000000000001"
"150k-1s-r03","server","latency-server","2026-09-05T17:11:30.008Z","2026-09-05T17:11:40.015Z","True","150000","187501",,"187500","0","0","1",,,,"4388619",,"149896","209","10799","1.1799999999999999"
"150k-1s-r03","server","latency-server","2026-09-05T17:11:40.015Z","2026-09-05T17:11:50.002Z","True","150000","187501",,"187500","0","0","1",,,,"4397407",,"150196","226","11318","1.24"
"150k-1s-r03","server","latency-server","2026-09-05T17:11:50.002Z","2026-09-05T17:12:00.017Z","True","150000","187501",,"187500","0","0","1",,,,"4385113",,"149776","213","9661","1.1399999999999999"
"150k-1s-r03","server","latency-server","2026-09-05T17:12:00.017Z","2026-09-05T17:12:10.004Z","True","150000","187501",,"187500","0","0","1",,,,"4397407",,"150196","199","5654","1.1299999999999999"
"150k-1s-r03","server","latency-server","2026-09-05T17:12:10.004Z","2026-09-05T17:12:20.010Z","True","150000","187501",,"187500","0","0","1",,,,"4389057",,"149911","211","11665","1.1799999999999999"
"150k-1s-r03","server","latency-server","2026-09-05T17:12:20.010Z","2026-09-05T17:12:30.009Z","True","150000","187501",,"187500","0","0","1",,,,"4392130",,"150016","213","11253","1.1299999999999999"
"150k-1s-r03","server","latency-server","2026-09-05T17:12:30.009Z","2026-09-05T17:12:40.002Z","True","150000","187501",,"187500","0","0","1",,,,"4394767",,"150106","226","11607","1.21"
"150k-1s-r03","server","latency-server","2026-09-05T17:12:40.002Z","2026-09-05T17:12:50.003Z","True","150000","187501",,"187500","0","0","1",,,,"4391251",,"149986","226","11409","1.1899999999999999"
"150k-1s-r03","server","latency-server","2026-09-05T17:12:50.003Z","2026-09-05T17:13:00.005Z","True","150000","187501",,"187500","0","0","1",,,,"4390813",,"149971","226","12730","1.1599999999999999"
"150k-1s-r03","server","latency-server","2026-09-05T17:13:00.005Z","2026-09-05T17:13:10.010Z","True","150000","187501",,"187500","0","0","1",,,,"4389523",,"149926","227","18393","1.28"
"150k-1s-r03","server","latency-server","2026-09-05T17:13:10.010Z","2026-09-05T17:13:20.017Z","True","150000","187501",,"187500","0","0","1",,,,"4388728",,"149896","220","32485","1.26"
"150k-1s-r03","server","latency-server","2026-09-05T17:13:20.017Z","2026-09-05T17:13:30.005Z","True","150000","187501",,"187500","0","0","1",,,,"4396967",,"150181","224","10813","1.1599999999999999"
"150k-1s-r03","server","latency-server","2026-09-05T17:13:30.005Z","2026-09-05T17:13:40.011Z","True","150000","187501",,"187500","0","0","1",,,,"4389057",,"149911","216","11367","1.1599999999999999"
"150k-1s-r03","server","latency-server","2026-09-05T17:13:40.011Z","2026-09-05T17:13:50.002Z","True","150000","187501",,"187500","0","0","1",,,,"4395647",,"150136","225","11462","1.1899999999999999"
"150k-1s-r03","server","latency-server","2026-09-05T17:13:50.002Z","2026-09-05T17:14:00.009Z","True","150000","187501",,"187500","0","0","1",,,,"4388619",,"149896","215","10727","1.1299999999999999"
"150k-1s-r03","server","latency-server","2026-09-05T17:14:00.009Z","2026-09-05T17:14:10.007Z","True","150000","187501",,"187500","0","0","1",,,,"4392569",,"150031","211","10689","1.22"
"150k-1s-r03","server","latency-server","2026-09-05T17:14:10.007Z","2026-09-05T17:14:20.001Z","True","150000","187501",,"187500","0","0","1",,,,"4394327",,"150091","213","9857","1.1799999999999999"
"150k-1s-r03","server","latency-server","2026-09-05T17:14:20.001Z","2026-09-05T17:14:30.009Z","True","150000","187501",,"187500","0","0","1",,,,"4388180",,"149881","217","9011","1.1799999999999999"
"150k-1s-r03","server","latency-server","2026-09-05T17:14:30.009Z","2026-09-05T17:14:40.003Z","True","150000","187501",,"187500","0","0","1",,,,"4394327",,"150091","225","9709","1.1799999999999999"
"150k-1s-r03","server","latency-server","2026-09-05T17:14:40.003Z","2026-09-05T17:14:50.000Z","True","150000","187501",,"187500","0","0","1",,,,"4393009",,"150046","240","5114","1.25"
"150k-1s-r03","server","latency-server","2026-09-05T17:14:50.000Z","2026-09-05T17:15:00.016Z","True","150000","187501",,"187500","0","0","1",,,,"4384675",,"149761","209","11589","1.1599999999999999"
"150k-1s-r03","server","latency-server","2026-09-05T17:15:00.016Z","2026-09-05T17:15:10.008Z","True","150000","187501",,"187500","0","0","1",,,,"4395207",,"150121","207","9905","1.1200000000000001"
"150k-1s-r03","server","latency-server","2026-09-05T17:15:10.008Z","2026-09-05T17:15:20.004Z","True","150000","187501",,"187500","0","0","1",,,,"4393475",,"150061","233","8490","1.21"
"150k-1s-r03","server","latency-server","2026-09-05T17:15:20.004Z","2026-09-05T17:15:30.013Z","True","150000","187501",,"187500","0","0","1",,,,"4387851",,"149866","218","36640","1.1799999999999999"
"150k-1s-r03","server","latency-server","2026-09-05T17:15:30.013Z","2026-09-05T17:15:40.010Z","True","150000","187501",,"187500","0","0","1",,,,"4393009",,"150046","228","14364","1.21"
"150k-1s-r03","server","latency-server","2026-09-05T17:15:40.010Z","2026-09-05T17:15:50.004Z","True","150000","187501",,"187500","0","0","1",,,,"4394327",,"150091","218","3253","1.1899999999999999"
"150k-1s-r03","server","latency-server","2026-09-05T17:15:50.004Z","2026-09-05T17:16:00.011Z","True","150000","187501",,"187500","0","0","1",,,,"4388619",,"149896","210","8245","1.1599999999999999"
"150k-1s-r03","server","latency-server","2026-09-05T17:16:00.011Z","2026-09-05T17:16:10.006Z","True","150000","187501",,"187500","0","0","1",,,,"4393888",,"150076","225","10286","1.1899999999999999"
"150k-1s-r03","server","latency-server","2026-09-05T17:16:10.006Z","2026-09-05T17:16:20.007Z","True","150000","187501",,"187500","0","0","1",,,,"4391252",,"149986","232","19840","1.1599999999999999"
"150k-1s-r03","server","latency-server","2026-09-05T17:16:20.007Z","2026-09-05T17:16:30.006Z","True","150000","187501",,"187500","0","0","1",,,,"4392155",,"150016","227","22325","1.1699999999999999"
"150k-1s-r03","server","latency-server","2026-09-05T17:16:30.006Z","2026-09-05T17:16:40.007Z","True","150000","187501",,"187500","0","0","1",,,,"4391808",,"150001","214","42298","1.1799999999999999"
"150k-1s-r03","server","latency-server","2026-09-05T17:16:40.007Z","2026-09-05T17:16:50.007Z","False","150000","187500",,"187500","0","0","5",,,,"3952126",,"134987","208","13819","1.1000000000000001"
