"profile","process","endpoint","interval_start_utc","interval_end_utc","in_measurement","nominal_events_per_second","subscription","sticky","storage","buffer","dropped","read_bps","read_subscription_rps","read_data_rps","read_data_lag_us","write_bps","write_subscription_rps","write_data_rps","write_data_lag_us","rtt_us","cpu_percent"
"q10k-t10k-s10k-r01","client","latency-client","2026-09-04T10:46:10.010Z","2026-09-04T10:46:20.010Z","False","30000","30001",,"0","0","0","902042",,"31431","19532","31547","3928",,,"17267","2.2999999999999998"
"q10k-t10k-s10k-r01","client","latency-client","2026-09-04T10:46:20.010Z","2026-09-04T10:46:30.003Z","False","30000","30001",,"0","0","0","861486",,"30022","10286","1",,,,"10177","0.19"
"q10k-t10k-s10k-r01","client","latency-client","2026-09-04T10:46:30.003Z","2026-09-04T10:46:40.003Z","False","30000","30001",,"0","0","0","860877",,"30001","7789","1",,,,"7679","0.17000000000000001"
"q10k-t10k-s10k-r01","client","latency-client","2026-09-04T10:46:40.003Z","2026-09-04T10:46:50.003Z","False","30000","30001",,"0","0","0","860877",,"30001","8516","1",,,,"8404","0.17999999999999999"
"q10k-t10k-s10k-r01","client","latency-client","2026-09-04T10:46:50.003Z","2026-09-04T10:47:00.004Z","False","30000","30001",,"0","0","0","860791",,"29998","8554","1",,,,"8445","0.16"
"q10k-t10k-s10k-r01","client","latency-client","2026-09-04T10:47:00.004Z","2026-09-04T10:47:10.003Z","False","30000","30001",,"0","0","0","860962",,"30004","8675","1",,,,"8568","0.19"
"q10k-t10k-s10k-r01","client","latency-client","2026-09-04T10:47:10.003Z","2026-09-04T10:47:20.013Z","False","30000","30001",,"0","0","0","865016",,"29971","8349","1",,,,"8249","0.22"
"q10k-t10k-s10k-r01","client","latency-client","2026-09-04T10:47:20.013Z","2026-09-04T10:47:30.001Z","True","30000","30001",,"0","0","0","871952",,"30037","16240","1",,,,"16141","0.22"
"q10k-t10k-s10k-r01","client","latency-client","2026-09-04T10:47:30.001Z","2026-09-04T10:47:40.010Z","True","30000","30001",,"0","0","0","870195",,"29977","10330","1",,,,"10232","0.17999999999999999"
"q10k-t10k-s10k-r01","client","latency-client","2026-09-04T10:47:40.010Z","2026-09-04T10:47:50.001Z","True","30000","30001",,"0","0","0","871581",,"30025","8420","1",,,,"8315","0.20999999999999999"
"q10k-t10k-s10k-r01","client","latency-client","2026-09-04T10:47:50.001Z","2026-09-04T10:48:00.014Z","True","30000","30001",,"0","0","0","869755",,"29962","7708","1",,,,"7608","0.20999999999999999"
"q10k-t10k-s10k-r01","client","latency-client","2026-09-04T10:48:00.014Z","2026-09-04T10:48:10.008Z","True","30000","30001",,"0","0","0","871407",,"30019","9190","1",,,,"9089","0.22"
"q10k-t10k-s10k-r01","client","latency-client","2026-09-04T10:48:10.008Z","2026-09-04T10:48:20.008Z","True","30000","30001",,"0","0","0","870886",,"30001","7787","1",,,,"7684","0.22"
"q10k-t10k-s10k-r01","client","latency-client","2026-09-04T10:48:20.008Z","2026-09-04T10:48:30.006Z","True","30000","30001",,"0","0","0","871057",,"30007","9373","1",,,,"9276","0.23000000000000001"
"q10k-t10k-s10k-r01","client","latency-client","2026-09-04T10:48:30.006Z","2026-09-04T10:48:40.007Z","True","30000","30001",,"0","0","0","870798",,"29998","8341","1",,,,"8248","0.23000000000000001"
"q10k-t10k-s10k-r01","client","latency-client","2026-09-04T10:48:40.007Z","2026-09-04T10:48:50.003Z","True","30000","30001",,"0","0","0","871232",,"30013","8739","1",,,,"8642","0.23000000000000001"
"q10k-t10k-s10k-r01","client","latency-client","2026-09-04T10:48:50.003Z","2026-09-04T10:49:00.011Z","True","30000","30001",,"0","0","0","870188",,"29977","9245","1",,,,"9152","0.17999999999999999"
"q10k-t10k-s10k-r01","client","latency-client","2026-09-04T10:49:00.011Z","2026-09-04T10:49:10.015Z","True","30000","30001",,"0","0","0","870528",,"29989","7968","1",,,,"7902","0.14999999999999999"
"q10k-t10k-s10k-r01","client","latency-client","2026-09-04T10:49:10.015Z","2026-09-04T10:49:20.011Z","True","30000","30001",,"0","0","0","871223",,"30013","7845","1",,,,"7781","0.14000000000000001"
"q10k-t10k-s10k-r01","client","latency-client","2026-09-04T10:49:20.011Z","2026-09-04T10:49:30.010Z","True","30000","30001",,"0","0","0","870960",,"30004","7789","1",,,,"7726","0.17000000000000001"
"q10k-t10k-s10k-r01","client","latency-client","2026-09-04T10:49:30.010Z","2026-09-04T10:49:40.011Z","True","30000","30001",,"0","0","0","870788",,"29998","8261","1",,,,"8197","0.17999999999999999"
"q10k-t10k-s10k-r01","client","latency-client","2026-09-04T10:49:40.011Z","2026-09-04T10:49:50.007Z","True","30000","30001",,"0","0","0","871221",,"30013","7543","1",,,,"7480","0.16"
"q10k-t10k-s10k-r01","client","latency-client","2026-09-04T10:49:50.007Z","2026-09-04T10:50:00.006Z","True","30000","30001",,"0","0","0","870971",,"30004","9031","1",,,,"8934","0.23999999999999999"
"q10k-t10k-s10k-r01","client","latency-client","2026-09-04T10:50:00.006Z","2026-09-04T10:50:10.011Z","True","30000","30001",,"0","0","0","870448",,"29986","9251","1",,,,"9157","0.23999999999999999"
"q10k-t10k-s10k-r01","client","latency-client","2026-09-04T10:50:10.011Z","2026-09-04T10:50:20.011Z","True","30000","30001",,"0","0","0","870886",,"30001","8780","1",,,,"8679","0.20999999999999999"
"q10k-t10k-s10k-r01","client","latency-client","2026-09-04T10:50:20.011Z","2026-09-04T10:50:30.012Z","True","30000","30001",,"0","0","0","870796",,"29998","10763","1",,,,"10665","0.20000000000000001"
"q10k-t10k-s10k-r01","client","latency-client","2026-09-04T10:50:30.012Z","2026-09-04T10:50:40.004Z","True","30000","30001",,"0","0","0","871582",,"30025","11264","1",,,,"11167","0.23999999999999999"
"q10k-t10k-s10k-r01","client","latency-client","2026-09-04T10:50:40.004Z","2026-09-04T10:50:50.006Z","True","30000","30001",,"0","0","0","870709",,"29995","10855","1",,,,"10756","0.20999999999999999"
"q10k-t10k-s10k-r01","client","latency-client","2026-09-04T10:50:50.006Z","2026-09-04T10:51:00.011Z","True","30000","30001",,"0","0","0","870450",,"29986","11574","1",,,,"11479","0.23999999999999999"
"q10k-t10k-s10k-r01","client","latency-client","2026-09-04T10:51:00.011Z","2026-09-04T10:51:10.007Z","True","30000","30001",,"0","0","0","871231",,"30013","11545","1",,,,"11446","0.23999999999999999"
"q10k-t10k-s10k-r01","client","latency-client","2026-09-04T10:51:10.007Z","2026-09-04T10:51:20.005Z","True","30000","30001",,"0","0","0","871059",,"30007","10976","1",,,,"10874","0.20999999999999999"
"q10k-t10k-s10k-r01","client","latency-client","2026-09-04T10:51:20.005Z","2026-09-04T10:51:30.007Z","True","30000","30001",,"0","0","0","870709",,"29995","11413","1",,,,"11314","0.23000000000000001"
"q10k-t10k-s10k-r01","client","latency-client","2026-09-04T10:51:30.007Z","2026-09-04T10:51:40.003Z","True","30000","30001",,"0","0","0","871223",,"30013","10287","1",,,,"10223","0.19"
"q10k-t10k-s10k-r01","client","latency-client","2026-09-04T10:51:40.003Z","2026-09-04T10:51:50.009Z","True","30000","30001",,"0","0","0","870351",,"29983","9011","1",,,,"8947","0.19"
"q10k-t10k-s10k-r01","client","latency-client","2026-09-04T10:51:50.009Z","2026-09-04T10:52:00.013Z","True","30000","30001",,"0","0","0","870526",,"29989","8657","1",,,,"8594","0.16"
"q10k-t10k-s10k-r01","client","latency-client","2026-09-04T10:52:00.013Z","2026-09-04T10:52:10.004Z","True","30000","30001",,"0","0","0","871660",,"30028","8380","1",,,,"8314","0.19"
"q10k-t10k-s10k-r01","client","latency-client","2026-09-04T10:52:10.004Z","2026-09-04T10:52:20.011Z","True","30000","30001",,"0","0","0","870268",,"29980","8636","1",,,,"8566","0.17999999999999999"
"q10k-t10k-s10k-r01","client","latency-client","2026-09-04T10:52:20.011Z","2026-09-04T10:52:30.008Z","True","30000","30001",,"0","0","0","871145",,"30010","9869","1",,,,"9768","0.20000000000000001"
"q10k-t10k-s10k-r01","client","latency-client","2026-09-04T10:52:30.008Z","2026-09-04T10:52:40.014Z","True","30000","30001",,"0","0","0","870363",,"29983","10453","1",,,,"10356","0.22"
"q10k-t10k-s10k-r01","client","latency-client","2026-09-04T10:52:40.014Z","2026-09-04T10:52:50.001Z","True","30000","30001",,"0","0","0","872016",,"30040","11015","1",,,,"10920","0.23000000000000001"
"q10k-t10k-s10k-r01","client","latency-client","2026-09-04T10:52:50.001Z","2026-09-04T10:53:00.015Z","True","30000","30001",,"0","0","0","869668",,"29959","10117","1",,,,"10022","0.20000000000000001"
"q10k-t10k-s10k-r01","client","latency-client","2026-09-04T10:53:00.015Z","2026-09-04T10:53:10.008Z","True","30000","30001",,"0","0","0","871493",,"30022","11174","1",,,,"11080","0.23999999999999999"
"q10k-t10k-s10k-r01","client","latency-client","2026-09-04T10:53:10.008Z","2026-09-04T10:53:20.002Z","True","30000","30001",,"0","0","0","871408",,"30019","10179","1",,,,"10080","0.22"
"q10k-t10k-s10k-r01","client","latency-client","2026-09-04T10:53:20.002Z","2026-09-04T10:53:30.004Z","True","30000","30001",,"0","0","0","870709",,"29995","10242","1",,,,"10141","0.23000000000000001"
"q10k-t10k-s10k-r01","client","latency-client","2026-09-04T10:53:30.004Z","2026-09-04T10:53:40.015Z","True","30000","30001",,"0","0","0","869928",,"29968","11687","1",,,,"11594","0.20999999999999999"
"q10k-t10k-s10k-r01","client","latency-client","2026-09-04T10:53:40.015Z","2026-09-04T10:53:50.002Z","True","30000","30001",,"0","0","0","872017",,"30040","10504","1",,,,"10405","0.20999999999999999"
"q10k-t10k-s10k-r01","client","latency-client","2026-09-04T10:53:50.002Z","2026-09-04T10:54:00.003Z","True","30000","30001",,"0","0","0","870798",,"29998","10046","1",,,,"9947","0.22"
"q10k-t10k-s10k-r01","client","latency-client","2026-09-04T10:54:00.003Z","2026-09-04T10:54:10.005Z","True","30000","30001",,"0","0","0","870709",,"29995","10755","1",,,,"10659","0.27000000000000002"
"q10k-t10k-s10k-r01","client","latency-client","2026-09-04T10:54:10.005Z","2026-09-04T10:54:20.002Z","True","30000","30001",,"0","0","0","871146",,"30010","9844","1",,,,"9745","0.23000000000000001"
"q10k-t10k-s10k-r01","client","latency-client","2026-09-04T10:54:20.002Z","2026-09-04T10:54:30.004Z","True","30000","30001",,"0","0","0","870708",,"29995","11116","1",,,,"11014","0.23999999999999999"
"q10k-t10k-s10k-r01","client","latency-client","2026-09-04T10:54:30.004Z","2026-09-04T10:54:40.012Z","True","30000","30001",,"0","0","0","870188",,"29977","10020","1",,,,"9921","0.20000000000000001"
"q10k-t10k-s10k-r01","client","latency-client","2026-09-04T10:54:40.012Z","2026-09-04T10:54:50.005Z","True","30000","30001",,"0","0","0","871493",,"30022","11780","1",,,,"11684","0.20999999999999999"
"q10k-t10k-s10k-r01","client","latency-client","2026-09-04T10:54:50.005Z","2026-09-04T10:55:00.012Z","True","30000","30001",,"0","0","0","870276",,"29980","11646","1",,,,"11550","0.22"
"q10k-t10k-s10k-r01","client","latency-client","2026-09-04T10:55:00.012Z","2026-09-04T10:55:10.012Z","True","30000","30001",,"0","0","0","870883",,"30001","11312","1",,,,"11217","0.22"
"q10k-t10k-s10k-r01","client","latency-client","2026-09-04T10:55:10.012Z","2026-09-04T10:55:20.006Z","True","30000","30001",,"0","0","0","871408",,"30019","10201","1",,,,"10106","0.23000000000000001"
"q10k-t10k-s10k-r01","client","latency-client","2026-09-04T10:55:20.006Z","2026-09-04T10:55:30.002Z","True","30000","30001",,"0","0","0","871225",,"30013","11893","1",,,,"11818","0.23000000000000001"
"q10k-t10k-s10k-r01","client","latency-client","2026-09-04T10:55:30.002Z","2026-09-04T10:55:40.001Z","True","30000","30001",,"0","0","0","870967",,"30004","9861","1",,,,"9784","0.19"
"q10k-t10k-s10k-r01","client","latency-client","2026-09-04T10:55:40.001Z","2026-09-04T10:55:50.006Z","True","30000","30001",,"0","0","0","870447",,"29986","12019","1",,,,"11923","0.25"
"q10k-t10k-s10k-r01","client","latency-client","2026-09-04T10:55:50.006Z","2026-09-04T10:56:00.009Z","True","30000","30001",,"0","0","0","870624",,"29992","12572","1",,,,"12476","0.20999999999999999"
"q10k-t10k-s10k-r01","client","latency-client","2026-09-04T10:56:00.009Z","2026-09-04T10:56:10.018Z","True","30000","30001",,"0","0","0","870100",,"29974","12780","1",,,,"12684","0.23999999999999999"
"q10k-t10k-s10k-r01","client","latency-client","2026-09-04T10:56:10.018Z","2026-09-04T10:56:20.001Z","True","30000","30001",,"0","0","0","872368",,"30052","10636","1",,,,"10538","0.25"
"q10k-t10k-s10k-r01","client","latency-client","2026-09-04T10:56:20.001Z","2026-09-04T10:56:30.001Z","True","30000","30001",,"0","0","0","870883",,"30001","12225","1",,,,"12127","0.20999999999999999"
"q10k-t10k-s10k-r01","client","latency-client","2026-09-04T10:56:30.001Z","2026-09-04T10:56:40.014Z","True","30000","30001",,"0","0","0","869755",,"29962","10977","1",,,,"10878","0.22"
"q10k-t10k-s10k-r01","client","latency-client","2026-09-04T10:56:40.014Z","2026-09-04T10:56:50.004Z","True","30000","30001",,"0","0","0","871755",,"30031","11080","1",,,,"10976","0.20999999999999999"
"q10k-t10k-s10k-r01","client","latency-client","2026-09-04T10:56:50.004Z","2026-09-04T10:57:00.001Z","True","30000","30001",,"0","0","0","871146",,"30010","10175","1",,,,"10078","0.23000000000000001"
"q10k-t10k-s10k-r01","client","latency-client","2026-09-04T10:57:00.001Z","2026-09-04T10:57:10.014Z","True","30000","30001",,"0","0","0","869753",,"29962","11829","1",,,,"11730","0.20999999999999999"
"q10k-t10k-s10k-r01","client","latency-client","2026-09-04T10:57:10.014Z","2026-09-04T10:57:20.005Z","True","30000","30000",,"0","0","0","261501",,"9008","10220","4",,,,"10117","0.070000000000000007"
"q10k-t10k-s10k-r01","client","latency-client","2026-09-04T10:57:20.005Z","2026-09-04T10:57:30.001Z","True","30000","30000",,"0","0","0","1",,,,"1",,,,,"0.02"
"q10k-t10k-s10k-r01","client","latency-client","2026-09-04T10:57:30.001Z","2026-09-04T10:57:40.002Z","True","30000","30000",,"0","0","0","1",,,,"1",,,,,"0"
"q10k-t10k-s10k-r01","server","latency-server","2026-09-04T10:46:00.014Z","2026-09-04T10:46:10.014Z","False","30000","0",,"0","0","0","0",,,,"0",,,,,"2.75"
"q10k-t10k-s10k-r01","server","latency-server","2026-09-04T10:46:10.014Z","2026-09-04T10:46:20.010Z","False","30000","30001",,"0","0","0","24096","3001",,,"689006",,"24008","107","12266","0.17999999999999999"
"q10k-t10k-s10k-r01","server","latency-server","2026-09-04T10:46:20.010Z","2026-09-04T10:46:30.003Z","False","30000","30001",,"0","0","0","1",,,,"861486",,"30022","109","9077","0.19"
"q10k-t10k-s10k-r01","server","latency-server","2026-09-04T10:46:30.003Z","2026-09-04T10:46:40.004Z","False","30000","30001",,"0","0","0","1",,,,"860877",,"30001","109","10540","0.17999999999999999"
"q10k-t10k-s10k-r01","server","latency-server","2026-09-04T10:46:40.004Z","2026-09-04T10:46:50.003Z","False","30000","30001",,"0","0","0","1",,,,"860877",,"30001","112","9100","0.19"
"q10k-t10k-s10k-r01","server","latency-server","2026-09-04T10:46:50.003Z","2026-09-04T10:47:00.004Z","False","30000","30001",,"0","0","0","1",,,,"860791",,"29998","109","7166","0.20000000000000001"
"q10k-t10k-s10k-r01","server","latency-server","2026-09-04T10:47:00.004Z","2026-09-04T10:47:10.003Z","False","30000","30001",,"0","0","0","1",,,,"860962",,"30004","106","11694","0.17999999999999999"
"q10k-t10k-s10k-r01","server","latency-server","2026-09-04T10:47:10.003Z","2026-09-04T10:47:20.013Z","False","30000","30001",,"0","0","0","1",,,,"865016",,"29971","100","15215","0.19"
"q10k-t10k-s10k-r01","server","latency-server","2026-09-04T10:47:20.013Z","2026-09-04T10:47:30.016Z","True","30000","30001",,"0","0","0","1",,,,"870644",,"29992","99","21002","0.17000000000000001"
"q10k-t10k-s10k-r01","server","latency-server","2026-09-04T10:47:30.016Z","2026-09-04T10:47:40.010Z","True","30000","30001",,"0","0","0","1",,,,"871501",,"30022","98","16673","0.19"
"q10k-t10k-s10k-r01","server","latency-server","2026-09-04T10:47:40.010Z","2026-09-04T10:47:50.001Z","True","30000","30001",,"0","0","0","1",,,,"871581",,"30025","105","6952","0.20000000000000001"
"q10k-t10k-s10k-r01","server","latency-server","2026-09-04T10:47:50.001Z","2026-09-04T10:48:00.014Z","True","30000","30001",,"0","0","0","1",,,,"869755",,"29962","100","9160","0.22"
"q10k-t10k-s10k-r01","server","latency-server","2026-09-04T10:48:00.014Z","2026-09-04T10:48:10.008Z","True","30000","30001",,"0","0","0","1",,,,"871407",,"30019","102","6406","0.19"
"q10k-t10k-s10k-r01","server","latency-server","2026-09-04T10:48:10.008Z","2026-09-04T10:48:20.008Z","True","30000","30001",,"0","0","0","1",,,,"870886",,"30001","102","2937","0.17999999999999999"
"q10k-t10k-s10k-r01","server","latency-server","2026-09-04T10:48:20.008Z","2026-09-04T10:48:30.006Z","True","30000","30001",,"0","0","0","1",,,,"871057",,"30007","97","7898","0.22"
"q10k-t10k-s10k-r01","server","latency-server","2026-09-04T10:48:30.006Z","2026-09-04T10:48:40.007Z","True","30000","30001",,"0","0","0","1",,,,"870798",,"29998","93","9156","0.19"
"q10k-t10k-s10k-r01","server","latency-server","2026-09-04T10:48:40.007Z","2026-09-04T10:48:50.003Z","True","30000","30001",,"0","0","0","1",,,,"871232",,"30013","96","13401","0.23000000000000001"
"q10k-t10k-s10k-r01","server","latency-server","2026-09-04T10:48:50.003Z","2026-09-04T10:49:00.011Z","True","30000","30001",,"0","0","0","1",,,,"870188",,"29977","94","15563","0.20000000000000001"
"q10k-t10k-s10k-r01","server","latency-server","2026-09-04T10:49:00.011Z","2026-09-04T10:49:10.015Z","True","30000","30001",,"0","0","0","1",,,,"870528",,"29989","66","13000","0.14999999999999999"
"q10k-t10k-s10k-r01","server","latency-server","2026-09-04T10:49:10.015Z","2026-09-04T10:49:20.011Z","True","30000","30001",,"0","0","0","1",,,,"871223",,"30013","63","12947","0.16"
"q10k-t10k-s10k-r01","server","latency-server","2026-09-04T10:49:20.011Z","2026-09-04T10:49:30.010Z","True","30000","30001",,"0","0","0","1",,,,"870960",,"30004","63","16086","0.14999999999999999"
"q10k-t10k-s10k-r01","server","latency-server","2026-09-04T10:49:30.010Z","2026-09-04T10:49:40.011Z","True","30000","30001",,"0","0","0","1",,,,"870788",,"29998","63","15414","0.16"
"q10k-t10k-s10k-r01","server","latency-server","2026-09-04T10:49:40.011Z","2026-09-04T10:49:50.007Z","True","30000","30001",,"0","0","0","1",,,,"871221",,"30013","63","12513","0.17000000000000001"
"q10k-t10k-s10k-r01","server","latency-server","2026-09-04T10:49:50.007Z","2026-09-04T10:50:00.007Z","True","30000","30001",,"0","0","0","1",,,,"870884",,"30001","98","10227","0.20999999999999999"
"q10k-t10k-s10k-r01","server","latency-server","2026-09-04T10:50:00.007Z","2026-09-04T10:50:10.012Z","True","30000","30001",,"0","0","0","1",,,,"870448",,"29986","94","12282","0.19"
"q10k-t10k-s10k-r01","server","latency-server","2026-09-04T10:50:10.012Z","2026-09-04T10:50:20.011Z","True","30000","30001",,"0","0","0","1",,,,"870973",,"30004","100","19179","0.23000000000000001"
"q10k-t10k-s10k-r01","server","latency-server","2026-09-04T10:50:20.011Z","2026-09-04T10:50:30.012Z","True","30000","30001",,"0","0","0","1",,,,"870796",,"29998","97","19095","0.19"
"q10k-t10k-s10k-r01","server","latency-server","2026-09-04T10:50:30.012Z","2026-09-04T10:50:40.004Z","True","30000","30001",,"0","0","0","1",,,,"871582",,"30025","97","22098","0.20999999999999999"
"q10k-t10k-s10k-r01","server","latency-server","2026-09-04T10:50:40.004Z","2026-09-04T10:50:50.008Z","True","30000","30001",,"0","0","0","1",,,,"870622",,"29992","99","20306","0.23000000000000001"
"q10k-t10k-s10k-r01","server","latency-server","2026-09-04T10:50:50.008Z","2026-09-04T10:51:00.011Z","True","30000","30001",,"0","0","0","1",,,,"870537",,"29989","95","17433","0.22"
"q10k-t10k-s10k-r01","server","latency-server","2026-09-04T10:51:00.011Z","2026-09-04T10:51:10.007Z","True","30000","30001",,"0","0","0","1",,,,"871231",,"30013","98","17828","0.22"
"q10k-t10k-s10k-r01","server","latency-server","2026-09-04T10:51:10.007Z","2026-09-04T10:51:20.005Z","True","30000","30001",,"0","0","0","1",,,,"871059",,"30007","102","23176","0.23000000000000001"
"q10k-t10k-s10k-r01","server","latency-server","2026-09-04T10:51:20.005Z","2026-09-04T10:51:30.007Z","True","30000","30001",,"0","0","0","1",,,,"870709",,"29995","99","20648","0.22"
"q10k-t10k-s10k-r01","server","latency-server","2026-09-04T10:51:30.007Z","2026-09-04T10:51:40.003Z","True","30000","30001",,"0","0","0","1",,,,"871223",,"30013","63","10560","0.16"
"q10k-t10k-s10k-r01","server","latency-server","2026-09-04T10:51:40.003Z","2026-09-04T10:51:50.010Z","True","30000","30001",,"0","0","0","1",,,,"870264",,"29980","63","18060","0.17000000000000001"
"q10k-t10k-s10k-r01","server","latency-server","2026-09-04T10:51:50.010Z","2026-09-04T10:52:00.013Z","True","30000","30001",,"0","0","0","1",,,,"870613",,"29992","63","19380","0.14999999999999999"
"q10k-t10k-s10k-r01","server","latency-server","2026-09-04T10:52:00.013Z","2026-09-04T10:52:10.005Z","True","30000","30001",,"0","0","0","1",,,,"871573",,"30025","66","15676","0.17999999999999999"
"q10k-t10k-s10k-r01","server","latency-server","2026-09-04T10:52:10.005Z","2026-09-04T10:52:20.012Z","True","30000","30001",,"0","0","0","1",,,,"870268",,"29980","70","14045","0.19"
"q10k-t10k-s10k-r01","server","latency-server","2026-09-04T10:52:20.012Z","2026-09-04T10:52:30.010Z","True","30000","30001",,"0","0","0","1",,,,"871058",,"30007","101","20963","0.20000000000000001"
"q10k-t10k-s10k-r01","server","latency-server","2026-09-04T10:52:30.010Z","2026-09-04T10:52:40.015Z","True","30000","30001",,"0","0","0","1",,,,"870537",,"29989","97","26347","0.20000000000000001"
"q10k-t10k-s10k-r01","server","latency-server","2026-09-04T10:52:40.015Z","2026-09-04T10:52:50.001Z","True","30000","30001",,"0","0","0","1",,,,"872016",,"30040","95","20416","0.20999999999999999"
"q10k-t10k-s10k-r01","server","latency-server","2026-09-04T10:52:50.001Z","2026-09-04T10:53:00.015Z","True","30000","30001",,"0","0","0","1",,,,"869668",,"29959","94","25911","0.19"
"q10k-t10k-s10k-r01","server","latency-server","2026-09-04T10:53:00.015Z","2026-09-04T10:53:10.008Z","True","30000","30001",,"0","0","0","1",,,,"871493",,"30022","94","20219","0.20000000000000001"
"q10k-t10k-s10k-r01","server","latency-server","2026-09-04T10:53:10.008Z","2026-09-04T10:53:20.002Z","True","30000","30001",,"0","0","0","1",,,,"871408",,"30019","100","20776","0.23000000000000001"
"q10k-t10k-s10k-r01","server","latency-server","2026-09-04T10:53:20.002Z","2026-09-04T10:53:30.004Z","True","30000","30001",,"0","0","0","1",,,,"870709",,"29995","101","19728","0.20000000000000001"
"q10k-t10k-s10k-r01","server","latency-server","2026-09-04T10:53:30.004Z","2026-09-04T10:53:40.015Z","True","30000","30001",,"0","0","0","1",,,,"869928",,"29968","94","19960","0.20000000000000001"
"q10k-t10k-s10k-r01","server","latency-server","2026-09-04T10:53:40.015Z","2026-09-04T10:53:50.002Z","True","30000","30001",,"0","0","0","1",,,,"872017",,"30040","99","22393","0.20000000000000001"
"q10k-t10k-s10k-r01","server","latency-server","2026-09-04T10:53:50.002Z","2026-09-04T10:54:00.003Z","True","30000","30001",,"0","0","0","1",,,,"870798",,"29998","99","20308","0.20999999999999999"
"q10k-t10k-s10k-r01","server","latency-server","2026-09-04T10:54:00.003Z","2026-09-04T10:54:10.005Z","True","30000","30001",,"0","0","0","1",,,,"870709",,"29995","96","18091","0.20000000000000001"
"q10k-t10k-s10k-r01","server","latency-server","2026-09-04T10:54:10.005Z","2026-09-04T10:54:20.013Z","True","30000","30001",,"0","0","0","1",,,,"870189",,"29977","98","18078","0.20000000000000001"
"q10k-t10k-s10k-r01","server","latency-server","2026-09-04T10:54:20.013Z","2026-09-04T10:54:30.004Z","True","30000","30001",,"0","0","0","1",,,,"871667",,"30028","102","21695","0.22"
"q10k-t10k-s10k-r01","server","latency-server","2026-09-04T10:54:30.004Z","2026-09-04T10:54:40.012Z","True","30000","30001",,"0","0","0","1",,,,"870188",,"29977","99","20047","0.20000000000000001"
"q10k-t10k-s10k-r01","server","latency-server","2026-09-04T10:54:40.012Z","2026-09-04T10:54:50.005Z","True","30000","30001",,"0","0","0","1",,,,"871493",,"30022","96","18950","0.20999999999999999"
"q10k-t10k-s10k-r01","server","latency-server","2026-09-04T10:54:50.005Z","2026-09-04T10:55:00.012Z","True","30000","30001",,"0","0","0","1",,,,"870276",,"29980","96","31430","0.20000000000000001"
"q10k-t10k-s10k-r01","server","latency-server","2026-09-04T10:55:00.012Z","2026-09-04T10:55:10.012Z","True","30000","30001",,"0","0","0","1",,,,"870883",,"30001","95","20839","0.20999999999999999"
"q10k-t10k-s10k-r01","server","latency-server","2026-09-04T10:55:10.012Z","2026-09-04T10:55:20.007Z","True","30000","30001",,"0","0","0","1",,,,"871321",,"30016","95","18473","0.20000000000000001"
"q10k-t10k-s10k-r01","server","latency-server","2026-09-04T10:55:20.007Z","2026-09-04T10:55:30.001Z","True","30000","30001",,"0","0","0","1",,,,"871399",,"30019","75","22950","0.17999999999999999"
"q10k-t10k-s10k-r01","server","latency-server","2026-09-04T10:55:30.001Z","2026-09-04T10:55:40.001Z","True","30000","30001",,"0","0","0","1",,,,"870880",,"30001","77","20235","0.17000000000000001"
"q10k-t10k-s10k-r01","server","latency-server","2026-09-04T10:55:40.001Z","2026-09-04T10:55:50.006Z","True","30000","30001",,"0","0","0","1",,,,"870447",,"29986","95","20769","0.20999999999999999"
"q10k-t10k-s10k-r01","server","latency-server","2026-09-04T10:55:50.006Z","2026-09-04T10:56:00.009Z","True","30000","30001",,"0","0","0","1",,,,"870624",,"29992","96","22708","0.20999999999999999"
"q10k-t10k-s10k-r01","server","latency-server","2026-09-04T10:56:00.009Z","2026-09-04T10:56:10.011Z","True","30000","30001",,"0","0","0","1",,,,"870709",,"29995","96","27443","0.20000000000000001"
"q10k-t10k-s10k-r01","server","latency-server","2026-09-04T10:56:10.011Z","2026-09-04T10:56:20.001Z","True","30000","30001",,"0","0","0","1",,,,"871757",,"30031","98","23916","0.20999999999999999"
"q10k-t10k-s10k-r01","server","latency-server","2026-09-04T10:56:20.001Z","2026-09-04T10:56:30.001Z","True","30000","30001",,"0","0","0","1",,,,"870883",,"30001","98","17322","0.19"
"q10k-t10k-s10k-r01","server","latency-server","2026-09-04T10:56:30.001Z","2026-09-04T10:56:40.014Z","True","30000","30001",,"0","0","0","1",,,,"869755",,"29962","99","16473","0.22"
"q10k-t10k-s10k-r01","server","latency-server","2026-09-04T10:56:40.014Z","2026-09-04T10:56:50.004Z","True","30000","30001",,"0","0","0","1",,,,"871755",,"30031","105","14746","0.22"
"q10k-t10k-s10k-r01","server","latency-server","2026-09-04T10:56:50.004Z","2026-09-04T10:57:00.001Z","True","30000","30001",,"0","0","0","1",,,,"871146",,"30010","96","15709","0.19"
"q10k-t10k-s10k-r01","server","latency-server","2026-09-04T10:57:00.001Z","2026-09-04T10:57:10.014Z","True","30000","30001",,"0","0","0","1",,,,"869753",,"29962","98","19013","0.22"
"q10k-t10k-s10k-r01","server","latency-server","2026-09-04T10:57:10.014Z","2026-09-04T10:57:20.005Z","True","30000","30000",,"0","0","0","4",,,,"261501",,"9008","102","20083","0.059999999999999998"
"q10k-t10k-s10k-r01","server","latency-server","2026-09-04T10:57:20.005Z","2026-09-04T10:57:30.001Z","True","30000","30000",,"0","0","0","1",,,,"1",,,,,"0"
"q10k-t10k-s10k-r01","server","latency-server","2026-09-04T10:57:30.001Z","2026-09-04T10:57:40.002Z","True","30000","30000",,"0","0","0","1",,,,"1",,,,,"0"
"q10k-t10k-s10k-r02","client","latency-client","2026-09-04T11:22:10.003Z","2026-09-04T11:22:20.003Z","False","30000","30001",,"0","0","0","879701",,"30654","17537","18935","2358",,,"16184","1.4299999999999999"
"q10k-t10k-s10k-r02","client","latency-client","2026-09-04T11:22:20.003Z","2026-09-04T11:22:30.011Z","False","30000","30001",,"0","0","0","860103",,"29974","7267","1",,,,"7160","0.20999999999999999"
"q10k-t10k-s10k-r02","client","latency-client","2026-09-04T11:22:30.011Z","2026-09-04T11:22:40.016Z","False","30000","30001",,"0","0","0","860446",,"29986","9065","1",,,,"8958","0.17999999999999999"
"q10k-t10k-s10k-r02","client","latency-client","2026-09-04T11:22:40.016Z","2026-09-04T11:22:50.013Z","False","30000","30001",,"0","0","0","861135",,"30010","8703","1",,,,"8602","0.16"
"q10k-t10k-s10k-r02","client","latency-client","2026-09-04T11:22:50.013Z","2026-09-04T11:23:00.012Z","False","30000","30001",,"0","0","0","860963",,"30004","8636","1",,,,"8533","0.20000000000000001"
"q10k-t10k-s10k-r02","client","latency-client","2026-09-04T11:23:00.012Z","2026-09-04T11:23:10.006Z","False","30000","30001",,"0","0","0","861393",,"30019","9616","1",,,,"9513","0.20999999999999999"
"q10k-t10k-s10k-r02","client","latency-client","2026-09-04T11:23:10.006Z","2026-09-04T11:23:20.015Z","True","30000","30001",,"0","0","0","870102",,"29974","9885","1",,,,"9788","0.20999999999999999"
"q10k-t10k-s10k-r02","client","latency-client","2026-09-04T11:23:20.015Z","2026-09-04T11:23:30.012Z","True","30000","30001",,"0","0","0","871145",,"30010","8829","1",,,,"8732","0.20000000000000001"
"q10k-t10k-s10k-r02","client","latency-client","2026-09-04T11:23:30.012Z","2026-09-04T11:23:40.013Z","True","30000","30001",,"0","0","0","870798",,"29998","9938","1",,,,"9837","0.23000000000000001"
"q10k-t10k-s10k-r02","client","latency-client","2026-09-04T11:23:40.013Z","2026-09-04T11:23:50.006Z","True","30000","30001",,"0","0","0","871493",,"30022","11741","1",,,,"11644","0.23999999999999999"
"q10k-t10k-s10k-r02","client","latency-client","2026-09-04T11:23:50.006Z","2026-09-04T11:24:00.013Z","True","30000","30001",,"0","0","0","870275",,"29980","9628","1",,,,"9529","0.20999999999999999"
"q10k-t10k-s10k-r02","client","latency-client","2026-09-04T11:24:00.013Z","2026-09-04T11:24:10.002Z","True","30000","30001",,"0","0","0","871843",,"30034","10188","1",,,,"10090","0.20999999999999999"
"q10k-t10k-s10k-r02","client","latency-client","2026-09-04T11:24:10.002Z","2026-09-04T11:24:20.009Z","True","30000","30001",,"0","0","0","870276",,"29980","10085","1",,,,"9989","0.20000000000000001"
"q10k-t10k-s10k-r02","client","latency-client","2026-09-04T11:24:20.009Z","2026-09-04T11:24:30.003Z","True","30000","30001",,"0","0","0","871405",,"30019","10246","1",,,,"10155","0.19"
"q10k-t10k-s10k-r02","client","latency-client","2026-09-04T11:24:30.003Z","2026-09-04T11:24:40.015Z","True","30000","30001",,"0","0","0","869842",,"29965","9949","1",,,,"9851","0.22"
"q10k-t10k-s10k-r02","client","latency-client","2026-09-04T11:24:40.015Z","2026-09-04T11:24:50.003Z","True","30000","30001",,"0","0","0","871930",,"30037","9170","1",,,,"9069","0.20000000000000001"
"q10k-t10k-s10k-r02","client","latency-client","2026-09-04T11:24:50.003Z","2026-09-04T11:25:00.008Z","True","30000","30001",,"0","0","0","870450",,"29986","9494","1",,,,"9391","0.19"
"q10k-t10k-s10k-r02","client","latency-client","2026-09-04T11:25:00.008Z","2026-09-04T11:25:10.002Z","True","30000","30001",,"0","0","0","871406",,"30019","9572","1",,,,"9464","0.23000000000000001"
"q10k-t10k-s10k-r02","client","latency-client","2026-09-04T11:25:10.002Z","2026-09-04T11:25:20.005Z","True","30000","30001",,"0","0","0","870623",,"29992","9834","1",,,,"9735","0.20999999999999999"
"q10k-t10k-s10k-r02","client","latency-client","2026-09-04T11:25:20.005Z","2026-09-04T11:25:30.012Z","True","30000","30001",,"0","0","0","870274",,"29980","9550","1",,,,"9452","0.22"
"q10k-t10k-s10k-r02","client","latency-client","2026-09-04T11:25:30.012Z","2026-09-04T11:25:40.015Z","True","30000","30001",,"0","0","0","870624",,"29992","10244","1",,,,"10144","0.22"
"q10k-t10k-s10k-r02","client","latency-client","2026-09-04T11:25:40.015Z","2026-09-04T11:25:50.031Z","True","30000","30001",,"0","0","0","869492",,"29953","11436","1",,,,"11341","0.23999999999999999"
"q10k-t10k-s10k-r02","client","latency-client","2026-09-04T11:25:50.031Z","2026-09-04T11:26:00.009Z","True","30000","30001",,"0","0","0","872805",,"30067","9494","1",,,,"9396","0.22"
"q10k-t10k-s10k-r02","client","latency-client","2026-09-04T11:26:00.009Z","2026-09-04T11:26:10.016Z","True","30000","30001",,"0","0","0","870274",,"29980","10082","1",,,,"9986","0.22"
"q10k-t10k-s10k-r02","client","latency-client","2026-09-04T11:26:10.016Z","2026-09-04T11:26:20.001Z","True","30000","30001",,"0","0","0","872193",,"30046","9897","1",,,,"9801","0.20000000000000001"
"q10k-t10k-s10k-r02","client","latency-client","2026-09-04T11:26:20.001Z","2026-09-04T11:26:30.002Z","True","30000","30001",,"0","0","0","870795",,"29998","10481","1",,,,"10393","0.20999999999999999"
"q10k-t10k-s10k-r02","client","latency-client","2026-09-04T11:26:30.002Z","2026-09-04T11:26:40.010Z","True","30000","30001",,"0","0","0","870188",,"29977","11195","1",,,,"11096","0.23000000000000001"
"q10k-t10k-s10k-r02","client","latency-client","2026-09-04T11:26:40.010Z","2026-09-04T11:26:50.004Z","True","30000","30001",,"0","0","0","871406",,"30019","11747","1",,,,"11652","0.25"
"q10k-t10k-s10k-r02","client","latency-client","2026-09-04T11:26:50.004Z","2026-09-04T11:27:00.007Z","True","30000","30001",,"0","0","0","870624",,"29992","11303","1",,,,"11209","0.26000000000000001"
"q10k-t10k-s10k-r02","client","latency-client","2026-09-04T11:27:00.007Z","2026-09-04T11:27:10.013Z","True","30000","30001",,"0","0","0","870361",,"29983","11334","1",,,,"11242","0.22"
"q10k-t10k-s10k-r02","client","latency-client","2026-09-04T11:27:10.013Z","2026-09-04T11:27:20.005Z","True","30000","30001",,"0","0","0","871583",,"30025","11416","1",,,,"11312","0.22"
"q10k-t10k-s10k-r02","client","latency-client","2026-09-04T11:27:20.005Z","2026-09-04T11:27:30.007Z","True","30000","30001",,"0","0","0","870708",,"29995","11523","1",,,,"11435","0.20999999999999999"
"q10k-t10k-s10k-r02","client","latency-client","2026-09-04T11:27:30.007Z","2026-09-04T11:27:40.000Z","True","30000","30001",,"0","0","0","871491",,"30022","10752","1",,,,"10662","0.23000000000000001"
"q10k-t10k-s10k-r02","client","latency-client","2026-09-04T11:27:40.000Z","2026-09-04T11:27:50.010Z","True","30000","30001",,"0","0","0","870003",,"29971","9293","1",,,,"9229","0.16"
"q10k-t10k-s10k-r02","client","latency-client","2026-09-04T11:27:50.010Z","2026-09-04T11:28:00.007Z","True","30000","30001",,"0","0","0","871138",,"30010","8391","1",,,,"8326","0.17999999999999999"
"q10k-t10k-s10k-r02","client","latency-client","2026-09-04T11:28:00.007Z","2026-09-04T11:28:10.005Z","True","30000","30001",,"0","0","0","871048",,"30007","9118","1",,,,"9054","0.19"
"q10k-t10k-s10k-r02","client","latency-client","2026-09-04T11:28:10.005Z","2026-09-04T11:28:20.005Z","True","30000","30001",,"0","0","0","870875",,"30001","7633","1",,,,"7568","0.17000000000000001"
"q10k-t10k-s10k-r02","client","latency-client","2026-09-04T11:28:20.005Z","2026-09-04T11:28:30.002Z","True","30000","30001",,"0","0","0","871134",,"30010","8818","1",,,,"8755","0.17000000000000001"
"q10k-t10k-s10k-r02","client","latency-client","2026-09-04T11:28:30.002Z","2026-09-04T11:28:40.005Z","True","30000","30001",,"0","0","0","870613",,"29992","8360","1",,,,"8296","0.14000000000000001"
"q10k-t10k-s10k-r02","client","latency-client","2026-09-04T11:28:40.005Z","2026-09-04T11:28:50.007Z","True","30000","30001",,"0","0","0","870700",,"29995","8463","1",,,,"8401","0.19"
"q10k-t10k-s10k-r02","client","latency-client","2026-09-04T11:28:50.007Z","2026-09-04T11:29:00.003Z","True","30000","30001",,"0","0","0","871227",,"30013","10215","1",,,,"10137","0.17999999999999999"
"q10k-t10k-s10k-r02","client","latency-client","2026-09-04T11:29:00.003Z","2026-09-04T11:29:10.005Z","True","30000","30001",,"0","0","0","870710",,"29995","9304","1",,,,"9197","0.20000000000000001"
"q10k-t10k-s10k-r02","client","latency-client","2026-09-04T11:29:10.005Z","2026-09-04T11:29:20.003Z","True","30000","30001",,"0","0","0","871060",,"30007","9031","1",,,,"8923","0.20999999999999999"
"q10k-t10k-s10k-r02","client","latency-client","2026-09-04T11:29:20.003Z","2026-09-04T11:29:30.010Z","True","30000","30001",,"0","0","0","870274",,"29980","10612","1",,,,"10508","0.19"
"q10k-t10k-s10k-r02","client","latency-client","2026-09-04T11:29:30.010Z","2026-09-04T11:29:40.004Z","True","30000","30001",,"0","0","0","871407",,"30019","10067","1",,,,"9963","0.23999999999999999"
"q10k-t10k-s10k-r02","client","latency-client","2026-09-04T11:29:40.004Z","2026-09-04T11:29:50.015Z","True","30000","30001",,"0","0","0","869926",,"29968","11622","1",,,,"11524","0.23000000000000001"
"q10k-t10k-s10k-r02","client","latency-client","2026-09-04T11:29:50.015Z","2026-09-04T11:30:00.006Z","True","30000","30001",,"0","0","0","871669",,"30028","13138","1",,,,"13041","0.23999999999999999"
"q10k-t10k-s10k-r02","client","latency-client","2026-09-04T11:30:00.006Z","2026-09-04T11:30:10.015Z","True","30000","30001",,"0","0","0","870100",,"29974","10006","1",,,,"9913","0.20000000000000001"
"q10k-t10k-s10k-r02","client","latency-client","2026-09-04T11:30:10.015Z","2026-09-04T11:30:20.006Z","True","30000","30001",,"0","0","0","871670",,"30028","9047","1",,,,"8952","0.19"
"q10k-t10k-s10k-r02","client","latency-client","2026-09-04T11:30:20.006Z","2026-09-04T11:30:30.014Z","True","30000","30001",,"0","0","0","870187",,"29977","9951","1",,,,"9847","0.22"
"q10k-t10k-s10k-r02","client","latency-client","2026-09-04T11:30:30.014Z","2026-09-04T11:30:40.014Z","True","30000","30001",,"0","0","0","870885",,"30001","11272","1",,,,"11178","0.23999999999999999"
"q10k-t10k-s10k-r02","client","latency-client","2026-09-04T11:30:40.014Z","2026-09-04T11:30:50.012Z","True","30000","30001",,"0","0","0","871057",,"30007","11102","1",,,,"11009","0.23999999999999999"
"q10k-t10k-s10k-r02","client","latency-client","2026-09-04T11:30:50.012Z","2026-09-04T11:31:00.002Z","True","30000","30001",,"0","0","0","871756",,"30031","11216","1",,,,"11115","0.28999999999999998"
"q10k-t10k-s10k-r02","client","latency-client","2026-09-04T11:31:00.002Z","2026-09-04T11:31:10.007Z","True","30000","30001",,"0","0","0","870448",,"29986","11997","1",,,,"11899","0.23000000000000001"
"q10k-t10k-s10k-r02","client","latency-client","2026-09-04T11:31:10.007Z","2026-09-04T11:31:20.010Z","True","30000","30001",,"0","0","0","870624",,"29992","10829","1",,,,"10726","0.23000000000000001"
"q10k-t10k-s10k-r02","client","latency-client","2026-09-04T11:31:20.010Z","2026-09-04T11:31:30.005Z","True","30000","30001",,"0","0","0","871319",,"30016","9805","1",,,,"9702","0.23999999999999999"
"q10k-t10k-s10k-r02","client","latency-client","2026-09-04T11:31:30.005Z","2026-09-04T11:31:40.004Z","True","30000","30001",,"0","0","0","870972",,"30004","13124","1",,,,"13028","0.23000000000000001"
"q10k-t10k-s10k-r02","client","latency-client","2026-09-04T11:31:40.004Z","2026-09-04T11:31:50.014Z","True","30000","30001",,"0","0","0","870014",,"29971","11879","1",,,,"11782","0.20000000000000001"
"q10k-t10k-s10k-r02","client","latency-client","2026-09-04T11:31:50.014Z","2026-09-04T11:32:00.015Z","True","30000","30001",,"0","0","0","870798",,"29998","12773","1",,,,"12677","0.23999999999999999"
"q10k-t10k-s10k-r02","client","latency-client","2026-09-04T11:32:00.015Z","2026-09-04T11:32:10.005Z","True","30000","30001",,"0","0","0","871755",,"30031","10859","1",,,,"10759","0.27000000000000002"
"q10k-t10k-s10k-r02","client","latency-client","2026-09-04T11:32:10.005Z","2026-09-04T11:32:20.005Z","True","30000","30001",,"0","0","0","870885",,"30001","10773","1",,,,"10673","0.20000000000000001"
"q10k-t10k-s10k-r02","client","latency-client","2026-09-04T11:32:20.005Z","2026-09-04T11:32:30.008Z","True","30000","30001",,"0","0","0","870622",,"29992","9893","1",,,,"9801","0.22"
"q10k-t10k-s10k-r02","client","latency-client","2026-09-04T11:32:30.008Z","2026-09-04T11:32:40.013Z","True","30000","30001",,"0","0","0","870449",,"29986","10948","1",,,,"10854","0.23000000000000001"
"q10k-t10k-s10k-r02","client","latency-client","2026-09-04T11:32:40.013Z","2026-09-04T11:32:50.011Z","True","30000","30001",,"0","0","0","871058",,"30007","10510","1",,,,"10417","0.27000000000000002"
"q10k-t10k-s10k-r02","client","latency-client","2026-09-04T11:32:50.011Z","2026-09-04T11:33:00.002Z","True","30000","30001",,"0","0","0","871670",,"30028","10201","1",,,,"10105","0.20999999999999999"
"q10k-t10k-s10k-r02","client","latency-client","2026-09-04T11:33:00.002Z","2026-09-04T11:33:10.011Z","True","30000","30000",,"0","0","0","696081",,"23979","11954","4",,,,"11858","0.17999999999999999"
"q10k-t10k-s10k-r02","client","latency-client","2026-09-04T11:33:10.011Z","2026-09-04T11:33:20.003Z","True","30000","30000",,"0","0","0","1",,,,"1",,,,,"0"
"q10k-t10k-s10k-r02","client","latency-client","2026-09-04T11:33:20.003Z","2026-09-04T11:33:30.014Z","True","30000","30000",,"0","0","0","1",,,,"1",,,,,"0"
"q10k-t10k-s10k-r02","server","latency-server","2026-09-04T11:22:00.011Z","2026-09-04T11:22:10.011Z","False","30000","30001",,"0","0","0","22288","2775",,,"239033",,"8327","113","11285","1.53"
"q10k-t10k-s10k-r02","server","latency-server","2026-09-04T11:22:10.011Z","2026-09-04T11:22:20.005Z","False","30000","30001",,"0","0","0","1",,,,"861412",,"30019","107","11779","0.19"
"q10k-t10k-s10k-r02","server","latency-server","2026-09-04T11:22:20.005Z","2026-09-04T11:22:30.011Z","False","30000","30001",,"0","0","0","1",,,,"860361",,"29983","107","8683","0.17999999999999999"
"q10k-t10k-s10k-r02","server","latency-server","2026-09-04T11:22:30.011Z","2026-09-04T11:22:40.016Z","False","30000","30001",,"0","0","0","1",,,,"860446",,"29986","108","7989","0.20999999999999999"
"q10k-t10k-s10k-r02","server","latency-server","2026-09-04T11:22:40.016Z","2026-09-04T11:22:50.013Z","False","30000","30001",,"0","0","0","1",,,,"861135",,"30010","101","10265","0.17999999999999999"
"q10k-t10k-s10k-r02","server","latency-server","2026-09-04T11:22:50.013Z","2026-09-04T11:23:00.013Z","False","30000","30001",,"0","0","0","1",,,,"860877",,"30001","102","12300","0.20000000000000001"
"q10k-t10k-s10k-r02","server","latency-server","2026-09-04T11:23:00.013Z","2026-09-04T11:23:10.010Z","False","30000","30001",,"0","0","0","1",,,,"861135",,"30010","103","9472","0.20000000000000001"
"q10k-t10k-s10k-r02","server","latency-server","2026-09-04T11:23:10.010Z","2026-09-04T11:23:20.015Z","True","30000","30001",,"0","0","0","1",,,,"870450",,"29986","97","17290","0.22"
"q10k-t10k-s10k-r02","server","latency-server","2026-09-04T11:23:20.015Z","2026-09-04T11:23:30.013Z","True","30000","30001",,"0","0","0","1",,,,"871058",,"30007","97","18740","0.19"
"q10k-t10k-s10k-r02","server","latency-server","2026-09-04T11:23:30.013Z","2026-09-04T11:23:40.013Z","True","30000","30001",,"0","0","0","1",,,,"870885",,"30001","102","14699","0.17999999999999999"
"q10k-t10k-s10k-r02","server","latency-server","2026-09-04T11:23:40.013Z","2026-09-04T11:23:50.007Z","True","30000","30001",,"0","0","0","1",,,,"871406",,"30019","97","8041","0.20999999999999999"
"q10k-t10k-s10k-r02","server","latency-server","2026-09-04T11:23:50.007Z","2026-09-04T11:24:00.013Z","True","30000","30001",,"0","0","0","1",,,,"870362",,"29983","100","6155","0.19"
"q10k-t10k-s10k-r02","server","latency-server","2026-09-04T11:24:00.013Z","2026-09-04T11:24:10.004Z","True","30000","30001",,"0","0","0","1",,,,"871755",,"30031","97","15610","0.19"
"q10k-t10k-s10k-r02","server","latency-server","2026-09-04T11:24:10.004Z","2026-09-04T11:24:20.011Z","True","30000","30001",,"0","0","0","1",,,,"870276",,"29980","96","7176","0.20999999999999999"
"q10k-t10k-s10k-r02","server","latency-server","2026-09-04T11:24:20.011Z","2026-09-04T11:24:30.003Z","True","30000","30001",,"0","0","0","1",,,,"871492",,"30022","91","11170","0.19"
"q10k-t10k-s10k-r02","server","latency-server","2026-09-04T11:24:30.003Z","2026-09-04T11:24:40.013Z","True","30000","30001",,"0","0","0","1",,,,"870015",,"29971","98","16790","0.20000000000000001"
"q10k-t10k-s10k-r02","server","latency-server","2026-09-04T11:24:40.013Z","2026-09-04T11:24:50.003Z","True","30000","30001",,"0","0","0","1",,,,"871755",,"30031","101","17405","0.19"
"q10k-t10k-s10k-r02","server","latency-server","2026-09-04T11:24:50.003Z","2026-09-04T11:25:00.008Z","True","30000","30001",,"0","0","0","1",,,,"870450",,"29986","103","17931","0.19"
"q10k-t10k-s10k-r02","server","latency-server","2026-09-04T11:25:00.008Z","2026-09-04T11:25:10.002Z","True","30000","30001",,"0","0","0","1",,,,"871406",,"30019","108","14929","0.20000000000000001"
"q10k-t10k-s10k-r02","server","latency-server","2026-09-04T11:25:10.002Z","2026-09-04T11:25:20.005Z","True","30000","30001",,"0","0","0","1",,,,"870623",,"29992","99","13836","0.20000000000000001"
"q10k-t10k-s10k-r02","server","latency-server","2026-09-04T11:25:20.005Z","2026-09-04T11:25:30.012Z","True","30000","30001",,"0","0","0","1",,,,"870274",,"29980","98","19966","0.17999999999999999"
"q10k-t10k-s10k-r02","server","latency-server","2026-09-04T11:25:30.012Z","2026-09-04T11:25:40.015Z","True","30000","30001",,"0","0","0","1",,,,"870624",,"29992","99","17046","0.20999999999999999"
"q10k-t10k-s10k-r02","server","latency-server","2026-09-04T11:25:40.015Z","2026-09-04T11:25:50.017Z","True","30000","30001",,"0","0","0","1",,,,"870709",,"29995","95","18087","0.20999999999999999"
"q10k-t10k-s10k-r02","server","latency-server","2026-09-04T11:25:50.017Z","2026-09-04T11:26:00.009Z","True","30000","30001",,"0","0","0","1",,,,"871582",,"30025","98","22932","0.20999999999999999"
"q10k-t10k-s10k-r02","server","latency-server","2026-09-04T11:26:00.009Z","2026-09-04T11:26:10.016Z","True","30000","30001",,"0","0","0","1",,,,"870274",,"29980","96","23339","0.20000000000000001"
"q10k-t10k-s10k-r02","server","latency-server","2026-09-04T11:26:10.016Z","2026-09-04T11:26:20.020Z","True","30000","30001",,"0","0","0","1",,,,"870536",,"29989","96","21680","0.20999999999999999"
"q10k-t10k-s10k-r02","server","latency-server","2026-09-04T11:26:20.020Z","2026-09-04T11:26:30.002Z","True","30000","30001",,"0","0","0","1",,,,"872453",,"30055","88","19798","0.19"
"q10k-t10k-s10k-r02","server","latency-server","2026-09-04T11:26:30.002Z","2026-09-04T11:26:40.010Z","True","30000","30001",,"0","0","0","1",,,,"870188",,"29977","99","20187","0.19"
"q10k-t10k-s10k-r02","server","latency-server","2026-09-04T11:26:40.010Z","2026-09-04T11:26:50.004Z","True","30000","30001",,"0","0","0","1",,,,"871406",,"30019","95","15687","0.22"
"q10k-t10k-s10k-r02","server","latency-server","2026-09-04T11:26:50.004Z","2026-09-04T11:27:00.007Z","True","30000","30001",,"0","0","0","1",,,,"870624",,"29992","94","24209","0.19"
"q10k-t10k-s10k-r02","server","latency-server","2026-09-04T11:27:00.007Z","2026-09-04T11:27:10.013Z","True","30000","30001",,"0","0","0","1",,,,"870361",,"29983","92","17129","0.19"
"q10k-t10k-s10k-r02","server","latency-server","2026-09-04T11:27:10.013Z","2026-09-04T11:27:20.005Z","True","30000","30001",,"0","0","0","1",,,,"871583",,"30025","104","20161","0.19"
"q10k-t10k-s10k-r02","server","latency-server","2026-09-04T11:27:20.005Z","2026-09-04T11:27:30.009Z","True","30000","30001",,"0","0","0","1",,,,"870534",,"29989","87","20967","0.20000000000000001"
"q10k-t10k-s10k-r02","server","latency-server","2026-09-04T11:27:30.009Z","2026-09-04T11:27:40.000Z","True","30000","30001",,"0","0","0","1",,,,"871665",,"30028","90","18043","0.17999999999999999"
"q10k-t10k-s10k-r02","server","latency-server","2026-09-04T11:27:40.000Z","2026-09-04T11:27:50.010Z","True","30000","30001",,"0","0","0","1",,,,"870003",,"29971","63","12446","0.16"
"q10k-t10k-s10k-r02","server","latency-server","2026-09-04T11:27:50.010Z","2026-09-04T11:28:00.007Z","True","30000","30001",,"0","0","0","1",,,,"871138",,"30010","65","13350","0.17999999999999999"
"q10k-t10k-s10k-r02","server","latency-server","2026-09-04T11:28:00.007Z","2026-09-04T11:28:10.005Z","True","30000","30001",,"0","0","0","1",,,,"871048",,"30007","64","13817","0.17000000000000001"
"q10k-t10k-s10k-r02","server","latency-server","2026-09-04T11:28:10.005Z","2026-09-04T11:28:20.005Z","True","30000","30001",,"0","0","0","1",,,,"870875",,"30001","65","15255","0.17000000000000001"
"q10k-t10k-s10k-r02","server","latency-server","2026-09-04T11:28:20.005Z","2026-09-04T11:28:30.002Z","True","30000","30001",,"0","0","0","1",,,,"871134",,"30010","63","14772","0.16"
"q10k-t10k-s10k-r02","server","latency-server","2026-09-04T11:28:30.002Z","2026-09-04T11:28:40.005Z","True","30000","30001",,"0","0","0","1",,,,"870613",,"29992","64","18146","0.17000000000000001"
"q10k-t10k-s10k-r02","server","latency-server","2026-09-04T11:28:40.005Z","2026-09-04T11:28:50.007Z","True","30000","30001",,"0","0","0","1",,,,"870700",,"29995","62","13412","0.16"
"q10k-t10k-s10k-r02","server","latency-server","2026-09-04T11:28:50.007Z","2026-09-04T11:29:00.003Z","True","30000","30001",,"0","0","0","1",,,,"871227",,"30013","78","18421","0.17999999999999999"
"q10k-t10k-s10k-r02","server","latency-server","2026-09-04T11:29:00.003Z","2026-09-04T11:29:10.005Z","True","30000","30001",,"0","0","0","1",,,,"870710",,"29995","106","27390","0.19"
"q10k-t10k-s10k-r02","server","latency-server","2026-09-04T11:29:10.005Z","2026-09-04T11:29:20.003Z","True","30000","30001",,"0","0","0","1",,,,"871060",,"30007","108","16493","0.20000000000000001"
"q10k-t10k-s10k-r02","server","latency-server","2026-09-04T11:29:20.003Z","2026-09-04T11:29:30.010Z","True","30000","30001",,"0","0","0","1",,,,"870274",,"29980","103","16814","0.22"
"q10k-t10k-s10k-r02","server","latency-server","2026-09-04T11:29:30.010Z","2026-09-04T11:29:40.006Z","True","30000","30001",,"0","0","0","1",,,,"871233",,"30013","104","15525","0.19"
"q10k-t10k-s10k-r02","server","latency-server","2026-09-04T11:29:40.006Z","2026-09-04T11:29:50.017Z","True","30000","30001",,"0","0","0","1",,,,"869926",,"29968","98","20964","0.20000000000000001"
"q10k-t10k-s10k-r02","server","latency-server","2026-09-04T11:29:50.017Z","2026-09-04T11:30:00.006Z","True","30000","30001",,"0","0","0","1",,,,"871844",,"30034","97","23065","0.20000000000000001"
"q10k-t10k-s10k-r02","server","latency-server","2026-09-04T11:30:00.006Z","2026-09-04T11:30:10.015Z","True","30000","30001",,"0","0","0","1",,,,"870100",,"29974","93","18755","0.22"
"q10k-t10k-s10k-r02","server","latency-server","2026-09-04T11:30:10.015Z","2026-09-04T11:30:20.006Z","True","30000","30001",,"0","0","0","1",,,,"871670",,"30028","95","17681","0.19"
"q10k-t10k-s10k-r02","server","latency-server","2026-09-04T11:30:20.006Z","2026-09-04T11:30:30.022Z","True","30000","30001",,"0","0","0","1",,,,"869492",,"29953","104","15385","0.19"
"q10k-t10k-s10k-r02","server","latency-server","2026-09-04T11:30:30.022Z","2026-09-04T11:30:40.014Z","True","30000","30001",,"0","0","0","1",,,,"871582",,"30025","94","19813","0.22"
"q10k-t10k-s10k-r02","server","latency-server","2026-09-04T11:30:40.014Z","2026-09-04T11:30:50.012Z","True","30000","30001",,"0","0","0","1",,,,"871057",,"30007","93","21230","0.20000000000000001"
"q10k-t10k-s10k-r02","server","latency-server","2026-09-04T11:30:50.012Z","2026-09-04T11:31:00.011Z","True","30000","30001",,"0","0","0","1",,,,"871058",,"30007","101","20174","0.19"
"q10k-t10k-s10k-r02","server","latency-server","2026-09-04T11:31:00.011Z","2026-09-04T11:31:10.014Z","True","30000","30001",,"0","0","0","1",,,,"870535",,"29989","98","17800","0.19"
"q10k-t10k-s10k-r02","server","latency-server","2026-09-04T11:31:10.014Z","2026-09-04T11:31:20.010Z","True","30000","30001",,"0","0","0","1",,,,"871233",,"30013","103","17715","0.20999999999999999"
"q10k-t10k-s10k-r02","server","latency-server","2026-09-04T11:31:20.010Z","2026-09-04T11:31:30.005Z","True","30000","30001",,"0","0","0","1",,,,"871319",,"30016","103","28425","0.20999999999999999"
"q10k-t10k-s10k-r02","server","latency-server","2026-09-04T11:31:30.005Z","2026-09-04T11:31:40.004Z","True","30000","30001",,"0","0","0","1",,,,"870972",,"30004","96","17512","0.23000000000000001"
"q10k-t10k-s10k-r02","server","latency-server","2026-09-04T11:31:40.004Z","2026-09-04T11:31:50.014Z","True","30000","30001",,"0","0","0","1",,,,"870014",,"29971","97","18171","0.19"
"q10k-t10k-s10k-r02","server","latency-server","2026-09-04T11:31:50.014Z","2026-09-04T11:32:00.015Z","True","30000","30001",,"0","0","0","1",,,,"870798",,"29998","96","21112","0.22"
"q10k-t10k-s10k-r02","server","latency-server","2026-09-04T11:32:00.015Z","2026-09-04T11:32:10.005Z","True","30000","30001",,"0","0","0","1",,,,"871755",,"30031","100","19902","0.20999999999999999"
"q10k-t10k-s10k-r02","server","latency-server","2026-09-04T11:32:10.005Z","2026-09-04T11:32:20.005Z","True","30000","30001",,"0","0","0","1",,,,"870885",,"30001","99","22791","0.20000000000000001"
"q10k-t10k-s10k-r02","server","latency-server","2026-09-04T11:32:20.005Z","2026-09-04T11:32:30.008Z","True","30000","30001",,"0","0","0","1",,,,"870622",,"29992","92","24469","0.19"
"q10k-t10k-s10k-r02","server","latency-server","2026-09-04T11:32:30.008Z","2026-09-04T11:32:40.013Z","True","30000","30001",,"0","0","0","1",,,,"870449",,"29986","94","18300","0.20999999999999999"
"q10k-t10k-s10k-r02","server","latency-server","2026-09-04T11:32:40.013Z","2026-09-04T11:32:50.012Z","True","30000","30001",,"0","0","0","1",,,,"870970",,"30004","92","20590","0.17000000000000001"
"q10k-t10k-s10k-r02","server","latency-server","2026-09-04T11:32:50.012Z","2026-09-04T11:33:00.002Z","True","30000","30001",,"0","0","0","1",,,,"871757",,"30031","96","25093","0.20000000000000001"
"q10k-t10k-s10k-r02","server","latency-server","2026-09-04T11:33:00.002Z","2026-09-04T11:33:10.011Z","True","30000","30000",,"0","0","0","4",,,,"696081",,"23979","96","17098","0.17000000000000001"
"q10k-t10k-s10k-r02","server","latency-server","2026-09-04T11:33:10.011Z","2026-09-04T11:33:20.003Z","True","30000","30000",,"0","0","0","1",,,,"1",,,,,"0"
"q10k-t10k-s10k-r02","server","latency-server","2026-09-04T11:33:20.003Z","2026-09-04T11:33:30.014Z","True","30000","30000",,"0","0","0","1",,,,"1",,,,,"0"
"q10k-t10k-s10k-r03","client","latency-client","2026-09-04T11:58:00.001Z","2026-09-04T11:58:10.001Z","False","30000","30001",,"0","0","0","926873",,"32297","13184","25933","3229",,,"11927","1.8300000000000001"
"q10k-t10k-s10k-r03","client","latency-client","2026-09-04T11:58:10.001Z","2026-09-04T11:58:20.014Z","False","30000","30001",,"0","0","0","859752",,"29962","5369","1",,,,"5303","0.12"
"q10k-t10k-s10k-r03","client","latency-client","2026-09-04T11:58:20.014Z","2026-09-04T11:58:30.002Z","False","30000","30001",,"0","0","0","861903",,"30037","7040","1",,,,"6977","0.13"
"q10k-t10k-s10k-r03","client","latency-client","2026-09-04T11:58:30.002Z","2026-09-04T11:58:40.012Z","False","30000","30001",,"0","0","0","860012",,"29971","7558","1",,,,"7473","0.14999999999999999"
"q10k-t10k-s10k-r03","client","latency-client","2026-09-04T11:58:40.012Z","2026-09-04T11:58:50.012Z","False","30000","30001",,"0","0","0","860876",,"30001","8348","1",,,,"8250","0.17000000000000001"
"q10k-t10k-s10k-r03","client","latency-client","2026-09-04T11:58:50.012Z","2026-09-04T11:59:00.007Z","False","30000","30001",,"0","0","0","861307",,"30016","8119","1",,,,"8021","0.17000000000000001"
"q10k-t10k-s10k-r03","client","latency-client","2026-09-04T11:59:00.007Z","2026-09-04T11:59:10.012Z","False","30000","30001",,"0","0","0","867449",,"29986","7846","1",,,,"7750","0.19"
"q10k-t10k-s10k-r03","client","latency-client","2026-09-04T11:59:10.012Z","2026-09-04T11:59:20.015Z","True","30000","30001",,"0","0","0","870624",,"29992","10596","1",,,,"10500","0.28000000000000003"
"q10k-t10k-s10k-r03","client","latency-client","2026-09-04T11:59:20.015Z","2026-09-04T11:59:30.009Z","True","30000","30001",,"0","0","0","871406",,"30019","10053","1",,,,"9955","0.20000000000000001"
"q10k-t10k-s10k-r03","client","latency-client","2026-09-04T11:59:30.009Z","2026-09-04T11:59:40.013Z","True","30000","30001",,"0","0","0","870537",,"29989","9330","1",,,,"9236","0.23000000000000001"
"q10k-t10k-s10k-r03","client","latency-client","2026-09-04T11:59:40.013Z","2026-09-04T11:59:50.002Z","True","30000","30001",,"0","0","0","871843",,"30034","8499","1",,,,"8404","0.20999999999999999"
"q10k-t10k-s10k-r03","client","latency-client","2026-09-04T11:59:50.002Z","2026-09-04T12:00:00.001Z","True","30000","30001",,"0","0","0","870973",,"30004","8219","1",,,,"8128","0.20999999999999999"
"q10k-t10k-s10k-r03","client","latency-client","2026-09-04T12:00:00.001Z","2026-09-04T12:00:10.011Z","True","30000","30001",,"0","0","0","870013",,"29971","9656","1",,,,"9562","0.22"
"q10k-t10k-s10k-r03","client","latency-client","2026-09-04T12:00:10.011Z","2026-09-04T12:00:20.004Z","True","30000","30001",,"0","0","0","871495",,"30022","8410","1",,,,"8317","0.22"
"q10k-t10k-s10k-r03","client","latency-client","2026-09-04T12:00:20.004Z","2026-09-04T12:00:30.015Z","True","30000","30001",,"0","0","0","869927",,"29968","8553","1",,,,"8462","0.19"
"q10k-t10k-s10k-r03","client","latency-client","2026-09-04T12:00:30.015Z","2026-09-04T12:00:40.008Z","True","30000","30001",,"0","0","0","871495",,"30022","8152","1",,,,"8057","0.20000000000000001"
"q10k-t10k-s10k-r03","client","latency-client","2026-09-04T12:00:40.008Z","2026-09-04T12:00:50.013Z","True","30000","30001",,"0","0","0","870449",,"29986","8515","1",,,,"8424","0.22"
"q10k-t10k-s10k-r03","client","latency-client","2026-09-04T12:00:50.013Z","2026-09-04T12:01:00.014Z","True","30000","30001",,"0","0","0","870799",,"29998","8341","1",,,,"8245","0.20000000000000001"
"q10k-t10k-s10k-r03","client","latency-client","2026-09-04T12:01:00.014Z","2026-09-04T12:01:10.009Z","True","30000","30001",,"0","0","0","871319",,"30016","9535","1",,,,"9443","0.22"
"q10k-t10k-s10k-r03","client","latency-client","2026-09-04T12:01:10.009Z","2026-09-04T12:01:20.005Z","True","30000","30001",,"0","0","0","871233",,"30013","8576","1",,,,"8485","0.20999999999999999"
"q10k-t10k-s10k-r03","client","latency-client","2026-09-04T12:01:20.005Z","2026-09-04T12:01:30.015Z","True","30000","30001",,"0","0","0","870013",,"29971","7747","1",,,,"7655","0.20000000000000001"
"q10k-t10k-s10k-r03","client","latency-client","2026-09-04T12:01:30.015Z","2026-09-04T12:01:40.004Z","True","30000","30001",,"0","0","0","871845",,"30034","8563","1",,,,"8465","0.17999999999999999"
"q10k-t10k-s10k-r03","client","latency-client","2026-09-04T12:01:40.004Z","2026-09-04T12:01:50.002Z","True","30000","30001",,"0","0","0","871058",,"30007","8663","1",,,,"8571","0.20000000000000001"
"q10k-t10k-s10k-r03","client","latency-client","2026-09-04T12:01:50.002Z","2026-09-04T12:02:00.012Z","True","30000","30001",,"0","0","0","870016",,"29971","8360","1",,,,"8270","0.20000000000000001"
"q10k-t10k-s10k-r03","client","latency-client","2026-09-04T12:02:00.012Z","2026-09-04T12:02:10.006Z","True","30000","30001",,"0","0","0","871406",,"30019","10317","1",,,,"10228","0.22"
"q10k-t10k-s10k-r03","client","latency-client","2026-09-04T12:02:10.006Z","2026-09-04T12:02:20.007Z","True","30000","30001",,"0","0","0","870798",,"29998","9881","1",,,,"9789","0.22"
"q10k-t10k-s10k-r03","client","latency-client","2026-09-04T12:02:20.007Z","2026-09-04T12:02:30.007Z","True","30000","30001",,"0","0","0","870883",,"30001","9408","1",,,,"9318","0.20999999999999999"
"q10k-t10k-s10k-r03","client","latency-client","2026-09-04T12:02:30.007Z","2026-09-04T12:02:40.002Z","True","30000","30001",,"0","0","0","871320",,"30016","8123","1",,,,"8027","0.22"
"q10k-t10k-s10k-r03","client","latency-client","2026-09-04T12:02:40.002Z","2026-09-04T12:02:50.012Z","True","30000","30001",,"0","0","0","870100",,"29974","9511","1",,,,"9418","0.17999999999999999"
"q10k-t10k-s10k-r03","client","latency-client","2026-09-04T12:02:50.012Z","2026-09-04T12:03:00.009Z","True","30000","30001",,"0","0","0","871059",,"30007","8618","1",,,,"8530","0.20000000000000001"
"q10k-t10k-s10k-r03","client","latency-client","2026-09-04T12:03:00.009Z","2026-09-04T12:03:10.003Z","True","30000","30001",,"0","0","0","871406",,"30019","9997","1",,,,"9904","0.22"
"q10k-t10k-s10k-r03","client","latency-client","2026-09-04T12:03:10.003Z","2026-09-04T12:03:20.002Z","True","30000","30001",,"0","0","0","870972",,"30004","10572","1",,,,"10481","0.23000000000000001"
"q10k-t10k-s10k-r03","client","latency-client","2026-09-04T12:03:20.002Z","2026-09-04T12:03:30.006Z","True","30000","30001",,"0","0","0","870535",,"29989","9944","1",,,,"9855","0.20999999999999999"
"q10k-t10k-s10k-r03","client","latency-client","2026-09-04T12:03:30.006Z","2026-09-04T12:03:40.005Z","True","30000","30001",,"0","0","0","870972",,"30004","9578","1",,,,"9490","0.20999999999999999"
"q10k-t10k-s10k-r03","client","latency-client","2026-09-04T12:03:40.005Z","2026-09-04T12:03:50.013Z","True","30000","30001",,"0","0","0","870188",,"29977","9493","1",,,,"9400","0.20999999999999999"
"q10k-t10k-s10k-r03","client","latency-client","2026-09-04T12:03:50.013Z","2026-09-04T12:04:00.005Z","True","30000","30001",,"0","0","0","871582",,"30025","9436","1",,,,"9344","0.19"
"q10k-t10k-s10k-r03","client","latency-client","2026-09-04T12:04:00.005Z","2026-09-04T12:04:10.001Z","True","30000","30001",,"0","0","0","871232",,"30013","8863","1",,,,"8775","0.20999999999999999"
"q10k-t10k-s10k-r03","client","latency-client","2026-09-04T12:04:10.001Z","2026-09-04T12:04:20.015Z","True","30000","30001",,"0","0","0","869667",,"29959","9323","1",,,,"9234","0.17999999999999999"
"q10k-t10k-s10k-r03","client","latency-client","2026-09-04T12:04:20.015Z","2026-09-04T12:04:30.002Z","True","30000","30001",,"0","0","0","872017",,"30040","10552","1",,,,"10462","0.20000000000000001"
"q10k-t10k-s10k-r03","client","latency-client","2026-09-04T12:04:30.002Z","2026-09-04T12:04:40.011Z","True","30000","30001",,"0","0","0","870102",,"29974","9482","1",,,,"9391","0.22"
"q10k-t10k-s10k-r03","client","latency-client","2026-09-04T12:04:40.011Z","2026-09-04T12:04:50.014Z","True","30000","30001",,"0","0","0","870622",,"29992","10298","1",,,,"10207","0.22"
"q10k-t10k-s10k-r03","client","latency-client","2026-09-04T12:04:50.014Z","2026-09-04T12:05:00.013Z","True","30000","30001",,"0","0","0","870972",,"30004","10204","1",,,,"10110","0.23000000000000001"
"q10k-t10k-s10k-r03","client","latency-client","2026-09-04T12:05:00.013Z","2026-09-04T12:05:10.013Z","True","30000","30001",,"0","0","0","870883",,"30001","9817","1",,,,"9728","0.17000000000000001"
"q10k-t10k-s10k-r03","client","latency-client","2026-09-04T12:05:10.013Z","2026-09-04T12:05:20.006Z","True","30000","30001",,"0","0","0","871495",,"30022","9809","1",,,,"9721","0.20999999999999999"
"q10k-t10k-s10k-r03","client","latency-client","2026-09-04T12:05:20.006Z","2026-09-04T12:05:30.003Z","True","30000","30001",,"0","0","0","871145",,"30010","9679","1",,,,"9589","0.17999999999999999"
"q10k-t10k-s10k-r03","client","latency-client","2026-09-04T12:05:30.003Z","2026-09-04T12:05:40.001Z","True","30000","30001",,"0","0","0","871059",,"30007","9487","1",,,,"9401","0.19"
"q10k-t10k-s10k-r03","client","latency-client","2026-09-04T12:05:40.001Z","2026-09-04T12:05:50.006Z","True","30000","30001",,"0","0","0","870448",,"29986","8762","1",,,,"8674","0.23999999999999999"
"q10k-t10k-s10k-r03","client","latency-client","2026-09-04T12:05:50.006Z","2026-09-04T12:06:00.001Z","True","30000","30001",,"0","0","0","871320",,"30016","10598","1",,,,"10509","0.20999999999999999"
"q10k-t10k-s10k-r03","client","latency-client","2026-09-04T12:06:00.001Z","2026-09-04T12:06:10.006Z","True","30000","30001",,"0","0","0","870448",,"29986","10250","1",,,,"10162","0.23000000000000001"
"q10k-t10k-s10k-r03","client","latency-client","2026-09-04T12:06:10.006Z","2026-09-04T12:06:20.015Z","True","30000","30001",,"0","0","0","870102",,"29974","9859","1",,,,"9769","0.19"
"q10k-t10k-s10k-r03","client","latency-client","2026-09-04T12:06:20.015Z","2026-09-04T12:06:30.002Z","True","30000","30001",,"0","0","0","872017",,"30040","9899","1",,,,"9809","0.17999999999999999"
"q10k-t10k-s10k-r03","client","latency-client","2026-09-04T12:06:30.002Z","2026-09-04T12:06:40.003Z","True","30000","30001",,"0","0","0","870798",,"29998","9863","1",,,,"9774","0.22"
"q10k-t10k-s10k-r03","client","latency-client","2026-09-04T12:06:40.003Z","2026-09-04T12:06:50.019Z","True","30000","30001",,"0","0","0","869492",,"29953","9033","1",,,,"8943","0.20000000000000001"
"q10k-t10k-s10k-r03","client","latency-client","2026-09-04T12:06:50.019Z","2026-09-04T12:07:00.003Z","True","30000","30001",,"0","0","0","872281",,"30049","9199","1",,,,"9111","0.20999999999999999"
"q10k-t10k-s10k-r03","client","latency-client","2026-09-04T12:07:00.003Z","2026-09-04T12:07:10.015Z","True","30000","30001",,"0","0","0","869840",,"29965","9891","1",,,,"9804","0.19"
"q10k-t10k-s10k-r03","client","latency-client","2026-09-04T12:07:10.015Z","2026-09-04T12:07:20.006Z","True","30000","30001",,"0","0","0","871670",,"30028","9605","1",,,,"9514","0.20000000000000001"
"q10k-t10k-s10k-r03","client","latency-client","2026-09-04T12:07:20.006Z","2026-09-04T12:07:30.001Z","True","30000","30001",,"0","0","0","871319",,"30016","10470","1",,,,"10381","0.20000000000000001"
"q10k-t10k-s10k-r03","client","latency-client","2026-09-04T12:07:30.001Z","2026-09-04T12:07:40.004Z","True","30000","30001",,"0","0","0","870624",,"29992","9786","1",,,,"9696","0.20000000000000001"
"q10k-t10k-s10k-r03","client","latency-client","2026-09-04T12:07:40.004Z","2026-09-04T12:07:50.004Z","True","30000","30001",,"0","0","0","870883",,"30001","9317","1",,,,"9229","0.17999999999999999"
"q10k-t10k-s10k-r03","client","latency-client","2026-09-04T12:07:50.004Z","2026-09-04T12:08:00.006Z","True","30000","30001",,"0","0","0","870711",,"29995","8877","1",,,,"8788","0.20999999999999999"
"q10k-t10k-s10k-r03","client","latency-client","2026-09-04T12:08:00.006Z","2026-09-04T12:08:10.020Z","True","30000","30001",,"0","0","0","869666",,"29959","9646","1",,,,"9555","0.23000000000000001"
"q10k-t10k-s10k-r03","client","latency-client","2026-09-04T12:08:10.020Z","2026-09-04T12:08:20.006Z","True","30000","30001",,"0","0","0","872106",,"30043","9370","1",,,,"9284","0.20999999999999999"
"q10k-t10k-s10k-r03","client","latency-client","2026-09-04T12:08:20.006Z","2026-09-04T12:08:30.008Z","True","30000","30001",,"0","0","0","870709",,"29995","10056","1",,,,"9967","0.20000000000000001"
"q10k-t10k-s10k-r03","client","latency-client","2026-09-04T12:08:30.008Z","2026-09-04T12:08:40.016Z","True","30000","30001",,"0","0","0","870189",,"29977","9957","1",,,,"9869","0.19"
"q10k-t10k-s10k-r03","client","latency-client","2026-09-04T12:08:40.016Z","2026-09-04T12:08:50.015Z","True","30000","30001",,"0","0","0","870970",,"30004","9382","1",,,,"9295","0.23000000000000001"
"q10k-t10k-s10k-r03","client","latency-client","2026-09-04T12:08:50.015Z","2026-09-04T12:09:00.012Z","True","30000","30001",,"0","0","0","871146",,"30010","9741","1",,,,"9652","0.20000000000000001"
"q10k-t10k-s10k-r03","server","latency-server","2026-09-04T11:57:50.010Z","2026-09-04T11:58:00.010Z","False","30000","0",,"0","0","0","0",,,,"0",,,,,"2.1400000000000001"
"q10k-t10k-s10k-r03","server","latency-server","2026-09-04T11:58:00.010Z","2026-09-04T11:58:10.001Z","False","30000","30001",,"0","0","0","24111","3002",,,"861748",,"30028","65","8153","0.16"
"q10k-t10k-s10k-r03","server","latency-server","2026-09-04T11:58:10.001Z","2026-09-04T11:58:20.014Z","False","30000","30001",,"0","0","0","1",,,,"859752",,"29962","66","5195","0.14000000000000001"
"q10k-t10k-s10k-r03","server","latency-server","2026-09-04T11:58:20.014Z","2026-09-04T11:58:30.010Z","False","30000","30001",,"0","0","0","1",,,,"861299",,"30016","64","4995","0.13"
"q10k-t10k-s10k-r03","server","latency-server","2026-09-04T11:58:30.010Z","2026-09-04T11:58:40.012Z","False","30000","30001",,"0","0","0","1",,,,"860614",,"29992","85","11332","0.16"
"q10k-t10k-s10k-r03","server","latency-server","2026-09-04T11:58:40.012Z","2026-09-04T11:58:50.012Z","False","30000","30001",,"0","0","0","1",,,,"860876",,"30001","98","20235","0.17000000000000001"
"q10k-t10k-s10k-r03","server","latency-server","2026-09-04T11:58:50.012Z","2026-09-04T11:59:00.007Z","False","30000","30001",,"0","0","0","1",,,,"861307",,"30016","97","13311","0.16"
"q10k-t10k-s10k-r03","server","latency-server","2026-09-04T11:59:00.007Z","2026-09-04T11:59:10.012Z","False","30000","30001",,"0","0","0","1",,,,"867449",,"29986","96","15263","0.16"
"q10k-t10k-s10k-r03","server","latency-server","2026-09-04T11:59:10.012Z","2026-09-04T11:59:20.000Z","True","30000","30001",,"0","0","0","1",,,,"871932",,"30037","96","18272","0.20000000000000001"
"q10k-t10k-s10k-r03","server","latency-server","2026-09-04T11:59:20.000Z","2026-09-04T11:59:30.009Z","True","30000","30001",,"0","0","0","1",,,,"870100",,"29974","97","21097","0.17999999999999999"
"q10k-t10k-s10k-r03","server","latency-server","2026-09-04T11:59:30.009Z","2026-09-04T11:59:40.013Z","True","30000","30001",,"0","0","0","1",,,,"870537",,"29989","94","15483","0.17000000000000001"
"q10k-t10k-s10k-r03","server","latency-server","2026-09-04T11:59:40.013Z","2026-09-04T11:59:50.002Z","True","30000","30001",,"0","0","0","1",,,,"871843",,"30034","95","12652","0.16"
"q10k-t10k-s10k-r03","server","latency-server","2026-09-04T11:59:50.002Z","2026-09-04T12:00:00.001Z","True","30000","30001",,"0","0","0","1",,,,"870973",,"30004","90","16223","0.14999999999999999"
"q10k-t10k-s10k-r03","server","latency-server","2026-09-04T12:00:00.001Z","2026-09-04T12:00:10.011Z","True","30000","30001",,"0","0","0","1",,,,"870013",,"29971","94","7509","0.14999999999999999"
"q10k-t10k-s10k-r03","server","latency-server","2026-09-04T12:00:10.011Z","2026-09-04T12:00:20.004Z","True","30000","30001",,"0","0","0","1",,,,"871495",,"30022","93","7915","0.17000000000000001"
"q10k-t10k-s10k-r03","server","latency-server","2026-09-04T12:00:20.004Z","2026-09-04T12:00:30.015Z","True","30000","30001",,"0","0","0","1",,,,"869927",,"29968","91","10619","0.16"
"q10k-t10k-s10k-r03","server","latency-server","2026-09-04T12:00:30.015Z","2026-09-04T12:00:40.008Z","True","30000","30001",,"0","0","0","1",,,,"871495",,"30022","95","13240","0.16"
"q10k-t10k-s10k-r03","server","latency-server","2026-09-04T12:00:40.008Z","2026-09-04T12:00:50.013Z","True","30000","30001",,"0","0","0","1",,,,"870449",,"29986","91","21437","0.16"
"q10k-t10k-s10k-r03","server","latency-server","2026-09-04T12:00:50.013Z","2026-09-04T12:01:00.014Z","True","30000","30001",,"0","0","0","1",,,,"870799",,"29998","96","16494","0.16"
"q10k-t10k-s10k-r03","server","latency-server","2026-09-04T12:01:00.014Z","2026-09-04T12:01:10.010Z","True","30000","30001",,"0","0","0","1",,,,"871232",,"30013","92","13533","0.14999999999999999"
"q10k-t10k-s10k-r03","server","latency-server","2026-09-04T12:01:10.010Z","2026-09-04T12:01:20.005Z","True","30000","30001",,"0","0","0","1",,,,"871321",,"30016","91","18808","0.17000000000000001"
"q10k-t10k-s10k-r03","server","latency-server","2026-09-04T12:01:20.005Z","2026-09-04T12:01:30.015Z","True","30000","30001",,"0","0","0","1",,,,"870013",,"29971","92","14653","0.17000000000000001"
"q10k-t10k-s10k-r03","server","latency-server","2026-09-04T12:01:30.015Z","2026-09-04T12:01:40.005Z","True","30000","30001",,"0","0","0","1",,,,"871757",,"30031","98","11365","0.17999999999999999"
"q10k-t10k-s10k-r03","server","latency-server","2026-09-04T12:01:40.005Z","2026-09-04T12:01:50.002Z","True","30000","30001",,"0","0","0","1",,,,"871145",,"30010","92","16783","0.17000000000000001"
"q10k-t10k-s10k-r03","server","latency-server","2026-09-04T12:01:50.002Z","2026-09-04T12:02:00.013Z","True","30000","30001",,"0","0","0","1",,,,"869929",,"29968","89","14561","0.16"
"q10k-t10k-s10k-r03","server","latency-server","2026-09-04T12:02:00.013Z","2026-09-04T12:02:10.006Z","True","30000","30001",,"0","0","0","1",,,,"871493",,"30022","89","19356","0.17999999999999999"
"q10k-t10k-s10k-r03","server","latency-server","2026-09-04T12:02:10.006Z","2026-09-04T12:02:20.007Z","True","30000","30001",,"0","0","0","1",,,,"870798",,"29998","92","21005","0.17999999999999999"
"q10k-t10k-s10k-r03","server","latency-server","2026-09-04T12:02:20.007Z","2026-09-04T12:02:30.007Z","True","30000","30001",,"0","0","0","1",,,,"870883",,"30001","90","17460","0.17999999999999999"
"q10k-t10k-s10k-r03","server","latency-server","2026-09-04T12:02:30.007Z","2026-09-04T12:02:40.002Z","True","30000","30001",,"0","0","0","1",,,,"871320",,"30016","95","10735","0.16"
"q10k-t10k-s10k-r03","server","latency-server","2026-09-04T12:02:40.002Z","2026-09-04T12:02:50.011Z","True","30000","30001",,"0","0","0","1",,,,"870100",,"29974","93","16553","0.16"
"q10k-t10k-s10k-r03","server","latency-server","2026-09-04T12:02:50.011Z","2026-09-04T12:03:00.009Z","True","30000","30001",,"0","0","0","1",,,,"871059",,"30007","88","15014","0.16"
"q10k-t10k-s10k-r03","server","latency-server","2026-09-04T12:03:00.009Z","2026-09-04T12:03:10.003Z","True","30000","30001",,"0","0","0","1",,,,"871406",,"30019","93","22270","0.17000000000000001"
"q10k-t10k-s10k-r03","server","latency-server","2026-09-04T12:03:10.003Z","2026-09-04T12:03:20.002Z","True","30000","30001",,"0","0","0","1",,,,"870972",,"30004","91","18173","0.17000000000000001"
"q10k-t10k-s10k-r03","server","latency-server","2026-09-04T12:03:20.002Z","2026-09-04T12:03:30.006Z","True","30000","30001",,"0","0","0","1",,,,"870535",,"29989","89","15278","0.16"
"q10k-t10k-s10k-r03","server","latency-server","2026-09-04T12:03:30.006Z","2026-09-04T12:03:40.006Z","True","30000","30001",,"0","0","0","1",,,,"870885",,"30001","88","19310","0.17000000000000001"
"q10k-t10k-s10k-r03","server","latency-server","2026-09-04T12:03:40.006Z","2026-09-04T12:03:50.014Z","True","30000","30001",,"0","0","0","1",,,,"870188",,"29977","93","19580","0.17999999999999999"
"q10k-t10k-s10k-r03","server","latency-server","2026-09-04T12:03:50.014Z","2026-09-04T12:04:00.005Z","True","30000","30001",,"0","0","0","1",,,,"871670",,"30028","92","14276","0.19"
"q10k-t10k-s10k-r03","server","latency-server","2026-09-04T12:04:00.005Z","2026-09-04T12:04:10.001Z","True","30000","30001",,"0","0","0","1",,,,"871232",,"30013","88","14873","0.17000000000000001"
"q10k-t10k-s10k-r03","server","latency-server","2026-09-04T12:04:10.001Z","2026-09-04T12:04:20.015Z","True","30000","30001",,"0","0","0","1",,,,"869667",,"29959","88","13385","0.16"
"q10k-t10k-s10k-r03","server","latency-server","2026-09-04T12:04:20.015Z","2026-09-04T12:04:30.002Z","True","30000","30001",,"0","0","0","1",,,,"872017",,"30040","90","17467","0.16"
"q10k-t10k-s10k-r03","server","latency-server","2026-09-04T12:04:30.002Z","2026-09-04T12:04:40.011Z","True","30000","30001",,"0","0","0","1",,,,"870102",,"29974","92","18328","0.17000000000000001"
"q10k-t10k-s10k-r03","server","latency-server","2026-09-04T12:04:40.011Z","2026-09-04T12:04:50.014Z","True","30000","30001",,"0","0","0","1",,,,"870622",,"29992","91","28979","0.19"
"q10k-t10k-s10k-r03","server","latency-server","2026-09-04T12:04:50.014Z","2026-09-04T12:05:00.013Z","True","30000","30001",,"0","0","0","1",,,,"870972",,"30004","94","16582","0.16"
"q10k-t10k-s10k-r03","server","latency-server","2026-09-04T12:05:00.013Z","2026-09-04T12:05:10.013Z","True","30000","30001",,"0","0","0","1",,,,"870883",,"30001","89","14072","0.17999999999999999"
"q10k-t10k-s10k-r03","server","latency-server","2026-09-04T12:05:10.013Z","2026-09-04T12:05:20.006Z","True","30000","30001",,"0","0","0","1",,,,"871495",,"30022","88","14856","0.16"
"q10k-t10k-s10k-r03","server","latency-server","2026-09-04T12:05:20.006Z","2026-09-04T12:05:30.003Z","True","30000","30001",,"0","0","0","1",,,,"871145",,"30010","90","14568","0.16"
"q10k-t10k-s10k-r03","server","latency-server","2026-09-04T12:05:30.003Z","2026-09-04T12:05:40.022Z","True","30000","30001",,"0","0","0","1",,,,"869233",,"29944","86","22594","0.16"
"q10k-t10k-s10k-r03","server","latency-server","2026-09-04T12:05:40.022Z","2026-09-04T12:05:50.006Z","True","30000","30001",,"0","0","0","1",,,,"872279",,"30049","88","20560","0.17000000000000001"
"q10k-t10k-s10k-r03","server","latency-server","2026-09-04T12:05:50.006Z","2026-09-04T12:06:00.001Z","True","30000","30001",,"0","0","0","1",,,,"871320",,"30016","89","16526","0.14999999999999999"
"q10k-t10k-s10k-r03","server","latency-server","2026-09-04T12:06:00.001Z","2026-09-04T12:06:10.006Z","True","30000","30001",,"0","0","0","1",,,,"870448",,"29986","89","20081","0.16"
"q10k-t10k-s10k-r03","server","latency-server","2026-09-04T12:06:10.006Z","2026-09-04T12:06:20.015Z","True","30000","30001",,"0","0","0","1",,,,"870102",,"29974","90","14256","0.17000000000000001"
"q10k-t10k-s10k-r03","server","latency-server","2026-09-04T12:06:20.015Z","2026-09-04T12:06:30.002Z","True","30000","30001",,"0","0","0","1",,,,"872017",,"30040","90","15793","0.17000000000000001"
"q10k-t10k-s10k-r03","server","latency-server","2026-09-04T12:06:30.002Z","2026-09-04T12:06:40.005Z","True","30000","30001",,"0","0","0","1",,,,"870624",,"29992","90","17005","0.17000000000000001"
"q10k-t10k-s10k-r03","server","latency-server","2026-09-04T12:06:40.005Z","2026-09-04T12:06:50.010Z","True","30000","30001",,"0","0","0","1",,,,"870448",,"29986","89","16550","0.17000000000000001"
"q10k-t10k-s10k-r03","server","latency-server","2026-09-04T12:06:50.010Z","2026-09-04T12:07:00.003Z","True","30000","30001",,"0","0","0","1",,,,"871495",,"30022","88","13080","0.17999999999999999"
"q10k-t10k-s10k-r03","server","latency-server","2026-09-04T12:07:00.003Z","2026-09-04T12:07:10.015Z","True","30000","30001",,"0","0","0","1",,,,"869840",,"29965","88","16142","0.17000000000000001"
"q10k-t10k-s10k-r03","server","latency-server","2026-09-04T12:07:10.015Z","2026-09-04T12:07:20.006Z","True","30000","30001",,"0","0","0","1",,,,"871670",,"30028","90","15597","0.17000000000000001"
"q10k-t10k-s10k-r03","server","latency-server","2026-09-04T12:07:20.006Z","2026-09-04T12:07:30.001Z","True","30000","30001",,"0","0","0","1",,,,"871319",,"30016","88","15885","0.17000000000000001"
"q10k-t10k-s10k-r03","server","latency-server","2026-09-04T12:07:30.001Z","2026-09-04T12:07:40.005Z","True","30000","30001",,"0","0","0","1",,,,"870624",,"29992","90","16191","0.17999999999999999"
"q10k-t10k-s10k-r03","server","latency-server","2026-09-04T12:07:40.005Z","2026-09-04T12:07:50.005Z","True","30000","30001",,"0","0","0","1",,,,"870796",,"29998","88","18702","0.17999999999999999"
"q10k-t10k-s10k-r03","server","latency-server","2026-09-04T12:07:50.005Z","2026-09-04T12:08:00.007Z","True","30000","30001",,"0","0","0","1",,,,"870798",,"29998","88","30318","0.19"
"q10k-t10k-s10k-r03","server","latency-server","2026-09-04T12:08:00.007Z","2026-09-04T12:08:10.010Z","True","30000","30001",,"0","0","0","1",,,,"870536",,"29989","90","31893","0.20999999999999999"
"q10k-t10k-s10k-r03","server","latency-server","2026-09-04T12:08:10.010Z","2026-09-04T12:08:20.007Z","True","30000","30001",,"0","0","0","1",,,,"871233",,"30013","87","18626","0.20000000000000001"
"q10k-t10k-s10k-r03","server","latency-server","2026-09-04T12:08:20.007Z","2026-09-04T12:08:30.009Z","True","30000","30001",,"0","0","0","1",,,,"870622",,"29992","89","15673","0.20000000000000001"
"q10k-t10k-s10k-r03","server","latency-server","2026-09-04T12:08:30.009Z","2026-09-04T12:08:40.023Z","True","30000","30001",,"0","0","0","1",,,,"869668",,"29959","88","12985","0.20999999999999999"
"q10k-t10k-s10k-r03","server","latency-server","2026-09-04T12:08:40.023Z","2026-09-04T12:08:50.006Z","True","30000","30001",,"0","0","0","1",,,,"872366",,"30052","87","18508","0.17999999999999999"
"q10k-t10k-s10k-r03","server","latency-server","2026-09-04T12:08:50.006Z","2026-09-04T12:09:00.012Z","True","30000","30001",,"0","0","0","1",,,,"870363",,"29983","89","20029","0.17000000000000001"
"q1k-t1k-s1k-r01","client","latency-client","2026-09-04T10:22:40.006Z","2026-09-04T10:22:50.006Z","False","3000","3001",,"0","0","0","86025",,"3102","2085","2044","282",,,"1850","1.48"
"q1k-t1k-s1k-r01","client","latency-client","2026-09-04T10:22:50.006Z","2026-09-04T10:23:00.014Z","False","3000","3001",,"0","0","0","83080",,"2998","814","1",,,,"741","0.029999999999999999"
"q1k-t1k-s1k-r01","client","latency-client","2026-09-04T10:23:00.014Z","2026-09-04T10:23:10.015Z","False","3000","3001",,"0","0","0","83140",,"3000","946","1",,,,"833","0"
"q1k-t1k-s1k-r01","client","latency-client","2026-09-04T10:23:10.015Z","2026-09-04T10:23:20.013Z","False","3000","3001",,"0","0","0","83163",,"3001","904","1",,,,"794","0.01"
"q1k-t1k-s1k-r01","client","latency-client","2026-09-04T10:23:20.013Z","2026-09-04T10:23:30.002Z","False","3000","3001",,"0","0","0","83239",,"3004","987","1",,,,"879","0.02"
"q1k-t1k-s1k-r01","client","latency-client","2026-09-04T10:23:30.002Z","2026-09-04T10:23:40.012Z","False","3000","3001",,"0","0","0","83063",,"2998","959","1",,,,"850","0"
"q1k-t1k-s1k-r01","client","latency-client","2026-09-04T10:23:40.012Z","2026-09-04T10:23:50.000Z","True","3000","3001",,"0","0","0","84049",,"3004","935","1",,,,"835","0.029999999999999999"
"q1k-t1k-s1k-r01","client","latency-client","2026-09-04T10:23:50.000Z","2026-09-04T10:24:00.012Z","True","3000","3001",,"0","0","0","84044",,"2997","1004","1",,,,"903","0.02"
"q1k-t1k-s1k-r01","client","latency-client","2026-09-04T10:24:00.012Z","2026-09-04T10:24:10.013Z","True","3000","3001",,"0","0","0","84137",,"3000","975","1",,,,"876","0.01"
"q1k-t1k-s1k-r01","client","latency-client","2026-09-04T10:24:10.013Z","2026-09-04T10:24:20.011Z","True","3000","3001",,"0","0","0","84160",,"3001","910","1",,,,"807","0.02"
"q1k-t1k-s1k-r01","client","latency-client","2026-09-04T10:24:20.011Z","2026-09-04T10:24:30.008Z","True","3000","3001",,"0","0","0","84170",,"3001","898","1",,,,"786","0.02"
"q1k-t1k-s1k-r01","client","latency-client","2026-09-04T10:24:30.008Z","2026-09-04T10:24:40.002Z","True","3000","3001",,"0","0","0","84194",,"3002","927","1",,,,"831","0.029999999999999999"
"q1k-t1k-s1k-r01","client","latency-client","2026-09-04T10:24:40.002Z","2026-09-04T10:24:50.004Z","True","3000","3001",,"0","0","0","84128",,"3000","983","1",,,,"875","0.02"
"q1k-t1k-s1k-r01","client","latency-client","2026-09-04T10:24:50.004Z","2026-09-04T10:25:00.014Z","True","3000","3001",,"0","0","0","84059",,"2998","1021","1",,,,"902","0"
"q1k-t1k-s1k-r01","client","latency-client","2026-09-04T10:25:00.014Z","2026-09-04T10:25:10.005Z","True","3000","3001",,"0","0","0","84221",,"3003","922","1",,,,"813","0.02"
"q1k-t1k-s1k-r01","client","latency-client","2026-09-04T10:25:10.005Z","2026-09-04T10:25:20.011Z","True","3000","3001",,"0","0","0","84093",,"2999","920","1",,,,"813","0.02"
"q1k-t1k-s1k-r01","client","latency-client","2026-09-04T10:25:20.011Z","2026-09-04T10:25:30.004Z","True","3000","3001",,"0","0","0","84204",,"3003","765","1",,,,"686","0.029999999999999999"
"q1k-t1k-s1k-r01","client","latency-client","2026-09-04T10:25:30.004Z","2026-09-04T10:25:40.010Z","True","3000","3001",,"0","0","0","84092",,"2999","689","1",,,,"620","0.01"
"q1k-t1k-s1k-r01","client","latency-client","2026-09-04T10:25:40.010Z","2026-09-04T10:25:50.013Z","True","3000","3001",,"0","0","0","84119",,"3000","725","1",,,,"657","0.02"
"q1k-t1k-s1k-r01","client","latency-client","2026-09-04T10:25:50.013Z","2026-09-04T10:26:00.005Z","True","3000","3001",,"0","0","0","84210",,"3003","654","1",,,,"582","0.029999999999999999"
"q1k-t1k-s1k-r01","client","latency-client","2026-09-04T10:26:00.005Z","2026-09-04T10:26:10.005Z","True","3000","3001",,"0","0","0","84145",,"3001","1563","1",,,,"1472","0.02"
"q1k-t1k-s1k-r01","client","latency-client","2026-09-04T10:26:10.005Z","2026-09-04T10:26:20.006Z","True","3000","3001",,"0","0","0","84137",,"3000","1072","1",,,,"970","0.01"
"q1k-t1k-s1k-r01","client","latency-client","2026-09-04T10:26:20.006Z","2026-09-04T10:26:30.007Z","True","3000","3001",,"0","0","0","84139",,"3000","1091","1",,,,"982","0"
"q1k-t1k-s1k-r01","client","latency-client","2026-09-04T10:26:30.007Z","2026-09-04T10:26:40.005Z","True","3000","3001",,"0","0","0","84163",,"3001","1039","1",,,,"948","0.050000000000000003"
"q1k-t1k-s1k-r01","client","latency-client","2026-09-04T10:26:40.005Z","2026-09-04T10:26:50.007Z","True","3000","3001",,"0","0","0","84131",,"3000","1082","1",,,,"990","0.02"
"q1k-t1k-s1k-r01","client","latency-client","2026-09-04T10:26:50.007Z","2026-09-04T10:27:00.009Z","True","3000","3001",,"0","0","0","84129",,"3000","933","1",,,,"837","0.050000000000000003"
"q1k-t1k-s1k-r01","client","latency-client","2026-09-04T10:27:00.009Z","2026-09-04T10:27:10.011Z","True","3000","3001",,"0","0","0","84131",,"3000","880","1",,,,"785","0.02"
"q1k-t1k-s1k-r01","client","latency-client","2026-09-04T10:27:10.011Z","2026-09-04T10:27:20.004Z","True","3000","3001",,"0","0","0","84205",,"3003","921","1",,,,"829","0.02"
"q1k-t1k-s1k-r01","client","latency-client","2026-09-04T10:27:20.004Z","2026-09-04T10:27:30.005Z","True","3000","3001",,"0","0","0","84139",,"3000","906","1",,,,"817","0.02"
"q1k-t1k-s1k-r01","client","latency-client","2026-09-04T10:27:30.005Z","2026-09-04T10:27:40.012Z","True","3000","3001",,"0","0","0","84087",,"2998","870","1",,,,"773","0"
"q1k-t1k-s1k-r01","client","latency-client","2026-09-04T10:27:40.012Z","2026-09-04T10:27:50.011Z","True","3000","3001",,"0","0","0","84156",,"3001","916","1",,,,"819","0.02"
"q1k-t1k-s1k-r01","client","latency-client","2026-09-04T10:27:50.011Z","2026-09-04T10:28:00.007Z","True","3000","3001",,"0","0","0","84180",,"3002","892","1",,,,"799","0.02"
"q1k-t1k-s1k-r01","client","latency-client","2026-09-04T10:28:00.007Z","2026-09-04T10:28:10.013Z","True","3000","3001",,"0","0","0","84097",,"2999","907","1",,,,"816","0.02"
"q1k-t1k-s1k-r01","client","latency-client","2026-09-04T10:28:10.013Z","2026-09-04T10:28:20.011Z","True","3000","3001",,"0","0","0","84163",,"3001","932","1",,,,"844","0.02"
"q1k-t1k-s1k-r01","client","latency-client","2026-09-04T10:28:20.011Z","2026-09-04T10:28:30.012Z","True","3000","3001",,"0","0","0","84139",,"3000","942","1",,,,"849","0.040000000000000001"
"q1k-t1k-s1k-r01","client","latency-client","2026-09-04T10:28:30.012Z","2026-09-04T10:28:40.014Z","True","3000","3001",,"0","0","0","84129",,"3000","925","1",,,,"840","0.01"
"q1k-t1k-s1k-r01","client","latency-client","2026-09-04T10:28:40.014Z","2026-09-04T10:28:50.004Z","True","3000","3001",,"0","0","0","84232",,"3004","891","1",,,,"797","0.01"
"q1k-t1k-s1k-r01","client","latency-client","2026-09-04T10:28:50.004Z","2026-09-04T10:29:00.010Z","True","3000","3001",,"0","0","0","84095",,"2999","893","1",,,,"810","0.01"
"q1k-t1k-s1k-r01","client","latency-client","2026-09-04T10:29:00.010Z","2026-09-04T10:29:10.008Z","True","3000","3001",,"0","0","0","84165",,"3001","797","1",,,,"725","0.02"
"q1k-t1k-s1k-r01","client","latency-client","2026-09-04T10:29:10.008Z","2026-09-04T10:29:20.002Z","True","3000","3001",,"0","0","0","84196",,"3002","842","1",,,,"767","0.01"
"q1k-t1k-s1k-r01","client","latency-client","2026-09-04T10:29:20.002Z","2026-09-04T10:29:30.000Z","True","3000","3001",,"0","0","0","84164",,"3001","793","1",,,,"723","0"
"q1k-t1k-s1k-r01","client","latency-client","2026-09-04T10:29:30.000Z","2026-09-04T10:29:40.007Z","True","3000","3001",,"0","0","0","84086",,"2998","770","1",,,,"700","0.02"
"q1k-t1k-s1k-r01","client","latency-client","2026-09-04T10:29:40.007Z","2026-09-04T10:29:50.011Z","True","3000","3001",,"0","0","0","84114",,"2999","776","1",,,,"705","0.02"
"q1k-t1k-s1k-r01","client","latency-client","2026-09-04T10:29:50.011Z","2026-09-04T10:30:00.002Z","True","3000","3001",,"0","0","0","84222",,"3003","822","1",,,,"751","0.029999999999999999"
"q1k-t1k-s1k-r01","client","latency-client","2026-09-04T10:30:00.002Z","2026-09-04T10:30:10.006Z","True","3000","3001",,"0","0","0","84114",,"2999","831","1",,,,"762","0"
"q1k-t1k-s1k-r01","client","latency-client","2026-09-04T10:30:10.006Z","2026-09-04T10:30:20.001Z","True","3000","3001",,"0","0","0","84188",,"3002","810","1",,,,"736","0.02"
"q1k-t1k-s1k-r01","client","latency-client","2026-09-04T10:30:20.001Z","2026-09-04T10:30:30.004Z","True","3000","3001",,"0","0","0","84122",,"3000","879","1",,,,"807","0"
"q1k-t1k-s1k-r01","client","latency-client","2026-09-04T10:30:30.004Z","2026-09-04T10:30:40.005Z","True","3000","3001",,"0","0","0","84137",,"3000","816","1",,,,"747","0.029999999999999999"
"q1k-t1k-s1k-r01","client","latency-client","2026-09-04T10:30:40.005Z","2026-09-04T10:30:50.008Z","True","3000","3001",,"0","0","0","84122",,"3000","802","1",,,,"730","0.029999999999999999"
"q1k-t1k-s1k-r01","client","latency-client","2026-09-04T10:30:50.008Z","2026-09-04T10:31:00.008Z","True","3000","3001",,"0","0","0","84146",,"3001","930","1",,,,"826","0.02"
"q1k-t1k-s1k-r01","client","latency-client","2026-09-04T10:31:00.008Z","2026-09-04T10:31:10.009Z","True","3000","3001",,"0","0","0","84139",,"3000","993","1",,,,"881","0.01"
"q1k-t1k-s1k-r01","client","latency-client","2026-09-04T10:31:10.009Z","2026-09-04T10:31:20.008Z","True","3000","3001",,"0","0","0","84155",,"3001","967","1",,,,"860","0.029999999999999999"
"q1k-t1k-s1k-r01","client","latency-client","2026-09-04T10:31:20.008Z","2026-09-04T10:31:30.008Z","True","3000","3001",,"0","0","0","84148",,"3001","991","1",,,,"886","0.040000000000000001"
"q1k-t1k-s1k-r01","client","latency-client","2026-09-04T10:31:30.008Z","2026-09-04T10:31:40.008Z","True","3000","3001",,"0","0","0","84146",,"3001","950","1",,,,"855","0.02"
"q1k-t1k-s1k-r01","client","latency-client","2026-09-04T10:31:40.008Z","2026-09-04T10:31:50.013Z","True","3000","3001",,"0","0","0","84106",,"2999","1094","1",,,,"994","0"
"q1k-t1k-s1k-r01","client","latency-client","2026-09-04T10:31:50.013Z","2026-09-04T10:32:00.015Z","True","3000","3001",,"0","0","0","84129",,"3000","1138","1",,,,"1033","0.01"
"q1k-t1k-s1k-r01","client","latency-client","2026-09-04T10:32:00.015Z","2026-09-04T10:32:10.009Z","True","3000","3001",,"0","0","0","84198",,"3002","995","1",,,,"885","0.029999999999999999"
"q1k-t1k-s1k-r01","client","latency-client","2026-09-04T10:32:10.009Z","2026-09-04T10:32:20.014Z","True","3000","3001",,"0","0","0","84104",,"2999","949","1",,,,"844","0"
"q1k-t1k-s1k-r01","client","latency-client","2026-09-04T10:32:20.014Z","2026-09-04T10:32:30.009Z","True","3000","3001",,"0","0","0","84190",,"3002","922","1",,,,"824","0.02"
"q1k-t1k-s1k-r01","client","latency-client","2026-09-04T10:32:30.009Z","2026-09-04T10:32:40.000Z","True","3000","3001",,"0","0","0","84222",,"3003","938","1",,,,"823","0.01"
"q1k-t1k-s1k-r01","client","latency-client","2026-09-04T10:32:40.000Z","2026-09-04T10:32:50.002Z","True","3000","3001",,"0","0","0","84131",,"3000","995","1",,,,"879","0.040000000000000001"
"q1k-t1k-s1k-r01","client","latency-client","2026-09-04T10:32:50.002Z","2026-09-04T10:33:00.003Z","True","3000","3001",,"0","0","0","84138",,"3000","894","1",,,,"796","0.01"
"q1k-t1k-s1k-r01","client","latency-client","2026-09-04T10:33:00.003Z","2026-09-04T10:33:10.016Z","True","3000","3001",,"0","0","0","84039",,"2997","925","1",,,,"832","0"
"q1k-t1k-s1k-r01","client","latency-client","2026-09-04T10:33:10.016Z","2026-09-04T10:33:20.002Z","True","3000","3001",,"0","0","0","84264",,"3005","897","1",,,,"788","0.01"
"q1k-t1k-s1k-r01","client","latency-client","2026-09-04T10:33:20.002Z","2026-09-04T10:33:30.003Z","True","3000","3001",,"0","0","0","84139",,"3000","939","1",,,,"824","0"
"q1k-t1k-s1k-r01","server","latency-server","2026-09-04T10:22:30.015Z","2026-09-04T10:22:40.015Z","False","3000","3001",,"0","0","0","2484","343",,,"9604",,"343","77",,"1.8"
"q1k-t1k-s1k-r01","server","latency-server","2026-09-04T10:22:40.015Z","2026-09-04T10:22:50.006Z","False","3000","3001",,"0","0","0","5",,,,"83214",,"3003","69","2913","0.029999999999999999"
"q1k-t1k-s1k-r01","server","latency-server","2026-09-04T10:22:50.006Z","2026-09-04T10:23:00.014Z","False","3000","3001",,"0","0","0","1",,,,"83080",,"2998","73","975","0.02"
"q1k-t1k-s1k-r01","server","latency-server","2026-09-04T10:23:00.014Z","2026-09-04T10:23:10.015Z","False","3000","3001",,"0","0","0","1",,,,"83140",,"3000","115","1072","0.029999999999999999"
"q1k-t1k-s1k-r01","server","latency-server","2026-09-04T10:23:10.015Z","2026-09-04T10:23:20.013Z","False","3000","3001",,"0","0","0","1",,,,"83163",,"3001","111","1158","0"
"q1k-t1k-s1k-r01","server","latency-server","2026-09-04T10:23:20.013Z","2026-09-04T10:23:30.002Z","False","3000","3001",,"0","0","0","1",,,,"83239",,"3004","110","1167","0.02"
"q1k-t1k-s1k-r01","server","latency-server","2026-09-04T10:23:30.002Z","2026-09-04T10:23:40.012Z","False","3000","3001",,"0","0","0","1",,,,"83063",,"2998","111","1075","0.01"
"q1k-t1k-s1k-r01","server","latency-server","2026-09-04T10:23:40.012Z","2026-09-04T10:23:50.000Z","True","3000","3001",,"0","0","0","1",,,,"84049",,"3004","100","1351","0.02"
"q1k-t1k-s1k-r01","server","latency-server","2026-09-04T10:23:50.000Z","2026-09-04T10:24:00.012Z","True","3000","3001",,"0","0","0","1",,,,"84044",,"2997","103","1538","0.02"
"q1k-t1k-s1k-r01","server","latency-server","2026-09-04T10:24:00.012Z","2026-09-04T10:24:10.013Z","True","3000","3001",,"0","0","0","1",,,,"84137",,"3000","100","1251","0.02"
"q1k-t1k-s1k-r01","server","latency-server","2026-09-04T10:24:10.013Z","2026-09-04T10:24:20.011Z","True","3000","3001",,"0","0","0","1",,,,"84160",,"3001","104","1140","0.01"
"q1k-t1k-s1k-r01","server","latency-server","2026-09-04T10:24:20.011Z","2026-09-04T10:24:30.008Z","True","3000","3001",,"0","0","0","1",,,,"84170",,"3001","114","973","0.01"
"q1k-t1k-s1k-r01","server","latency-server","2026-09-04T10:24:30.008Z","2026-09-04T10:24:40.002Z","True","3000","3001",,"0","0","0","1",,,,"84194",,"3002","96","1003","0.02"
"q1k-t1k-s1k-r01","server","latency-server","2026-09-04T10:24:40.002Z","2026-09-04T10:24:50.004Z","True","3000","3001",,"0","0","0","1",,,,"84128",,"3000","109","1102","0.01"
"q1k-t1k-s1k-r01","server","latency-server","2026-09-04T10:24:50.004Z","2026-09-04T10:25:00.014Z","True","3000","3001",,"0","0","0","1",,,,"84059",,"2998","121","1298","0.02"
"q1k-t1k-s1k-r01","server","latency-server","2026-09-04T10:25:00.014Z","2026-09-04T10:25:10.005Z","True","3000","3001",,"0","0","0","1",,,,"84221",,"3003","109","1294","0.02"
"q1k-t1k-s1k-r01","server","latency-server","2026-09-04T10:25:10.005Z","2026-09-04T10:25:20.011Z","True","3000","3001",,"0","0","0","1",,,,"84093",,"2999","108","1119","0.02"
"q1k-t1k-s1k-r01","server","latency-server","2026-09-04T10:25:20.011Z","2026-09-04T10:25:30.004Z","True","3000","3001",,"0","0","0","1",,,,"84204",,"3003","78","1090","0.02"
"q1k-t1k-s1k-r01","server","latency-server","2026-09-04T10:25:30.004Z","2026-09-04T10:25:40.010Z","True","3000","3001",,"0","0","0","1",,,,"84092",,"2999","70","786","0.01"
"q1k-t1k-s1k-r01","server","latency-server","2026-09-04T10:25:40.010Z","2026-09-04T10:25:50.013Z","True","3000","3001",,"0","0","0","1",,,,"84119",,"3000","68","691","0.01"
"q1k-t1k-s1k-r01","server","latency-server","2026-09-04T10:25:50.013Z","2026-09-04T10:26:00.005Z","True","3000","3001",,"0","0","0","1",,,,"84210",,"3003","72","804","0.01"
"q1k-t1k-s1k-r01","server","latency-server","2026-09-04T10:26:00.005Z","2026-09-04T10:26:10.005Z","True","3000","3001",,"0","0","0","1",,,,"84145",,"3001","94","1099","0"
"q1k-t1k-s1k-r01","server","latency-server","2026-09-04T10:26:10.005Z","2026-09-04T10:26:20.006Z","True","3000","3001",,"0","0","0","1",,,,"84137",,"3000","102","1318","0.029999999999999999"
"q1k-t1k-s1k-r01","server","latency-server","2026-09-04T10:26:20.006Z","2026-09-04T10:26:30.007Z","True","3000","3001",,"0","0","0","1",,,,"84139",,"3000","109","1208","0.02"
"q1k-t1k-s1k-r01","server","latency-server","2026-09-04T10:26:30.007Z","2026-09-04T10:26:40.005Z","True","3000","3001",,"0","0","0","1",,,,"84163",,"3001","92","1067","0"
"q1k-t1k-s1k-r01","server","latency-server","2026-09-04T10:26:40.005Z","2026-09-04T10:26:50.007Z","True","3000","3001",,"0","0","0","1",,,,"84131",,"3000","92","1128","0.02"
"q1k-t1k-s1k-r01","server","latency-server","2026-09-04T10:26:50.007Z","2026-09-04T10:27:00.009Z","True","3000","3001",,"0","0","0","1",,,,"84129",,"3000","98","1276","0.029999999999999999"
"q1k-t1k-s1k-r01","server","latency-server","2026-09-04T10:27:00.009Z","2026-09-04T10:27:10.011Z","True","3000","3001",,"0","0","0","1",,,,"84131",,"3000","95","1113","0.02"
"q1k-t1k-s1k-r01","server","latency-server","2026-09-04T10:27:10.011Z","2026-09-04T10:27:20.004Z","True","3000","3001",,"0","0","0","1",,,,"84205",,"3003","93","1224","0.01"
"q1k-t1k-s1k-r01","server","latency-server","2026-09-04T10:27:20.004Z","2026-09-04T10:27:30.005Z","True","3000","3001",,"0","0","0","1",,,,"84139",,"3000","91","1238","0.01"
"q1k-t1k-s1k-r01","server","latency-server","2026-09-04T10:27:30.005Z","2026-09-04T10:27:40.012Z","True","3000","3001",,"0","0","0","1",,,,"84087",,"2998","98","997","0.01"
"q1k-t1k-s1k-r01","server","latency-server","2026-09-04T10:27:40.012Z","2026-09-04T10:27:50.011Z","True","3000","3001",,"0","0","0","1",,,,"84156",,"3001","97","1101","0.040000000000000001"
"q1k-t1k-s1k-r01","server","latency-server","2026-09-04T10:27:50.011Z","2026-09-04T10:28:00.007Z","True","3000","3001",,"0","0","0","1",,,,"84180",,"3002","93","1095","0.029999999999999999"
"q1k-t1k-s1k-r01","server","latency-server","2026-09-04T10:28:00.007Z","2026-09-04T10:28:10.013Z","True","3000","3001",,"0","0","0","1",,,,"84097",,"2999","93","943","0.01"
"q1k-t1k-s1k-r01","server","latency-server","2026-09-04T10:28:10.013Z","2026-09-04T10:28:20.011Z","True","3000","3001",,"0","0","0","1",,,,"84163",,"3001","89","1077","0.029999999999999999"
"q1k-t1k-s1k-r01","server","latency-server","2026-09-04T10:28:20.011Z","2026-09-04T10:28:30.012Z","True","3000","3001",,"0","0","0","1",,,,"84139",,"3000","94","1110","0.01"
"q1k-t1k-s1k-r01","server","latency-server","2026-09-04T10:28:30.012Z","2026-09-04T10:28:40.014Z","True","3000","3001",,"0","0","0","1",,,,"84129",,"3000","85","1150","0.02"
"q1k-t1k-s1k-r01","server","latency-server","2026-09-04T10:28:40.014Z","2026-09-04T10:28:50.004Z","True","3000","3001",,"0","0","0","1",,,,"84232",,"3004","96","1266","0.01"
"q1k-t1k-s1k-r01","server","latency-server","2026-09-04T10:28:50.004Z","2026-09-04T10:29:00.010Z","True","3000","3001",,"0","0","0","1",,,,"84095",,"2999","83","1213","0.01"
"q1k-t1k-s1k-r01","server","latency-server","2026-09-04T10:29:00.010Z","2026-09-04T10:29:10.008Z","True","3000","3001",,"0","0","0","1",,,,"84165",,"3001","72","1006","0.01"
"q1k-t1k-s1k-r01","server","latency-server","2026-09-04T10:29:10.008Z","2026-09-04T10:29:20.002Z","True","3000","3001",,"0","0","0","1",,,,"84196",,"3002","74","884","0"
"q1k-t1k-s1k-r01","server","latency-server","2026-09-04T10:29:20.002Z","2026-09-04T10:29:30.015Z","True","3000","3001",,"0","0","0","1",,,,"84038",,"2997","71","943","0"
"q1k-t1k-s1k-r01","server","latency-server","2026-09-04T10:29:30.015Z","2026-09-04T10:29:40.007Z","True","3000","3001",,"0","0","0","1",,,,"84213",,"3003","70","837","0.01"
"q1k-t1k-s1k-r01","server","latency-server","2026-09-04T10:29:40.007Z","2026-09-04T10:29:50.011Z","True","3000","3001",,"0","0","0","1",,,,"84114",,"2999","72","867","0.01"
"q1k-t1k-s1k-r01","server","latency-server","2026-09-04T10:29:50.011Z","2026-09-04T10:30:00.002Z","True","3000","3001",,"0","0","0","1",,,,"84222",,"3003","71","972","0.01"
"q1k-t1k-s1k-r01","server","latency-server","2026-09-04T10:30:00.002Z","2026-09-04T10:30:10.006Z","True","3000","3001",,"0","0","0","1",,,,"84114",,"2999","70","995","0.01"
"q1k-t1k-s1k-r01","server","latency-server","2026-09-04T10:30:10.006Z","2026-09-04T10:30:20.001Z","True","3000","3001",,"0","0","0","1",,,,"84188",,"3002","74","998","0.01"
"q1k-t1k-s1k-r01","server","latency-server","2026-09-04T10:30:20.001Z","2026-09-04T10:30:30.004Z","True","3000","3001",,"0","0","0","1",,,,"84122",,"3000","72","1187","0.01"
"q1k-t1k-s1k-r01","server","latency-server","2026-09-04T10:30:30.004Z","2026-09-04T10:30:40.005Z","True","3000","3001",,"0","0","0","1",,,,"84137",,"3000","70","1166","0.02"
"q1k-t1k-s1k-r01","server","latency-server","2026-09-04T10:30:40.005Z","2026-09-04T10:30:50.008Z","True","3000","3001",,"0","0","0","1",,,,"84122",,"3000","72","1015","0.029999999999999999"
"q1k-t1k-s1k-r01","server","latency-server","2026-09-04T10:30:50.008Z","2026-09-04T10:31:00.008Z","True","3000","3001",,"0","0","0","1",,,,"84146",,"3001","106","1041","0.029999999999999999"
"q1k-t1k-s1k-r01","server","latency-server","2026-09-04T10:31:00.008Z","2026-09-04T10:31:10.009Z","True","3000","3001",,"0","0","0","1",,,,"84139",,"3000","114","1049","0.01"
"q1k-t1k-s1k-r01","server","latency-server","2026-09-04T10:31:10.009Z","2026-09-04T10:31:20.008Z","True","3000","3001",,"0","0","0","1",,,,"84155",,"3001","109","1192","0.029999999999999999"
"q1k-t1k-s1k-r01","server","latency-server","2026-09-04T10:31:20.008Z","2026-09-04T10:31:30.008Z","True","3000","3001",,"0","0","0","1",,,,"84148",,"3001","105","1384","0.02"
"q1k-t1k-s1k-r01","server","latency-server","2026-09-04T10:31:30.008Z","2026-09-04T10:31:40.008Z","True","3000","3001",,"0","0","0","1",,,,"84146",,"3001","96","1199","0.02"
"q1k-t1k-s1k-r01","server","latency-server","2026-09-04T10:31:40.008Z","2026-09-04T10:31:50.013Z","True","3000","3001",,"0","0","0","1",,,,"84106",,"2999","101","1194","0.040000000000000001"
"q1k-t1k-s1k-r01","server","latency-server","2026-09-04T10:31:50.013Z","2026-09-04T10:32:00.015Z","True","3000","3001",,"0","0","0","1",,,,"84129",,"3000","106","1344","0.02"
"q1k-t1k-s1k-r01","server","latency-server","2026-09-04T10:32:00.015Z","2026-09-04T10:32:10.009Z","True","3000","3001",,"0","0","0","1",,,,"84198",,"3002","111","1453","0.040000000000000001"
"q1k-t1k-s1k-r01","server","latency-server","2026-09-04T10:32:10.009Z","2026-09-04T10:32:20.014Z","True","3000","3001",,"0","0","0","1",,,,"84104",,"2999","107","1387","0.029999999999999999"
"q1k-t1k-s1k-r01","server","latency-server","2026-09-04T10:32:20.014Z","2026-09-04T10:32:30.009Z","True","3000","3001",,"0","0","0","1",,,,"84190",,"3002","99","921","0.01"
"q1k-t1k-s1k-r01","server","latency-server","2026-09-04T10:32:30.009Z","2026-09-04T10:32:40.015Z","True","3000","3001",,"0","0","0","1",,,,"84096",,"2999","115","785","0.02"
"q1k-t1k-s1k-r01","server","latency-server","2026-09-04T10:32:40.015Z","2026-09-04T10:32:50.002Z","True","3000","3001",,"0","0","0","1",,,,"84257",,"3004","118","1336","0.02"
"q1k-t1k-s1k-r01","server","latency-server","2026-09-04T10:32:50.002Z","2026-09-04T10:33:00.003Z","True","3000","3001",,"0","0","0","1",,,,"84138",,"3000","99","1378","0.01"
"q1k-t1k-s1k-r01","server","latency-server","2026-09-04T10:33:00.003Z","2026-09-04T10:33:10.016Z","True","3000","3001",,"0","0","0","1",,,,"84039",,"2997","93","1011","0"
"q1k-t1k-s1k-r01","server","latency-server","2026-09-04T10:33:10.016Z","2026-09-04T10:33:20.002Z","True","3000","3001",,"0","0","0","1",,,,"84264",,"3005","110","1099","0.01"
"q1k-t1k-s1k-r01","server","latency-server","2026-09-04T10:33:20.002Z","2026-09-04T10:33:30.003Z","True","3000","3001",,"0","0","0","1",,,,"84139",,"3000","115","1110","0"
"q1k-t1k-s1k-r02","client","latency-client","2026-09-04T11:46:10.010Z","2026-09-04T11:46:20.010Z","False","3000","3001",,"0","0","0","90815",,"3272","3238","3951","545",,,"2682","2.8900000000000001"
"q1k-t1k-s1k-r02","client","latency-client","2026-09-04T11:46:20.010Z","2026-09-04T11:46:30.012Z","False","3000","3001",,"0","0","0","83129",,"3000","875","1",,,,"785","0.02"
"q1k-t1k-s1k-r02","client","latency-client","2026-09-04T11:46:30.012Z","2026-09-04T11:46:40.014Z","False","3000","3001",,"0","0","0","83131",,"3000","851","1",,,,"754","0.01"
"q1k-t1k-s1k-r02","client","latency-client","2026-09-04T11:46:40.014Z","2026-09-04T11:46:50.008Z","False","3000","3001",,"0","0","0","83196",,"3002","944","1",,,,"848","0.029999999999999999"
"q1k-t1k-s1k-r02","client","latency-client","2026-09-04T11:46:50.008Z","2026-09-04T11:47:00.014Z","False","3000","3001",,"0","0","0","83098",,"2999","805","1",,,,"709","0"
"q1k-t1k-s1k-r02","client","latency-client","2026-09-04T11:47:00.014Z","2026-09-04T11:47:10.001Z","False","3000","3001",,"0","0","0","83254",,"3004","994","1",,,,"901","0.01"
"q1k-t1k-s1k-r02","client","latency-client","2026-09-04T11:47:10.001Z","2026-09-04T11:47:20.005Z","False","3000","3001",,"0","0","0","83414",,"2999","805","1",,,,"706","0.050000000000000003"
"q1k-t1k-s1k-r02","client","latency-client","2026-09-04T11:47:20.005Z","2026-09-04T11:47:30.001Z","True","3000","3001",,"0","0","0","84180",,"3002","929","1",,,,"840","0.040000000000000001"
"q1k-t1k-s1k-r02","client","latency-client","2026-09-04T11:47:30.001Z","2026-09-04T11:47:40.012Z","True","3000","3001",,"0","0","0","84055",,"2997","832","1",,,,"730","0.01"
"q1k-t1k-s1k-r02","client","latency-client","2026-09-04T11:47:40.012Z","2026-09-04T11:47:50.007Z","True","3000","3001",,"0","0","0","84188",,"3002","829","1",,,,"733","0.040000000000000001"
"q1k-t1k-s1k-r02","client","latency-client","2026-09-04T11:47:50.007Z","2026-09-04T11:48:00.002Z","True","3000","3001",,"0","0","0","84190",,"3002","898","1",,,,"807","0.029999999999999999"
"q1k-t1k-s1k-r02","client","latency-client","2026-09-04T11:48:00.002Z","2026-09-04T11:48:10.002Z","True","3000","3001",,"0","0","0","84146",,"3001","877","1",,,,"782","0.050000000000000003"
"q1k-t1k-s1k-r02","client","latency-client","2026-09-04T11:48:10.002Z","2026-09-04T11:48:20.006Z","True","3000","3001",,"0","0","0","84114",,"2999","890","1",,,,"790","0.01"
"q1k-t1k-s1k-r02","client","latency-client","2026-09-04T11:48:20.006Z","2026-09-04T11:48:30.005Z","True","3000","3001",,"0","0","0","84154",,"3001","1037","1",,,,"943","0.029999999999999999"
"q1k-t1k-s1k-r02","client","latency-client","2026-09-04T11:48:30.005Z","2026-09-04T11:48:40.011Z","True","3000","3001",,"0","0","0","84097",,"2999","911","1",,,,"821","0.02"
"q1k-t1k-s1k-r02","client","latency-client","2026-09-04T11:48:40.011Z","2026-09-04T11:48:50.011Z","True","3000","3001",,"0","0","0","84146",,"3001","970","1",,,,"882","0.02"
"q1k-t1k-s1k-r02","client","latency-client","2026-09-04T11:48:50.011Z","2026-09-04T11:49:00.013Z","True","3000","3001",,"0","0","0","84131",,"3000","874","1",,,,"792","0.02"
"q1k-t1k-s1k-r02","client","latency-client","2026-09-04T11:49:00.013Z","2026-09-04T11:49:10.006Z","True","3000","3001",,"0","0","0","84205",,"3003","1005","1",,,,"919","0.050000000000000003"
"q1k-t1k-s1k-r02","client","latency-client","2026-09-04T11:49:10.006Z","2026-09-04T11:49:20.012Z","True","3000","3001",,"0","0","0","84097",,"2999","841","1",,,,"752","0.01"
"q1k-t1k-s1k-r02","client","latency-client","2026-09-04T11:49:20.012Z","2026-09-04T11:49:30.010Z","True","3000","3001",,"0","0","0","84163",,"3001","867","1",,,,"768","0"
"q1k-t1k-s1k-r02","client","latency-client","2026-09-04T11:49:30.010Z","2026-09-04T11:49:40.007Z","True","3000","3001",,"0","0","0","84173",,"3001","918","1",,,,"823","0.029999999999999999"
"q1k-t1k-s1k-r02","client","latency-client","2026-09-04T11:49:40.007Z","2026-09-04T11:49:50.011Z","True","3000","3001",,"0","0","0","84112",,"2999","841","1",,,,"747","0.029999999999999999"
"q1k-t1k-s1k-r02","client","latency-client","2026-09-04T11:49:50.011Z","2026-09-04T11:50:00.004Z","True","3000","3001",,"0","0","0","84207",,"3003","922","1",,,,"835","0.050000000000000003"
"q1k-t1k-s1k-r02","client","latency-client","2026-09-04T11:50:00.004Z","2026-09-04T11:50:10.012Z","True","3000","3001",,"0","0","0","84079",,"2998","926","1",,,,"838","0"
"q1k-t1k-s1k-r02","client","latency-client","2026-09-04T11:50:10.012Z","2026-09-04T11:50:20.006Z","True","3000","3001",,"0","0","0","84198",,"3002","835","1",,,,"733","0.040000000000000001"
"q1k-t1k-s1k-r02","client","latency-client","2026-09-04T11:50:20.006Z","2026-09-04T11:50:30.002Z","True","3000","3001",,"0","0","0","84179",,"3002","1032","1",,,,"950","0.02"
"q1k-t1k-s1k-r02","client","latency-client","2026-09-04T11:50:30.002Z","2026-09-04T11:50:40.008Z","True","3000","3001",,"0","0","0","84097",,"2999","931","1",,,,"843","0.01"
"q1k-t1k-s1k-r02","client","latency-client","2026-09-04T11:50:40.008Z","2026-09-04T11:50:50.001Z","True","3000","3001",,"0","0","0","84205",,"3003","1037","1",,,,"935","0.029999999999999999"
"q1k-t1k-s1k-r02","client","latency-client","2026-09-04T11:50:50.001Z","2026-09-04T11:51:00.014Z","True","3000","3001",,"0","0","0","84038",,"2997","872","1",,,,"775","0.02"
"q1k-t1k-s1k-r02","client","latency-client","2026-09-04T11:51:00.014Z","2026-09-04T11:51:10.015Z","True","3000","3001",,"0","0","0","84138",,"3000","903","1",,,,"811","0.02"
"q1k-t1k-s1k-r02","client","latency-client","2026-09-04T11:51:10.015Z","2026-09-04T11:51:20.003Z","True","3000","3001",,"0","0","0","84249",,"3004","1049","1",,,,"959","0.029999999999999999"
"q1k-t1k-s1k-r02","client","latency-client","2026-09-04T11:51:20.003Z","2026-09-04T11:51:30.012Z","True","3000","3001",,"0","0","0","84070",,"2998","1001","1",,,,"902","0.01"
"q1k-t1k-s1k-r02","client","latency-client","2026-09-04T11:51:30.012Z","2026-09-04T11:51:40.004Z","True","3000","3001",,"0","0","0","84215",,"3003","899","1",,,,"803","0.02"
"q1k-t1k-s1k-r02","client","latency-client","2026-09-04T11:51:40.004Z","2026-09-04T11:51:50.010Z","True","3000","3001",,"0","0","0","84096",,"2999","1020","1",,,,"924","0.01"
"q1k-t1k-s1k-r02","client","latency-client","2026-09-04T11:51:50.010Z","2026-09-04T11:52:00.005Z","True","3000","3001",,"0","0","0","84190",,"3002","880","1",,,,"791","0.01"
"q1k-t1k-s1k-r02","client","latency-client","2026-09-04T11:52:00.005Z","2026-09-04T11:52:10.015Z","True","3000","3001",,"0","0","0","84062",,"2998","893","1",,,,"799","0.02"
"q1k-t1k-s1k-r02","client","latency-client","2026-09-04T11:52:10.015Z","2026-09-04T11:52:20.013Z","True","3000","3001",,"0","0","0","84165",,"3001","818","1",,,,"727","0.02"
"q1k-t1k-s1k-r02","client","latency-client","2026-09-04T11:52:20.013Z","2026-09-04T11:52:30.002Z","True","3000","3001",,"0","0","0","84239",,"3004","946","1",,,,"851","0.02"
"q1k-t1k-s1k-r02","client","latency-client","2026-09-04T11:52:30.002Z","2026-09-04T11:52:40.015Z","True","3000","3001",,"0","0","0","84039",,"2997","953","1",,,,"856","0.02"
"q1k-t1k-s1k-r02","client","latency-client","2026-09-04T11:52:40.015Z","2026-09-04T11:52:50.004Z","True","3000","3001",,"0","0","0","84238",,"3004","882","1",,,,"792","0.029999999999999999"
"q1k-t1k-s1k-r02","client","latency-client","2026-09-04T11:52:50.004Z","2026-09-04T11:53:00.011Z","True","3000","3001",,"0","0","0","84088",,"2998","736","1",,,,"666","0"
"q1k-t1k-s1k-r02","client","latency-client","2026-09-04T11:53:00.011Z","2026-09-04T11:53:10.012Z","True","3000","3001",,"0","0","0","84136",,"3000","803","1",,,,"737","0.02"
"q1k-t1k-s1k-r02","client","latency-client","2026-09-04T11:53:10.012Z","2026-09-04T11:53:20.016Z","True","3000","3001",,"0","0","0","84113",,"2999","821","1",,,,"756","0.02"
"q1k-t1k-s1k-r02","client","latency-client","2026-09-04T11:53:20.016Z","2026-09-04T11:53:30.013Z","True","3000","3001",,"0","0","0","84169",,"3001","724","1",,,,"658","0.02"
"q1k-t1k-s1k-r02","client","latency-client","2026-09-04T11:53:30.013Z","2026-09-04T11:53:40.011Z","True","3000","3001",,"0","0","0","84162",,"3001","905","1",,,,"806","0.02"
"q1k-t1k-s1k-r02","client","latency-client","2026-09-04T11:53:40.011Z","2026-09-04T11:53:50.012Z","True","3000","3001",,"0","0","0","84135",,"3000","1005","1",,,,"897","0.01"
"q1k-t1k-s1k-r02","client","latency-client","2026-09-04T11:53:50.012Z","2026-09-04T11:54:00.013Z","True","3000","3001",,"0","0","0","84137",,"3000","965","1",,,,"862","0.029999999999999999"
"q1k-t1k-s1k-r02","client","latency-client","2026-09-04T11:54:00.013Z","2026-09-04T11:54:10.010Z","True","3000","3001",,"0","0","0","84169",,"3001","1028","1",,,,"923","0.029999999999999999"
"q1k-t1k-s1k-r02","client","latency-client","2026-09-04T11:54:10.010Z","2026-09-04T11:54:20.013Z","True","3000","3001",,"0","0","0","84120",,"3000","962","1",,,,"860","0.029999999999999999"
"q1k-t1k-s1k-r02","client","latency-client","2026-09-04T11:54:20.013Z","2026-09-04T11:54:30.011Z","True","3000","3001",,"0","0","0","84160",,"3001","955","1",,,,"854","0.029999999999999999"
"q1k-t1k-s1k-r02","client","latency-client","2026-09-04T11:54:30.011Z","2026-09-04T11:54:40.015Z","True","3000","3001",,"0","0","0","84111",,"2999","927","1",,,,"812","0.01"
"q1k-t1k-s1k-r02","client","latency-client","2026-09-04T11:54:40.015Z","2026-09-04T11:54:50.002Z","True","3000","3001",,"0","0","0","84253",,"3004","955","1",,,,"850","0.029999999999999999"
"q1k-t1k-s1k-r02","client","latency-client","2026-09-04T11:54:50.002Z","2026-09-04T11:55:00.002Z","True","3000","3001",,"0","0","0","84145",,"3001","977","1",,,,"880","0.029999999999999999"
"q1k-t1k-s1k-r02","client","latency-client","2026-09-04T11:55:00.002Z","2026-09-04T11:55:10.003Z","True","3000","3001",,"0","0","0","84135",,"3000","1081","1",,,,"989","0.01"
"q1k-t1k-s1k-r02","client","latency-client","2026-09-04T11:55:10.003Z","2026-09-04T11:55:20.005Z","True","3000","3001",,"0","0","0","84128",,"3000","991","1",,,,"888","0.029999999999999999"
"q1k-t1k-s1k-r02","client","latency-client","2026-09-04T11:55:20.005Z","2026-09-04T11:55:30.012Z","True","3000","3001",,"0","0","0","84085",,"2998","966","1",,,,"859","0.01"
"q1k-t1k-s1k-r02","client","latency-client","2026-09-04T11:55:30.012Z","2026-09-04T11:55:40.013Z","True","3000","3001",,"0","0","0","84137",,"3000","883","1",,,,"773","0.02"
"q1k-t1k-s1k-r02","client","latency-client","2026-09-04T11:55:40.013Z","2026-09-04T11:55:50.005Z","True","3000","3001",,"0","0","0","84213",,"3003","936","1",,,,"840","0.029999999999999999"
"q1k-t1k-s1k-r02","client","latency-client","2026-09-04T11:55:50.005Z","2026-09-04T11:56:00.007Z","True","3000","3001",,"0","0","0","84131",,"3000","881","1",,,,"799","0.02"
"q1k-t1k-s1k-r02","client","latency-client","2026-09-04T11:56:00.007Z","2026-09-04T11:56:10.015Z","True","3000","3001",,"0","0","0","84079",,"2998","915","1",,,,"819","0.029999999999999999"
"q1k-t1k-s1k-r02","client","latency-client","2026-09-04T11:56:10.015Z","2026-09-04T11:56:20.003Z","True","3000","3001",,"0","0","0","84249",,"3004","896","1",,,,"803","0.029999999999999999"
"q1k-t1k-s1k-r02","client","latency-client","2026-09-04T11:56:20.003Z","2026-09-04T11:56:30.013Z","True","3000","3001",,"0","0","0","84062",,"2998","1025","1",,,,"933","0.02"
"q1k-t1k-s1k-r02","client","latency-client","2026-09-04T11:56:30.013Z","2026-09-04T11:56:40.013Z","True","3000","3001",,"0","0","0","84148",,"3001","883","1",,,,"783","0.040000000000000001"
"q1k-t1k-s1k-r02","client","latency-client","2026-09-04T11:56:40.013Z","2026-09-04T11:56:50.015Z","True","3000","3001",,"0","0","0","84129",,"3000","850","1",,,,"745","0.01"
"q1k-t1k-s1k-r02","client","latency-client","2026-09-04T11:56:50.015Z","2026-09-04T11:57:00.013Z","True","3000","3001",,"0","0","0","84165",,"3001","842","1",,,,"757","0.01"
"q1k-t1k-s1k-r02","client","latency-client","2026-09-04T11:57:00.013Z","2026-09-04T11:57:10.015Z","True","3000","3001",,"0","0","0","84129",,"3000","913","1",,,,"820","0.029999999999999999"
"q1k-t1k-s1k-r02","server","latency-server","2026-09-04T11:46:10.010Z","2026-09-04T11:46:20.010Z","False","3000","3001",,"0","0","0","1599","220",,,"36753",,"1324","117","3414","1.1799999999999999"
"q1k-t1k-s1k-r02","server","latency-server","2026-09-04T11:46:20.010Z","2026-09-04T11:46:30.012Z","False","3000","3001",,"0","0","0","1",,,,"83129",,"3000","90","771","0.01"
"q1k-t1k-s1k-r02","server","latency-server","2026-09-04T11:46:30.012Z","2026-09-04T11:46:40.014Z","False","3000","3001",,"0","0","0","1",,,,"83131",,"3000","98","1325","0.040000000000000001"
"q1k-t1k-s1k-r02","server","latency-server","2026-09-04T11:46:40.014Z","2026-09-04T11:46:50.008Z","False","3000","3001",,"0","0","0","1",,,,"83196",,"3002","98","1288","0.029999999999999999"
"q1k-t1k-s1k-r02","server","latency-server","2026-09-04T11:46:50.008Z","2026-09-04T11:47:00.014Z","False","3000","3001",,"0","0","0","1",,,,"83098",,"2999","100","1105","0"
"q1k-t1k-s1k-r02","server","latency-server","2026-09-04T11:47:00.014Z","2026-09-04T11:47:10.001Z","False","3000","3001",,"0","0","0","1",,,,"83254",,"3004","93","1142","0.01"
"q1k-t1k-s1k-r02","server","latency-server","2026-09-04T11:47:10.001Z","2026-09-04T11:47:20.005Z","False","3000","3001",,"0","0","0","1",,,,"83414",,"2999","100","1000","0.01"
"q1k-t1k-s1k-r02","server","latency-server","2026-09-04T11:47:20.005Z","2026-09-04T11:47:30.001Z","True","3000","3001",,"0","0","0","1",,,,"84180",,"3002","90","1202","0.02"
"q1k-t1k-s1k-r02","server","latency-server","2026-09-04T11:47:30.001Z","2026-09-04T11:47:40.012Z","True","3000","3001",,"0","0","0","1",,,,"84055",,"2997","102","910","0.01"
"q1k-t1k-s1k-r02","server","latency-server","2026-09-04T11:47:40.012Z","2026-09-04T11:47:50.007Z","True","3000","3001",,"0","0","0","1",,,,"84188",,"3002","98","1180","0.01"
"q1k-t1k-s1k-r02","server","latency-server","2026-09-04T11:47:50.007Z","2026-09-04T11:48:00.002Z","True","3000","3001",,"0","0","0","1",,,,"84190",,"3002","91","856","0"
"q1k-t1k-s1k-r02","server","latency-server","2026-09-04T11:48:00.002Z","2026-09-04T11:48:10.002Z","True","3000","3001",,"0","0","0","1",,,,"84146",,"3001","96","1508","0.01"
"q1k-t1k-s1k-r02","server","latency-server","2026-09-04T11:48:10.002Z","2026-09-04T11:48:20.006Z","True","3000","3001",,"0","0","0","1",,,,"84114",,"2999","102","1336","0.029999999999999999"
"q1k-t1k-s1k-r02","server","latency-server","2026-09-04T11:48:20.006Z","2026-09-04T11:48:30.005Z","True","3000","3001",,"0","0","0","1",,,,"84154",,"3001","93","979","0.01"
"q1k-t1k-s1k-r02","server","latency-server","2026-09-04T11:48:30.005Z","2026-09-04T11:48:40.011Z","True","3000","3001",,"0","0","0","1",,,,"84097",,"2999","90","1306","0.02"
"q1k-t1k-s1k-r02","server","latency-server","2026-09-04T11:48:40.011Z","2026-09-04T11:48:50.011Z","True","3000","3001",,"0","0","0","1",,,,"84146",,"3001","89","1409","0.029999999999999999"
"q1k-t1k-s1k-r02","server","latency-server","2026-09-04T11:48:50.011Z","2026-09-04T11:49:00.013Z","True","3000","3001",,"0","0","0","1",,,,"84131",,"3000","82","1330","0.02"
"q1k-t1k-s1k-r02","server","latency-server","2026-09-04T11:49:00.013Z","2026-09-04T11:49:10.006Z","True","3000","3001",,"0","0","0","1",,,,"84205",,"3003","87","1550","0.01"
"q1k-t1k-s1k-r02","server","latency-server","2026-09-04T11:49:10.006Z","2026-09-04T11:49:20.012Z","True","3000","3001",,"0","0","0","1",,,,"84097",,"2999","89","1136","0.02"
"q1k-t1k-s1k-r02","server","latency-server","2026-09-04T11:49:20.012Z","2026-09-04T11:49:30.010Z","True","3000","3001",,"0","0","0","1",,,,"84163",,"3001","101","1259","0.040000000000000001"
"q1k-t1k-s1k-r02","server","latency-server","2026-09-04T11:49:30.010Z","2026-09-04T11:49:40.007Z","True","3000","3001",,"0","0","0","1",,,,"84173",,"3001","97","1055","0.029999999999999999"
"q1k-t1k-s1k-r02","server","latency-server","2026-09-04T11:49:40.007Z","2026-09-04T11:49:50.011Z","True","3000","3001",,"0","0","0","1",,,,"84112",,"2999","94","967","0.01"
"q1k-t1k-s1k-r02","server","latency-server","2026-09-04T11:49:50.011Z","2026-09-04T11:50:00.004Z","True","3000","3001",,"0","0","0","1",,,,"84207",,"3003","87","1075","0.029999999999999999"
"q1k-t1k-s1k-r02","server","latency-server","2026-09-04T11:50:00.004Z","2026-09-04T11:50:10.012Z","True","3000","3001",,"0","0","0","1",,,,"84079",,"2998","89","1275","0"
"q1k-t1k-s1k-r02","server","latency-server","2026-09-04T11:50:10.012Z","2026-09-04T11:50:20.006Z","True","3000","3001",,"0","0","0","1",,,,"84198",,"3002","102","1149","0.01"
"q1k-t1k-s1k-r02","server","latency-server","2026-09-04T11:50:20.006Z","2026-09-04T11:50:30.002Z","True","3000","3001",,"0","0","0","1",,,,"84179",,"3002","83","1675","0.02"
"q1k-t1k-s1k-r02","server","latency-server","2026-09-04T11:50:30.002Z","2026-09-04T11:50:40.008Z","True","3000","3001",,"0","0","0","1",,,,"84097",,"2999","88","1087","0.02"
"q1k-t1k-s1k-r02","server","latency-server","2026-09-04T11:50:40.008Z","2026-09-04T11:50:50.001Z","True","3000","3001",,"0","0","0","1",,,,"84205",,"3003","104","1292","0.029999999999999999"
"q1k-t1k-s1k-r02","server","latency-server","2026-09-04T11:50:50.001Z","2026-09-04T11:51:00.014Z","True","3000","3001",,"0","0","0","1",,,,"84038",,"2997","97","960","0.02"
"q1k-t1k-s1k-r02","server","latency-server","2026-09-04T11:51:00.014Z","2026-09-04T11:51:10.015Z","True","3000","3001",,"0","0","0","1",,,,"84138",,"3000","94","1399","0.029999999999999999"
"q1k-t1k-s1k-r02","server","latency-server","2026-09-04T11:51:10.015Z","2026-09-04T11:51:20.003Z","True","3000","3001",,"0","0","0","1",,,,"84249",,"3004","90","1092","0.01"
"q1k-t1k-s1k-r02","server","latency-server","2026-09-04T11:51:20.003Z","2026-09-04T11:51:30.012Z","True","3000","3001",,"0","0","0","1",,,,"84070",,"2998","100","1477","0.01"
"q1k-t1k-s1k-r02","server","latency-server","2026-09-04T11:51:30.012Z","2026-09-04T11:51:40.004Z","True","3000","3001",,"0","0","0","1",,,,"84215",,"3003","98","1111","0.02"
"q1k-t1k-s1k-r02","server","latency-server","2026-09-04T11:51:40.004Z","2026-09-04T11:51:50.010Z","True","3000","3001",,"0","0","0","1",,,,"84096",,"2999","95","1250","0.029999999999999999"
"q1k-t1k-s1k-r02","server","latency-server","2026-09-04T11:51:50.010Z","2026-09-04T11:52:00.005Z","True","3000","3001",,"0","0","0","1",,,,"84190",,"3002","90","1133","0.02"
"q1k-t1k-s1k-r02","server","latency-server","2026-09-04T11:52:00.005Z","2026-09-04T11:52:10.015Z","True","3000","3001",,"0","0","0","1",,,,"84062",,"2998","94","1063","0.01"
"q1k-t1k-s1k-r02","server","latency-server","2026-09-04T11:52:10.015Z","2026-09-04T11:52:20.013Z","True","3000","3001",,"0","0","0","1",,,,"84165",,"3001","93","1322","0.01"
"q1k-t1k-s1k-r02","server","latency-server","2026-09-04T11:52:20.013Z","2026-09-04T11:52:30.002Z","True","3000","3001",,"0","0","0","1",,,,"84239",,"3004","95","1086","0.01"
"q1k-t1k-s1k-r02","server","latency-server","2026-09-04T11:52:30.002Z","2026-09-04T11:52:40.015Z","True","3000","3001",,"0","0","0","1",,,,"84039",,"2997","97","1153","0.01"
"q1k-t1k-s1k-r02","server","latency-server","2026-09-04T11:52:40.015Z","2026-09-04T11:52:50.004Z","True","3000","3001",,"0","0","0","1",,,,"84238",,"3004","91","1165","0.040000000000000001"
"q1k-t1k-s1k-r02","server","latency-server","2026-09-04T11:52:50.004Z","2026-09-04T11:53:00.011Z","True","3000","3001",,"0","0","0","1",,,,"84088",,"2998","71","917","0.02"
"q1k-t1k-s1k-r02","server","latency-server","2026-09-04T11:53:00.011Z","2026-09-04T11:53:10.012Z","True","3000","3001",,"0","0","0","1",,,,"84136",,"3000","67","1020","0.02"
"q1k-t1k-s1k-r02","server","latency-server","2026-09-04T11:53:10.012Z","2026-09-04T11:53:20.016Z","True","3000","3001",,"0","0","0","1",,,,"84113",,"2999","65","777","0.01"
"q1k-t1k-s1k-r02","server","latency-server","2026-09-04T11:53:20.016Z","2026-09-04T11:53:30.013Z","True","3000","3001",,"0","0","0","1",,,,"84169",,"3001","66","889","0.01"
"q1k-t1k-s1k-r02","server","latency-server","2026-09-04T11:53:30.013Z","2026-09-04T11:53:40.011Z","True","3000","3001",,"0","0","0","1",,,,"84162",,"3001","101","865","0.01"
"q1k-t1k-s1k-r02","server","latency-server","2026-09-04T11:53:40.011Z","2026-09-04T11:53:50.012Z","True","3000","3001",,"0","0","0","1",,,,"84135",,"3000","109","1359","0.02"
"q1k-t1k-s1k-r02","server","latency-server","2026-09-04T11:53:50.012Z","2026-09-04T11:54:00.013Z","True","3000","3001",,"0","0","0","1",,,,"84137",,"3000","105","1052","0.029999999999999999"
"q1k-t1k-s1k-r02","server","latency-server","2026-09-04T11:54:00.013Z","2026-09-04T11:54:10.010Z","True","3000","3001",,"0","0","0","1",,,,"84169",,"3001","105","1170","0.02"
"q1k-t1k-s1k-r02","server","latency-server","2026-09-04T11:54:10.010Z","2026-09-04T11:54:20.013Z","True","3000","3001",,"0","0","0","1",,,,"84120",,"3000","102","1322","0"
"q1k-t1k-s1k-r02","server","latency-server","2026-09-04T11:54:20.013Z","2026-09-04T11:54:30.011Z","True","3000","3001",,"0","0","0","1",,,,"84160",,"3001","103","1658","0.02"
"q1k-t1k-s1k-r02","server","latency-server","2026-09-04T11:54:30.011Z","2026-09-04T11:54:40.015Z","True","3000","3001",,"0","0","0","1",,,,"84111",,"2999","116","1363","0.01"
"q1k-t1k-s1k-r02","server","latency-server","2026-09-04T11:54:40.015Z","2026-09-04T11:54:50.002Z","True","3000","3001",,"0","0","0","1",,,,"84253",,"3004","107","1410","0.02"
"q1k-t1k-s1k-r02","server","latency-server","2026-09-04T11:54:50.002Z","2026-09-04T11:55:00.002Z","True","3000","3001",,"0","0","0","1",,,,"84145",,"3001","97","1099","0.02"
"q1k-t1k-s1k-r02","server","latency-server","2026-09-04T11:55:00.002Z","2026-09-04T11:55:10.003Z","True","3000","3001",,"0","0","0","1",,,,"84135",,"3000","93","1627","0.01"
"q1k-t1k-s1k-r02","server","latency-server","2026-09-04T11:55:10.003Z","2026-09-04T11:55:20.005Z","True","3000","3001",,"0","0","0","1",,,,"84128",,"3000","104","1035","0.02"
"q1k-t1k-s1k-r02","server","latency-server","2026-09-04T11:55:20.005Z","2026-09-04T11:55:30.012Z","True","3000","3001",,"0","0","0","1",,,,"84085",,"2998","107","1522","0"
"q1k-t1k-s1k-r02","server","latency-server","2026-09-04T11:55:30.012Z","2026-09-04T11:55:40.013Z","True","3000","3001",,"0","0","0","1",,,,"84137",,"3000","111","831","0.02"
"q1k-t1k-s1k-r02","server","latency-server","2026-09-04T11:55:40.013Z","2026-09-04T11:55:50.005Z","True","3000","3001",,"0","0","0","1",,,,"84213",,"3003","96","1131","0.02"
"q1k-t1k-s1k-r02","server","latency-server","2026-09-04T11:55:50.005Z","2026-09-04T11:56:00.007Z","True","3000","3001",,"0","0","0","1",,,,"84131",,"3000","84","1139","0.02"
"q1k-t1k-s1k-r02","server","latency-server","2026-09-04T11:56:00.007Z","2026-09-04T11:56:10.015Z","True","3000","3001",,"0","0","0","1",,,,"84079",,"2998","97","1105","0.029999999999999999"
"q1k-t1k-s1k-r02","server","latency-server","2026-09-04T11:56:10.015Z","2026-09-04T11:56:20.003Z","True","3000","3001",,"0","0","0","1",,,,"84249",,"3004","93","1046","0.029999999999999999"
"q1k-t1k-s1k-r02","server","latency-server","2026-09-04T11:56:20.003Z","2026-09-04T11:56:30.013Z","True","3000","3001",,"0","0","0","1",,,,"84062",,"2998","93","1155","0.01"
"q1k-t1k-s1k-r02","server","latency-server","2026-09-04T11:56:30.013Z","2026-09-04T11:56:40.013Z","True","3000","3001",,"0","0","0","1",,,,"84148",,"3001","101","1240","0.02"
"q1k-t1k-s1k-r02","server","latency-server","2026-09-04T11:56:40.013Z","2026-09-04T11:56:50.015Z","True","3000","3001",,"0","0","0","1",,,,"84129",,"3000","106","1451","0.01"
"q1k-t1k-s1k-r02","server","latency-server","2026-09-04T11:56:50.015Z","2026-09-04T11:57:00.013Z","True","3000","3001",,"0","0","0","1",,,,"84165",,"3001","85","1197","0.01"
"q1k-t1k-s1k-r02","server","latency-server","2026-09-04T11:57:00.013Z","2026-09-04T11:57:10.015Z","True","3000","3001",,"0","0","0","1",,,,"84129",,"3000","93","1194","0.02"
"q1k-t1k-s1k-r03","client","latency-client","2026-09-04T12:21:40.010Z","2026-09-04T12:21:50.010Z","False","3000","3001",,"0","0","0","85078",,"3068","1632","1711","236",,,"1454","1.24"
"q1k-t1k-s1k-r03","client","latency-client","2026-09-04T12:21:50.010Z","2026-09-04T12:22:00.007Z","False","3000","3001",,"0","0","0","83164",,"3001","707","1",,,,"635","0"
"q1k-t1k-s1k-r03","client","latency-client","2026-09-04T12:22:00.007Z","2026-09-04T12:22:10.002Z","False","3000","3001",,"0","0","0","83187",,"3002","975","1",,,,"908","0.02"
"q1k-t1k-s1k-r03","client","latency-client","2026-09-04T12:22:10.002Z","2026-09-04T12:22:20.013Z","False","3000","3001",,"0","0","0","83056",,"2997","1069","1",,,,"983","0.01"
"q1k-t1k-s1k-r03","client","latency-client","2026-09-04T12:22:20.013Z","2026-09-04T12:22:30.012Z","False","3000","3001",,"0","0","0","83154",,"3001","1024","1",,,,"931","0.01"
"q1k-t1k-s1k-r03","client","latency-client","2026-09-04T12:22:30.012Z","2026-09-04T12:22:40.006Z","False","3000","3001",,"0","0","0","83197",,"3002","1044","1",,,,"963","0.01"
"q1k-t1k-s1k-r03","client","latency-client","2026-09-04T12:22:40.006Z","2026-09-04T12:22:50.010Z","True","3000","3001",,"0","0","0","84112",,"2999","978","1",,,,"886","0.040000000000000001"
"q1k-t1k-s1k-r03","client","latency-client","2026-09-04T12:22:50.010Z","2026-09-04T12:23:00.007Z","True","3000","3001",,"0","0","0","84173",,"3001","930","1",,,,"844","0.050000000000000003"
"q1k-t1k-s1k-r03","client","latency-client","2026-09-04T12:23:00.007Z","2026-09-04T12:23:10.007Z","True","3000","3001",,"0","0","0","84146",,"3001","880","1",,,,"792","0.01"
"q1k-t1k-s1k-r03","client","latency-client","2026-09-04T12:23:10.007Z","2026-09-04T12:23:20.007Z","True","3000","3001",,"0","0","0","84148",,"3001","957","1",,,,"870","0.050000000000000003"
"q1k-t1k-s1k-r03","client","latency-client","2026-09-04T12:23:20.007Z","2026-09-04T12:23:30.011Z","True","3000","3001",,"0","0","0","84112",,"2999","944","1",,,,"857","0.059999999999999998"
"q1k-t1k-s1k-r03","client","latency-client","2026-09-04T12:23:30.011Z","2026-09-04T12:23:40.015Z","True","3000","3001",,"0","0","0","84114",,"2999","1038","1",,,,"927","0.01"
"q1k-t1k-s1k-r03","client","latency-client","2026-09-04T12:23:40.015Z","2026-09-04T12:23:50.015Z","True","3000","3001",,"0","0","0","84146",,"3001","1090","1",,,,"994","0.01"
"q1k-t1k-s1k-r03","client","latency-client","2026-09-04T12:23:50.015Z","2026-09-04T12:24:00.013Z","True","3000","3001",,"0","0","0","84165",,"3001","1223","1",,,,"1124","0.040000000000000001"
"q1k-t1k-s1k-r03","client","latency-client","2026-09-04T12:24:00.013Z","2026-09-04T12:24:10.005Z","True","3000","3001",,"0","0","0","84213",,"3003","1024","1",,,,"926","0.02"
"q1k-t1k-s1k-r03","client","latency-client","2026-09-04T12:24:10.005Z","2026-09-04T12:24:20.011Z","True","3000","3001",,"0","0","0","84097",,"2999","962","1",,,,"861","0.01"
"q1k-t1k-s1k-r03","client","latency-client","2026-09-04T12:24:20.011Z","2026-09-04T12:24:30.016Z","True","3000","3001",,"0","0","0","84104",,"2999","990","1",,,,"890","0.029999999999999999"
"q1k-t1k-s1k-r03","client","latency-client","2026-09-04T12:24:30.016Z","2026-09-04T12:24:40.008Z","True","3000","3001",,"0","0","0","84215",,"3003","1124","1",,,,"1009","0.01"
"q1k-t1k-s1k-r03","client","latency-client","2026-09-04T12:24:40.008Z","2026-09-04T12:24:50.007Z","True","3000","3001",,"0","0","0","84154",,"3001","1052","1",,,,"946","0.02"
"q1k-t1k-s1k-r03","client","latency-client","2026-09-04T12:24:50.007Z","2026-09-04T12:25:00.011Z","True","3000","3001",,"0","0","0","84114",,"2999","935","1",,,,"839","0"
"q1k-t1k-s1k-r03","client","latency-client","2026-09-04T12:25:00.011Z","2026-09-04T12:25:10.016Z","True","3000","3001",,"0","0","0","84104",,"2999","962","1",,,,"878","0"
"q1k-t1k-s1k-r03","client","latency-client","2026-09-04T12:25:10.016Z","2026-09-04T12:25:20.015Z","True","3000","3001",,"0","0","0","84156",,"3001","1287","1",,,,"1199","0.02"
"q1k-t1k-s1k-r03","client","latency-client","2026-09-04T12:25:20.015Z","2026-09-04T12:25:30.002Z","True","3000","3001",,"0","0","0","84255",,"3004","925","1",,,,"838","0.02"
"q1k-t1k-s1k-r03","client","latency-client","2026-09-04T12:25:30.002Z","2026-09-04T12:25:40.009Z","True","3000","3001",,"0","0","0","84089",,"2998","966","1",,,,"874","0"
"q1k-t1k-s1k-r03","client","latency-client","2026-09-04T12:25:40.009Z","2026-09-04T12:25:50.005Z","True","3000","3001",,"0","0","0","84180",,"3002","988","1",,,,"900","0"
"q1k-t1k-s1k-r03","client","latency-client","2026-09-04T12:25:50.005Z","2026-09-04T12:26:00.002Z","True","3000","3001",,"0","0","0","84173",,"3001","991","1",,,,"897","0.02"
"q1k-t1k-s1k-r03","client","latency-client","2026-09-04T12:26:00.002Z","2026-09-04T12:26:10.011Z","True","3000","3001",,"0","0","0","84070",,"2998","1007","1",,,,"909","0.01"
"q1k-t1k-s1k-r03","client","latency-client","2026-09-04T12:26:10.011Z","2026-09-04T12:26:20.012Z","True","3000","3001",,"0","0","0","84139",,"3000","975","1",,,,"893","0.050000000000000003"
"q1k-t1k-s1k-r03","client","latency-client","2026-09-04T12:26:20.012Z","2026-09-04T12:26:30.007Z","True","3000","3001",,"0","0","0","84188",,"3002","945","1",,,,"857","0.040000000000000001"
"q1k-t1k-s1k-r03","client","latency-client","2026-09-04T12:26:30.007Z","2026-09-04T12:26:40.013Z","True","3000","3001",,"0","0","0","84097",,"2999","990","1",,,,"905","0.02"
"q1k-t1k-s1k-r03","client","latency-client","2026-09-04T12:26:40.013Z","2026-09-04T12:26:50.011Z","True","3000","3001",,"0","0","0","84163",,"3001","938","1",,,,"852","0"
"q1k-t1k-s1k-r03","client","latency-client","2026-09-04T12:26:50.011Z","2026-09-04T12:27:00.003Z","True","3000","3001",,"0","0","0","84215",,"3003","995","1",,,,"911","0.01"
"q1k-t1k-s1k-r03","client","latency-client","2026-09-04T12:27:00.003Z","2026-09-04T12:27:10.007Z","True","3000","3001",,"0","0","0","84112",,"2999","992","1",,,,"904","0.02"
"q1k-t1k-s1k-r03","client","latency-client","2026-09-04T12:27:10.007Z","2026-09-04T12:27:20.013Z","True","3000","3001",,"0","0","0","84097",,"2999","996","1",,,,"903","0.02"
"q1k-t1k-s1k-r03","client","latency-client","2026-09-04T12:27:20.013Z","2026-09-04T12:27:30.002Z","True","3000","3001",,"0","0","0","84239",,"3004","937","1",,,,"841","0.02"
"q1k-t1k-s1k-r03","client","latency-client","2026-09-04T12:27:30.002Z","2026-09-04T12:27:40.006Z","True","3000","3001",,"0","0","0","84114",,"2999","951","1",,,,"853","0.02"
"q1k-t1k-s1k-r03","client","latency-client","2026-09-04T12:27:40.006Z","2026-09-04T12:27:50.012Z","True","3000","3001",,"0","0","0","84095",,"2999","930","1",,,,"844","0.02"
"q1k-t1k-s1k-r03","client","latency-client","2026-09-04T12:27:50.012Z","2026-09-04T12:28:00.002Z","True","3000","3001",,"0","0","0","84232",,"3004","1065","1",,,,"977","0.02"
"q1k-t1k-s1k-r03","client","latency-client","2026-09-04T12:28:00.002Z","2026-09-04T12:28:10.004Z","True","3000","3001",,"0","0","0","84129",,"3000","937","1",,,,"848","0.01"
"q1k-t1k-s1k-r03","client","latency-client","2026-09-04T12:28:10.004Z","2026-09-04T12:28:20.013Z","True","3000","3001",,"0","0","0","84072",,"2998","925","1",,,,"831","0.01"
"q1k-t1k-s1k-r03","client","latency-client","2026-09-04T12:28:20.013Z","2026-09-04T12:28:30.002Z","True","3000","3001",,"0","0","0","84238",,"3004","921","1",,,,"833","0.01"
"q1k-t1k-s1k-r03","client","latency-client","2026-09-04T12:28:30.002Z","2026-09-04T12:28:40.012Z","True","3000","3001",,"0","0","0","84064",,"2998","871","1",,,,"773","0"
"q1k-t1k-s1k-r03","client","latency-client","2026-09-04T12:28:40.012Z","2026-09-04T12:28:50.002Z","True","3000","3001",,"0","0","0","84230",,"3004","926","1",,,,"835","0.01"
"q1k-t1k-s1k-r03","client","latency-client","2026-09-04T12:28:50.002Z","2026-09-04T12:29:00.015Z","True","3000","3001",,"0","0","0","84039",,"2997","946","1",,,,"857","0"
"q1k-t1k-s1k-r03","client","latency-client","2026-09-04T12:29:00.015Z","2026-09-04T12:29:10.001Z","True","3000","3001",,"0","0","0","84264",,"3005","911","1",,,,"813","0.01"
"q1k-t1k-s1k-r03","client","latency-client","2026-09-04T12:29:10.001Z","2026-09-04T12:29:20.016Z","True","3000","3001",,"0","0","0","84020",,"2996","917","1",,,,"833","0.02"
"q1k-t1k-s1k-r03","client","latency-client","2026-09-04T12:29:20.016Z","2026-09-04T12:29:30.012Z","True","3000","3001",,"0","0","0","84177",,"3002","880","1",,,,"793","0.01"
"q1k-t1k-s1k-r03","client","latency-client","2026-09-04T12:29:30.012Z","2026-09-04T12:29:40.015Z","True","3000","3001",,"0","0","0","84120",,"3000","951","1",,,,"853","0.02"
"q1k-t1k-s1k-r03","client","latency-client","2026-09-04T12:29:40.015Z","2026-09-04T12:29:50.014Z","True","3000","3001",,"0","0","0","84152",,"3001","907","1",,,,"815","0.02"
"q1k-t1k-s1k-r03","client","latency-client","2026-09-04T12:29:50.014Z","2026-09-04T12:30:00.006Z","True","3000","3001",,"0","0","0","84212",,"3003","1127","1",,,,"1035","0.050000000000000003"
"q1k-t1k-s1k-r03","client","latency-client","2026-09-04T12:30:00.006Z","2026-09-04T12:30:10.013Z","True","3000","3001",,"0","0","0","84085",,"2998","1036","1",,,,"933","0.02"
"q1k-t1k-s1k-r03","client","latency-client","2026-09-04T12:30:10.013Z","2026-09-04T12:30:20.002Z","True","3000","3001",,"0","0","0","84237",,"3004","1030","1",,,,"939","0.059999999999999998"
"q1k-t1k-s1k-r03","client","latency-client","2026-09-04T12:30:20.002Z","2026-09-04T12:30:30.015Z","True","3000","3001",,"0","0","0","84034",,"2997","991","1",,,,"902","0.01"
"q1k-t1k-s1k-r03","client","latency-client","2026-09-04T12:30:30.015Z","2026-09-04T12:30:40.005Z","True","3000","3001",,"0","0","0","84229",,"3004","916","1",,,,"825","0.02"
"q1k-t1k-s1k-r03","client","latency-client","2026-09-04T12:30:40.005Z","2026-09-04T12:30:50.013Z","True","3000","3001",,"0","0","0","84076",,"2998","899","1",,,,"814","0.040000000000000001"
"q1k-t1k-s1k-r03","client","latency-client","2026-09-04T12:30:50.013Z","2026-09-04T12:31:00.012Z","True","3000","3001",,"0","0","0","84153",,"3001","923","1",,,,"839","0.02"
"q1k-t1k-s1k-r03","client","latency-client","2026-09-04T12:31:00.012Z","2026-09-04T12:31:10.000Z","True","3000","3001",,"0","0","0","84244",,"3004","969","1",,,,"882","0.01"
"q1k-t1k-s1k-r03","client","latency-client","2026-09-04T12:31:10.000Z","2026-09-04T12:31:20.009Z","True","3000","3001",,"0","0","0","84069",,"2998","889","1",,,,"804","0.029999999999999999"
"q1k-t1k-s1k-r03","client","latency-client","2026-09-04T12:31:20.009Z","2026-09-04T12:31:30.001Z","True","3000","3001",,"0","0","0","84211",,"3003","773","1",,,,"699","0.02"
"q1k-t1k-s1k-r03","client","latency-client","2026-09-04T12:31:30.001Z","2026-09-04T12:31:40.010Z","True","3000","3001",,"0","0","0","84072",,"2998","719","1",,,,"651","0.01"
"q1k-t1k-s1k-r03","client","latency-client","2026-09-04T12:31:40.010Z","2026-09-04T12:31:50.013Z","True","3000","3001",,"0","0","0","84121",,"3000","768","1",,,,"695","0.02"
"q1k-t1k-s1k-r03","client","latency-client","2026-09-04T12:31:50.013Z","2026-09-04T12:32:00.006Z","True","3000","3001",,"0","0","0","84207",,"3003","804","1",,,,"732","0.02"
"q1k-t1k-s1k-r03","client","latency-client","2026-09-04T12:32:00.006Z","2026-09-04T12:32:10.011Z","True","3000","3001",,"0","0","0","84104",,"2999","779","1",,,,"708","0.01"
"q1k-t1k-s1k-r03","client","latency-client","2026-09-04T12:32:10.011Z","2026-09-04T12:32:20.011Z","True","3000","3001",,"0","0","0","84147",,"3001","794","1",,,,"715","0.02"
"q1k-t1k-s1k-r03","client","latency-client","2026-09-04T12:32:20.011Z","2026-09-04T12:32:30.007Z","True","3000","3001",,"0","0","0","84180",,"3002","949","1",,,,"837","0.040000000000000001"
"q1k-t1k-s1k-r03","server","latency-server","2026-09-04T12:21:30.011Z","2026-09-04T12:21:40.011Z","False","3000","3001",,"0","0","0","2012","277",,,"23175",,"833","69","3894","1.46"
"q1k-t1k-s1k-r03","server","latency-server","2026-09-04T12:21:40.011Z","2026-09-04T12:21:50.009Z","False","3000","3001",,"0","0","0","3",,,,"83162",,"3001","69","803","0.02"
"q1k-t1k-s1k-r03","server","latency-server","2026-09-04T12:21:50.009Z","2026-09-04T12:22:00.007Z","False","3000","3001",,"0","0","0","1",,,,"83164",,"3001","72","816","0.01"
"q1k-t1k-s1k-r03","server","latency-server","2026-09-04T12:22:00.007Z","2026-09-04T12:22:10.002Z","False","3000","3001",,"0","0","0","1",,,,"83187",,"3002","67","1061","0.01"
"q1k-t1k-s1k-r03","server","latency-server","2026-09-04T12:22:10.002Z","2026-09-04T12:22:20.013Z","False","3000","3001",,"0","0","0","1",,,,"83056",,"2997","87","1240","0.01"
"q1k-t1k-s1k-r03","server","latency-server","2026-09-04T12:22:20.013Z","2026-09-04T12:22:30.012Z","False","3000","3001",,"0","0","0","1",,,,"83154",,"3001","94","1410","0"
"q1k-t1k-s1k-r03","server","latency-server","2026-09-04T12:22:30.012Z","2026-09-04T12:22:40.006Z","False","3000","3001",,"0","0","0","1",,,,"83197",,"3002","82","1238","0.029999999999999999"
"q1k-t1k-s1k-r03","server","latency-server","2026-09-04T12:22:40.006Z","2026-09-04T12:22:50.010Z","True","3000","3001",,"0","0","0","1",,,,"84112",,"2999","91","1253","0"
"q1k-t1k-s1k-r03","server","latency-server","2026-09-04T12:22:50.010Z","2026-09-04T12:23:00.007Z","True","3000","3001",,"0","0","0","1",,,,"84173",,"3001","87","1091","0.01"
"q1k-t1k-s1k-r03","server","latency-server","2026-09-04T12:23:00.007Z","2026-09-04T12:23:10.007Z","True","3000","3001",,"0","0","0","1",,,,"84146",,"3001","89","1017","0.02"
"q1k-t1k-s1k-r03","server","latency-server","2026-09-04T12:23:10.007Z","2026-09-04T12:23:20.007Z","True","3000","3001",,"0","0","0","1",,,,"84148",,"3001","88","1010","0.01"
"q1k-t1k-s1k-r03","server","latency-server","2026-09-04T12:23:20.007Z","2026-09-04T12:23:30.011Z","True","3000","3001",,"0","0","0","1",,,,"84112",,"2999","86","1018","0.02"
"q1k-t1k-s1k-r03","server","latency-server","2026-09-04T12:23:30.011Z","2026-09-04T12:23:40.015Z","True","3000","3001",,"0","0","0","1",,,,"84114",,"2999","111","1079","0.029999999999999999"
"q1k-t1k-s1k-r03","server","latency-server","2026-09-04T12:23:40.015Z","2026-09-04T12:23:50.015Z","True","3000","3001",,"0","0","0","1",,,,"84146",,"3001","99","1617","0"
"q1k-t1k-s1k-r03","server","latency-server","2026-09-04T12:23:50.015Z","2026-09-04T12:24:00.013Z","True","3000","3001",,"0","0","0","1",,,,"84165",,"3001","100","2143","0.02"
"q1k-t1k-s1k-r03","server","latency-server","2026-09-04T12:24:00.013Z","2026-09-04T12:24:10.005Z","True","3000","3001",,"0","0","0","1",,,,"84213",,"3003","99","1473","0.029999999999999999"
"q1k-t1k-s1k-r03","server","latency-server","2026-09-04T12:24:10.005Z","2026-09-04T12:24:20.011Z","True","3000","3001",,"0","0","0","1",,,,"84097",,"2999","102","970","0.02"
"q1k-t1k-s1k-r03","server","latency-server","2026-09-04T12:24:20.011Z","2026-09-04T12:24:30.000Z","True","3000","3001",,"0","0","0","1",,,,"84239",,"3004","101","1306","0.040000000000000001"
"q1k-t1k-s1k-r03","server","latency-server","2026-09-04T12:24:30.000Z","2026-09-04T12:24:40.008Z","True","3000","3001",,"0","0","0","1",,,,"84081",,"2998","116","1097","0.029999999999999999"
"q1k-t1k-s1k-r03","server","latency-server","2026-09-04T12:24:40.008Z","2026-09-04T12:24:50.007Z","True","3000","3001",,"0","0","0","1",,,,"84154",,"3001","107","1154","0.02"
"q1k-t1k-s1k-r03","server","latency-server","2026-09-04T12:24:50.007Z","2026-09-04T12:25:00.011Z","True","3000","3001",,"0","0","0","1",,,,"84114",,"2999","95","1167","0"
"q1k-t1k-s1k-r03","server","latency-server","2026-09-04T12:25:00.011Z","2026-09-04T12:25:10.016Z","True","3000","3001",,"0","0","0","1",,,,"84104",,"2999","85","938","0.01"
"q1k-t1k-s1k-r03","server","latency-server","2026-09-04T12:25:10.016Z","2026-09-04T12:25:20.015Z","True","3000","3001",,"0","0","0","1",,,,"84156",,"3001","87","1238","0.01"
"q1k-t1k-s1k-r03","server","latency-server","2026-09-04T12:25:20.015Z","2026-09-04T12:25:30.002Z","True","3000","3001",,"0","0","0","1",,,,"84255",,"3004","88","1444","0.01"
"q1k-t1k-s1k-r03","server","latency-server","2026-09-04T12:25:30.002Z","2026-09-04T12:25:40.009Z","True","3000","3001",,"0","0","0","1",,,,"84089",,"2998","93","1115","0.01"
"q1k-t1k-s1k-r03","server","latency-server","2026-09-04T12:25:40.009Z","2026-09-04T12:25:50.005Z","True","3000","3001",,"0","0","0","1",,,,"84180",,"3002","88","1325","0.02"
"q1k-t1k-s1k-r03","server","latency-server","2026-09-04T12:25:50.005Z","2026-09-04T12:26:00.002Z","True","3000","3001",,"0","0","0","1",,,,"84173",,"3001","95","1145","0.01"
"q1k-t1k-s1k-r03","server","latency-server","2026-09-04T12:26:00.002Z","2026-09-04T12:26:10.011Z","True","3000","3001",,"0","0","0","1",,,,"84070",,"2998","99","893","0.029999999999999999"
"q1k-t1k-s1k-r03","server","latency-server","2026-09-04T12:26:10.011Z","2026-09-04T12:26:20.012Z","True","3000","3001",,"0","0","0","1",,,,"84139",,"3000","84","1078","0.029999999999999999"
"q1k-t1k-s1k-r03","server","latency-server","2026-09-04T12:26:20.012Z","2026-09-04T12:26:30.007Z","True","3000","3001",,"0","0","0","1",,,,"84188",,"3002","88","1445","0.02"
"q1k-t1k-s1k-r03","server","latency-server","2026-09-04T12:26:30.007Z","2026-09-04T12:26:40.013Z","True","3000","3001",,"0","0","0","1",,,,"84097",,"2999","86","812","0.02"
"q1k-t1k-s1k-r03","server","latency-server","2026-09-04T12:26:40.013Z","2026-09-04T12:26:50.011Z","True","3000","3001",,"0","0","0","1",,,,"84163",,"3001","85","886","0.01"
"q1k-t1k-s1k-r03","server","latency-server","2026-09-04T12:26:50.011Z","2026-09-04T12:27:00.003Z","True","3000","3001",,"0","0","0","1",,,,"84215",,"3003","86","1040","0.040000000000000001"
"q1k-t1k-s1k-r03","server","latency-server","2026-09-04T12:27:00.003Z","2026-09-04T12:27:10.007Z","True","3000","3001",,"0","0","0","1",,,,"84112",,"2999","88","1059","0.01"
"q1k-t1k-s1k-r03","server","latency-server","2026-09-04T12:27:10.007Z","2026-09-04T12:27:20.013Z","True","3000","3001",,"0","0","0","1",,,,"84097",,"2999","95","1089","0.029999999999999999"
"q1k-t1k-s1k-r03","server","latency-server","2026-09-04T12:27:20.013Z","2026-09-04T12:27:30.002Z","True","3000","3001",,"0","0","0","1",,,,"84239",,"3004","95","1090","0.01"
"q1k-t1k-s1k-r03","server","latency-server","2026-09-04T12:27:30.002Z","2026-09-04T12:27:40.006Z","True","3000","3001",,"0","0","0","1",,,,"84114",,"2999","98","1074","0.040000000000000001"
"q1k-t1k-s1k-r03","server","latency-server","2026-09-04T12:27:40.006Z","2026-09-04T12:27:50.012Z","True","3000","3001",,"0","0","0","1",,,,"84095",,"2999","87","1376","0.02"
"q1k-t1k-s1k-r03","server","latency-server","2026-09-04T12:27:50.012Z","2026-09-04T12:28:00.002Z","True","3000","3001",,"0","0","0","1",,,,"84232",,"3004","87","1134","0.01"
"q1k-t1k-s1k-r03","server","latency-server","2026-09-04T12:28:00.002Z","2026-09-04T12:28:10.004Z","True","3000","3001",,"0","0","0","1",,,,"84129",,"3000","91","1171","0"
"q1k-t1k-s1k-r03","server","latency-server","2026-09-04T12:28:10.004Z","2026-09-04T12:28:20.013Z","True","3000","3001",,"0","0","0","1",,,,"84072",,"2998","95","1340","0.01"
"q1k-t1k-s1k-r03","server","latency-server","2026-09-04T12:28:20.013Z","2026-09-04T12:28:30.002Z","True","3000","3001",,"0","0","0","1",,,,"84238",,"3004","89","1231","0"
"q1k-t1k-s1k-r03","server","latency-server","2026-09-04T12:28:30.002Z","2026-09-04T12:28:40.012Z","True","3000","3001",,"0","0","0","1",,,,"84064",,"2998","98","865","0"
"q1k-t1k-s1k-r03","server","latency-server","2026-09-04T12:28:40.012Z","2026-09-04T12:28:50.002Z","True","3000","3001",,"0","0","0","1",,,,"84230",,"3004","91","903","0.02"
"q1k-t1k-s1k-r03","server","latency-server","2026-09-04T12:28:50.002Z","2026-09-04T12:29:00.015Z","True","3000","3001",,"0","0","0","1",,,,"84039",,"2997","90","1220","0.01"
"q1k-t1k-s1k-r03","server","latency-server","2026-09-04T12:29:00.015Z","2026-09-04T12:29:10.001Z","True","3000","3001",,"0","0","0","1",,,,"84264",,"3005","99","1026","0"
"q1k-t1k-s1k-r03","server","latency-server","2026-09-04T12:29:10.001Z","2026-09-04T12:29:20.016Z","True","3000","3001",,"0","0","0","1",,,,"84020",,"2996","84","1158","0.01"
"q1k-t1k-s1k-r03","server","latency-server","2026-09-04T12:29:20.016Z","2026-09-04T12:29:30.012Z","True","3000","3001",,"0","0","0","1",,,,"84177",,"3002","88","853","0.02"
"q1k-t1k-s1k-r03","server","latency-server","2026-09-04T12:29:30.012Z","2026-09-04T12:29:40.015Z","True","3000","3001",,"0","0","0","1",,,,"84120",,"3000","98","937","0.02"
"q1k-t1k-s1k-r03","server","latency-server","2026-09-04T12:29:40.015Z","2026-09-04T12:29:50.014Z","True","3000","3001",,"0","0","0","1",,,,"84152",,"3001","93","1358","0.029999999999999999"
"q1k-t1k-s1k-r03","server","latency-server","2026-09-04T12:29:50.014Z","2026-09-04T12:30:00.006Z","True","3000","3001",,"0","0","0","1",,,,"84212",,"3003","93","1312","0.01"
"q1k-t1k-s1k-r03","server","latency-server","2026-09-04T12:30:00.006Z","2026-09-04T12:30:10.013Z","True","3000","3001",,"0","0","0","1",,,,"84085",,"2998","105","1089","0.029999999999999999"
"q1k-t1k-s1k-r03","server","latency-server","2026-09-04T12:30:10.013Z","2026-09-04T12:30:20.002Z","True","3000","3001",,"0","0","0","1",,,,"84237",,"3004","92","1033","0.02"
"q1k-t1k-s1k-r03","server","latency-server","2026-09-04T12:30:20.002Z","2026-09-04T12:30:30.015Z","True","3000","3001",,"0","0","0","1",,,,"84034",,"2997","88","1006","0.01"
"q1k-t1k-s1k-r03","server","latency-server","2026-09-04T12:30:30.015Z","2026-09-04T12:30:40.005Z","True","3000","3001",,"0","0","0","1",,,,"84229",,"3004","93","1236","0.02"
"q1k-t1k-s1k-r03","server","latency-server","2026-09-04T12:30:40.005Z","2026-09-04T12:30:50.013Z","True","3000","3001",,"0","0","0","1",,,,"84076",,"2998","85","1083","0"
"q1k-t1k-s1k-r03","server","latency-server","2026-09-04T12:30:50.013Z","2026-09-04T12:31:00.012Z","True","3000","3001",,"0","0","0","1",,,,"84153",,"3001","86","828","0"
"q1k-t1k-s1k-r03","server","latency-server","2026-09-04T12:31:00.012Z","2026-09-04T12:31:10.016Z","True","3000","3001",,"0","0","0","1",,,,"84109",,"2999","87","1047","0.02"
"q1k-t1k-s1k-r03","server","latency-server","2026-09-04T12:31:10.016Z","2026-09-04T12:31:20.009Z","True","3000","3001",,"0","0","0","1",,,,"84203",,"3003","87","1063","0"
"q1k-t1k-s1k-r03","server","latency-server","2026-09-04T12:31:20.009Z","2026-09-04T12:31:30.001Z","True","3000","3001",,"0","0","0","1",,,,"84211",,"3003","73","1085","0.01"
"q1k-t1k-s1k-r03","server","latency-server","2026-09-04T12:31:30.001Z","2026-09-04T12:31:40.010Z","True","3000","3001",,"0","0","0","1",,,,"84072",,"2998","69","867","0.01"
"q1k-t1k-s1k-r03","server","latency-server","2026-09-04T12:31:40.010Z","2026-09-04T12:31:50.013Z","True","3000","3001",,"0","0","0","1",,,,"84121",,"3000","73","1443","0.01"
"q1k-t1k-s1k-r03","server","latency-server","2026-09-04T12:31:50.013Z","2026-09-04T12:32:00.006Z","True","3000","3001",,"0","0","0","1",,,,"84207",,"3003","72","1190","0.02"
"q1k-t1k-s1k-r03","server","latency-server","2026-09-04T12:32:00.006Z","2026-09-04T12:32:10.011Z","True","3000","3001",,"0","0","0","1",,,,"84104",,"2999","71","914","0.029999999999999999"
"q1k-t1k-s1k-r03","server","latency-server","2026-09-04T12:32:10.011Z","2026-09-04T12:32:20.011Z","True","3000","3001",,"0","0","0","1",,,,"84147",,"3001","81","837","0.02"
"q1k-t1k-s1k-r03","server","latency-server","2026-09-04T12:32:20.011Z","2026-09-04T12:32:30.007Z","True","3000","3001",,"0","0","0","1",,,,"84180",,"3002","111","984","0.040000000000000001"
"q50k-t50k-s50k-r01","client","latency-client","2026-09-04T10:58:30.013Z","2026-09-04T10:58:40.013Z","False","150000","150001",,"0","0","0","4239475",,"142762","26441","128668","14276",,,"23974","2.3900000000000001"
"q50k-t50k-s50k-r01","client","latency-client","2026-09-04T10:58:40.013Z","2026-09-04T10:58:50.015Z","False","150000","150001",,"0","0","0","4452866",,"149956","9756","1",,,,"9686","0.83999999999999997"
"q50k-t50k-s50k-r01","client","latency-client","2026-09-04T10:58:50.015Z","2026-09-04T10:59:00.001Z","False","150000","150001",,"0","0","0","4460453",,"150211","10617","1",,,,"10544","0.92000000000000004"
"q50k-t50k-s50k-r01","client","latency-client","2026-09-04T10:59:00.001Z","2026-09-04T10:59:10.013Z","False","150000","150001",,"0","0","0","4448859",,"149821","13052","1",,,,"12985","0.89000000000000001"
"q50k-t50k-s50k-r01","client","latency-client","2026-09-04T10:59:10.013Z","2026-09-04T10:59:20.007Z","False","150000","150001",,"0","0","0","4456909",,"150091","15759","1",,,,"15656","1.1799999999999999"
"q50k-t50k-s50k-r01","client","latency-client","2026-09-04T10:59:20.007Z","2026-09-04T10:59:30.009Z","False","150000","150001",,"0","0","0","4453343",,"149971","16672","1",,,,"16563","1.1399999999999999"
"q50k-t50k-s50k-r01","client","latency-client","2026-09-04T10:59:30.009Z","2026-09-04T10:59:40.007Z","True","150000","150001",,"0","0","0","4490309",,"150031","30218","1",,,,"30120","1.3100000000000001"
"q50k-t50k-s50k-r01","client","latency-client","2026-09-04T10:59:40.007Z","2026-09-04T10:59:50.001Z","True","150000","150001",,"0","0","0","4506910",,"150091","28955","1",,,,"28856","1.3799999999999999"
"q50k-t50k-s50k-r01","client","latency-client","2026-09-04T10:59:50.001Z","2026-09-04T11:00:00.015Z","True","150000","150001",,"0","0","0","4497990",,"149791","47877","1",,,,"47777","1.28"
"q50k-t50k-s50k-r01","client","latency-client","2026-09-04T11:00:00.015Z","2026-09-04T11:00:10.012Z","True","150000","150001",,"0","0","0","4505495",,"150046","31151","1",,,,"31046","1.3999999999999999"
"q50k-t50k-s50k-r01","client","latency-client","2026-09-04T11:00:10.012Z","2026-09-04T11:00:20.009Z","True","150000","150001",,"0","0","0","4505499",,"150046","29035","1",,,,"28931","1.4399999999999999"
"q50k-t50k-s50k-r01","client","latency-client","2026-09-04T11:00:20.009Z","2026-09-04T11:00:30.003Z","True","150000","150001",,"0","0","0","4506850",,"150091","29902","1",,,,"29800","1.3899999999999999"
"q50k-t50k-s50k-r01","client","latency-client","2026-09-04T11:00:30.003Z","2026-09-04T11:00:40.006Z","True","150000","150001",,"0","0","0","4502795",,"149956","29140","1",,,,"29040","1.46"
"q50k-t50k-s50k-r01","client","latency-client","2026-09-04T11:00:40.006Z","2026-09-04T11:00:50.015Z","True","150000","150001",,"0","0","0","4500095",,"149866","28514","1",,,,"28412","1.3400000000000001"
"q50k-t50k-s50k-r01","client","latency-client","2026-09-04T11:00:50.015Z","2026-09-04T11:01:00.014Z","True","150000","150001",,"0","0","0","4504599",,"150016","27620","0",,,,"27517","1.3700000000000001"
"q50k-t50k-s50k-r01","client","latency-client","2026-09-04T11:01:00.014Z","2026-09-04T11:01:10.003Z","True","150000","150001",,"0","0","0","4509104",,"150166","30323","1",,,,"30222","1.3899999999999999"
"q50k-t50k-s50k-r01","client","latency-client","2026-09-04T11:01:10.003Z","2026-09-04T11:01:20.016Z","True","150000","150001",,"0","0","0","4498300",,"149806","28664","1",,,,"28563","1.3"
"q50k-t50k-s50k-r01","client","latency-client","2026-09-04T11:01:20.016Z","2026-09-04T11:01:30.014Z","True","150000","150001",,"0","0","0","4505046",,"150031","28419","1",,,,"28318","1.3"
"q50k-t50k-s50k-r01","client","latency-client","2026-09-04T11:01:30.014Z","2026-09-04T11:01:40.005Z","True","150000","150001",,"0","0","0","4508201",,"150136","29524","1",,,,"29424","1.3799999999999999"
"q50k-t50k-s50k-r01","client","latency-client","2026-09-04T11:01:40.005Z","2026-09-04T11:01:50.008Z","True","150000","150001",,"0","0","0","4502793",,"149956","29826","1",,,,"29726","1.3700000000000001"
"q50k-t50k-s50k-r01","client","latency-client","2026-09-04T11:01:50.008Z","2026-09-04T11:02:00.009Z","True","150000","150001",,"0","0","0","4503693",,"149986","30030","1",,,,"29930","1.3899999999999999"
"q50k-t50k-s50k-r01","client","latency-client","2026-09-04T11:02:00.009Z","2026-09-04T11:02:10.002Z","True","150000","150001",,"0","0","0","4507439",,"150106","29030","1",,,,"28930","1.3700000000000001"
"q50k-t50k-s50k-r01","client","latency-client","2026-09-04T11:02:10.002Z","2026-09-04T11:02:20.001Z","True","150000","150001",,"0","0","0","4504736",,"150016","29700","1",,,,"29600","1.3799999999999999"
"q50k-t50k-s50k-r01","client","latency-client","2026-09-04T11:02:20.001Z","2026-09-04T11:02:30.013Z","True","150000","150001",,"0","0","0","4498884",,"149821","27223","1",,,,"27125","1.47"
"q50k-t50k-s50k-r01","client","latency-client","2026-09-04T11:02:30.013Z","2026-09-04T11:02:40.005Z","True","150000","150001",,"0","0","0","4508344",,"150136","26542","1",,,,"26440","1.3899999999999999"
"q50k-t50k-s50k-r01","client","latency-client","2026-09-04T11:02:40.005Z","2026-09-04T11:02:50.001Z","True","150000","150001",,"0","0","0","4505635",,"150046","27706","1",,,,"27608","1.3700000000000001"
"q50k-t50k-s50k-r01","client","latency-client","2026-09-04T11:02:50.001Z","2026-09-04T11:03:00.004Z","True","150000","150001",,"0","0","0","4502936",,"149956","28681","1",,,,"28581","1.3300000000000001"
"q50k-t50k-s50k-r01","client","latency-client","2026-09-04T11:03:00.004Z","2026-09-04T11:03:10.016Z","True","150000","150001",,"0","0","0","4498886",,"149821","27827","1",,,,"27726","1.3400000000000001"
"q50k-t50k-s50k-r01","client","latency-client","2026-09-04T11:03:10.016Z","2026-09-04T11:03:20.012Z","True","150000","150001",,"0","0","0","4506089",,"150061","28105","1",,,,"28006","1.3300000000000001"
"q50k-t50k-s50k-r01","client","latency-client","2026-09-04T11:03:20.012Z","2026-09-04T11:03:30.000Z","True","150000","150001",,"0","0","0","4509698",,"150181","28283","1",,,,"28182","1.27"
"q50k-t50k-s50k-r01","client","latency-client","2026-09-04T11:03:30.000Z","2026-09-04T11:03:40.015Z","True","150000","150001",,"0","0","0","4497539",,"149776","27520","1",,,,"27421","1.3100000000000001"
"q50k-t50k-s50k-r01","client","latency-client","2026-09-04T11:03:40.015Z","2026-09-04T11:03:50.001Z","True","150000","150001",,"0","0","0","4510600",,"150211","29209","1",,,,"29107","1.46"
"q50k-t50k-s50k-r01","client","latency-client","2026-09-04T11:03:50.001Z","2026-09-04T11:04:00.038Z","True","150000","150001",,"0","0","0","4487682",,"149448","27490","1",,,,"27389","1.3"
"q50k-t50k-s50k-r01","client","latency-client","2026-09-04T11:04:00.038Z","2026-09-04T11:04:10.003Z","True","150000","150001",,"0","0","0","4520104",,"150527","27978","1",,,,"27879","1.29"
"q50k-t50k-s50k-r01","client","latency-client","2026-09-04T11:04:10.003Z","2026-09-04T11:04:20.030Z","True","150000","150001",,"0","0","0","4492156",,"149597","30205","1",,,,"30105","1.3700000000000001"
"q50k-t50k-s50k-r01","client","latency-client","2026-09-04T11:04:20.030Z","2026-09-04T11:04:30.010Z","True","150000","150001",,"0","0","0","4513312",,"150301","27515","1",,,,"27416","1.3200000000000001"
"q50k-t50k-s50k-r01","client","latency-client","2026-09-04T11:04:30.010Z","2026-09-04T11:04:40.014Z","True","150000","150001",,"0","0","0","4502486",,"149941","27756","1",,,,"27655","1.3200000000000001"
"q50k-t50k-s50k-r01","client","latency-client","2026-09-04T11:04:40.014Z","2026-09-04T11:04:50.010Z","True","150000","150001",,"0","0","0","4506086",,"150061","29570","1",,,,"29471","1.55"
"q50k-t50k-s50k-r01","client","latency-client","2026-09-04T11:04:50.010Z","2026-09-04T11:05:00.004Z","True","150000","150001",,"0","0","0","4506992",,"150091","27817","1",,,,"27718","1.3200000000000001"
"q50k-t50k-s50k-r01","client","latency-client","2026-09-04T11:05:00.004Z","2026-09-04T11:05:10.012Z","True","150000","150001",,"0","0","0","4500685",,"149881","30184","1",,,,"30084","1.3700000000000001"
"q50k-t50k-s50k-r01","client","latency-client","2026-09-04T11:05:10.012Z","2026-09-04T11:05:20.012Z","True","150000","150001",,"0","0","0","4504286",,"150001","28910","1",,,,"28810","1.3200000000000001"
"q50k-t50k-s50k-r01","client","latency-client","2026-09-04T11:05:20.012Z","2026-09-04T11:05:30.015Z","True","150000","150001",,"0","0","0","4502933",,"149956","29912","1",,,,"29811","1.3899999999999999"
"q50k-t50k-s50k-r01","client","latency-client","2026-09-04T11:05:30.015Z","2026-09-04T11:05:40.007Z","True","150000","150001",,"0","0","0","4507893",,"150121","29111","1",,,,"29010","1.3300000000000001"
"q50k-t50k-s50k-r01","client","latency-client","2026-09-04T11:05:40.007Z","2026-09-04T11:05:50.015Z","True","150000","150001",,"0","0","0","4500685",,"149881","28514","1",,,,"28413","1.3400000000000001"
"q50k-t50k-s50k-r01","client","latency-client","2026-09-04T11:05:50.015Z","2026-09-04T11:06:00.003Z","True","150000","150001",,"0","0","0","4509699",,"150181","27593","1",,,,"27493","1.3100000000000001"
"q50k-t50k-s50k-r01","client","latency-client","2026-09-04T11:06:00.003Z","2026-09-04T11:06:10.006Z","True","150000","150001",,"0","0","0","4502932",,"149956","29706","1",,,,"29606","1.3400000000000001"
"q50k-t50k-s50k-r01","client","latency-client","2026-09-04T11:06:10.006Z","2026-09-04T11:06:20.007Z","True","150000","150001",,"0","0","0","4503836",,"149986","29632","1",,,,"29531","1.3700000000000001"
"q50k-t50k-s50k-r01","client","latency-client","2026-09-04T11:06:20.007Z","2026-09-04T11:06:30.004Z","True","150000","150001",,"0","0","0","4505637",,"150046","29993","1",,,,"29893","1.3799999999999999"
"q50k-t50k-s50k-r01","client","latency-client","2026-09-04T11:06:30.004Z","2026-09-04T11:06:40.003Z","True","150000","150001",,"0","0","0","4504735",,"150016","29294","1",,,,"29195","1.27"
"q50k-t50k-s50k-r01","client","latency-client","2026-09-04T11:06:40.003Z","2026-09-04T11:06:50.005Z","True","150000","150001",,"0","0","0","4503382",,"149971","28864","1",,,,"28764","1.3400000000000001"
"q50k-t50k-s50k-r01","client","latency-client","2026-09-04T11:06:50.005Z","2026-09-04T11:07:00.009Z","True","150000","150001",,"0","0","0","4502486",,"149941","28105","1",,,,"28005","1.3"
"q50k-t50k-s50k-r01","client","latency-client","2026-09-04T11:07:00.009Z","2026-09-04T11:07:10.002Z","True","150000","150001",,"0","0","0","4507437",,"150106","26875","1",,,,"26777","1.3400000000000001"
"q50k-t50k-s50k-r01","client","latency-client","2026-09-04T11:07:10.002Z","2026-09-04T11:07:20.010Z","True","150000","150001",,"0","0","0","4500687",,"149881","28359","1",,,,"28260","1.5"
"q50k-t50k-s50k-r01","client","latency-client","2026-09-04T11:07:20.010Z","2026-09-04T11:07:30.008Z","True","150000","150001",,"0","0","0","4505186",,"150031","26785","1",,,,"26685","1.3100000000000001"
"q50k-t50k-s50k-r01","client","latency-client","2026-09-04T11:07:30.008Z","2026-09-04T11:07:40.010Z","True","150000","150001",,"0","0","0","4503387",,"149971","28706","1",,,,"28605","1.3600000000000001"
"q50k-t50k-s50k-r01","client","latency-client","2026-09-04T11:07:40.010Z","2026-09-04T11:07:50.009Z","True","150000","150001",,"0","0","0","4504734",,"150016","30544","1",,,,"30446","1.3899999999999999"
"q50k-t50k-s50k-r01","client","latency-client","2026-09-04T11:07:50.009Z","2026-09-04T11:08:00.016Z","True","150000","150001",,"0","0","0","4501136",,"149896","27638","1",,,,"27537","1.3400000000000001"
"q50k-t50k-s50k-r01","client","latency-client","2026-09-04T11:08:00.016Z","2026-09-04T11:08:10.002Z","True","150000","150001",,"0","0","0","4510602",,"150211","29648","1",,,,"29547","1.3799999999999999"
"q50k-t50k-s50k-r01","client","latency-client","2026-09-04T11:08:10.002Z","2026-09-04T11:08:20.014Z","True","150000","150001",,"0","0","0","4498885",,"149821","29294","1",,,,"29196","1.3400000000000001"
"q50k-t50k-s50k-r01","client","latency-client","2026-09-04T11:08:20.014Z","2026-09-04T11:08:30.013Z","True","150000","150001",,"0","0","0","4504734",,"150016","29268","1",,,,"29170","1.3500000000000001"
"q50k-t50k-s50k-r01","client","latency-client","2026-09-04T11:08:30.013Z","2026-09-04T11:08:40.003Z","True","150000","150001",,"0","0","0","4509248",,"150166","29472","1",,,,"29370","1.3999999999999999"
"q50k-t50k-s50k-r01","client","latency-client","2026-09-04T11:08:40.003Z","2026-09-04T11:08:50.006Z","True","150000","150001",,"0","0","0","4502611",,"149941","62102","1",,,,"62002","1.3600000000000001"
"q50k-t50k-s50k-r01","client","latency-client","2026-09-04T11:08:50.006Z","2026-09-04T11:09:00.013Z","True","150000","150001",,"0","0","0","4501149",,"149896","35049","1",,,,"34948","1.4099999999999999"
"q50k-t50k-s50k-r01","client","latency-client","2026-09-04T11:09:00.013Z","2026-09-04T11:09:10.002Z","True","150000","150001",,"0","0","0","4509245",,"150166","30552","1",,,,"30450","1.4099999999999999"
"q50k-t50k-s50k-r01","client","latency-client","2026-09-04T11:09:10.002Z","2026-09-04T11:09:20.001Z","True","150000","150001",,"0","0","0","4504738",,"150016","29156","1",,,,"29058","1.3899999999999999"
"q50k-t50k-s50k-r01","client","latency-client","2026-09-04T11:09:20.001Z","2026-09-04T11:09:30.012Z","False","150000","150000",,"0","0","0","4499335",,"149836","28750","4",,,,"28652","1.3500000000000001"
"q50k-t50k-s50k-r01","server","latency-server","2026-09-04T10:58:20.013Z","2026-09-04T10:58:30.013Z","False","150000","150001",,"0","0","0","157125","17433",,,"42",,,,"20214","1.9099999999999999"
"q50k-t50k-s50k-r01","server","latency-server","2026-09-04T10:58:30.013Z","2026-09-04T10:58:40.012Z","False","150000","150001",,"0","0","0","1",,,,"4454825",,"150016","69","16703","0.90000000000000002"
"q50k-t50k-s50k-r01","server","latency-server","2026-09-04T10:58:40.012Z","2026-09-04T10:58:50.015Z","False","150000","150001",,"0","100000","0","1",,,,"4452866",,"149956","70","9988","0.82999999999999996"
"q50k-t50k-s50k-r01","server","latency-server","2026-09-04T10:58:50.015Z","2026-09-04T10:59:00.001Z","False","150000","150001",,"0","0","0","1",,,,"4460453",,"150211","73","11009","0.85999999999999999"
"q50k-t50k-s50k-r01","server","latency-server","2026-09-04T10:59:00.001Z","2026-09-04T10:59:10.013Z","False","150000","150001",,"0","0","0","1",,,,"4448859",,"149821","67","11182","0.87"
"q50k-t50k-s50k-r01","server","latency-server","2026-09-04T10:59:10.013Z","2026-09-04T10:59:20.025Z","False","150000","150001",,"0","0","0","1",,,,"4448896",,"149821","102","16680","1.24"
"q50k-t50k-s50k-r01","server","latency-server","2026-09-04T10:59:20.025Z","2026-09-04T10:59:30.009Z","False","150000","150001",,"0","0","0","1",,,,"4461372",,"150241","109","12374","1.1200000000000001"
"q50k-t50k-s50k-r01","server","latency-server","2026-09-04T10:59:30.009Z","2026-09-04T10:59:40.007Z","True","150000","150001",,"0","0","0","1",,,,"4490309",,"150031","98","27965","0.97999999999999998"
"q50k-t50k-s50k-r01","server","latency-server","2026-09-04T10:59:40.007Z","2026-09-04T10:59:50.001Z","True","150000","150001",,"0","0","0","1",,,,"4506910",,"150091","99","39353","1.0700000000000001"
"q50k-t50k-s50k-r01","server","latency-server","2026-09-04T10:59:50.001Z","2026-09-04T11:00:00.015Z","True","150000","150001",,"0","0","0","1",,,,"4497990",,"149791","100","48644","1.0700000000000001"
"q50k-t50k-s50k-r01","server","latency-server","2026-09-04T11:00:00.015Z","2026-09-04T11:00:10.023Z","True","150000","150001",,"0","0","0","1",,,,"4500993",,"149896","104","30753","1.1000000000000001"
"q50k-t50k-s50k-r01","server","latency-server","2026-09-04T11:00:10.023Z","2026-09-04T11:00:20.082Z","True","150000","150001",,"0","0","0","1",,,,"4477283",,"149106","105","39243","1.1399999999999999"
"q50k-t50k-s50k-r01","server","latency-server","2026-09-04T11:00:20.082Z","2026-09-04T11:00:30.003Z","True","150000","150001",,"0","0","0","0",,,,"4540012",,"151195","101","38529","1.0600000000000001"
"q50k-t50k-s50k-r01","server","latency-server","2026-09-04T11:00:30.003Z","2026-09-04T11:00:40.006Z","True","150000","150001",,"0","0","0","1",,,,"4502795",,"149956","100","33263","1.0600000000000001"
"q50k-t50k-s50k-r01","server","latency-server","2026-09-04T11:00:40.006Z","2026-09-04T11:00:50.015Z","True","150000","150001",,"0","0","0","1",,,,"4500095",,"149866","101","26201","0.98999999999999999"
"q50k-t50k-s50k-r01","server","latency-server","2026-09-04T11:00:50.015Z","2026-09-04T11:01:00.014Z","True","150000","150001",,"0","0","0","1",,,,"4504599",,"150016","102","39685","0.96999999999999997"
"q50k-t50k-s50k-r01","server","latency-server","2026-09-04T11:01:00.014Z","2026-09-04T11:01:10.003Z","True","150000","150001",,"0","0","0","1",,,,"4509104",,"150166","101","38832","1.0800000000000001"
"q50k-t50k-s50k-r01","server","latency-server","2026-09-04T11:01:10.003Z","2026-09-04T11:01:20.000Z","True","150000","150001",,"0","0","0","1",,,,"4505499",,"150046","101","26415","1.0700000000000001"
"q50k-t50k-s50k-r01","server","latency-server","2026-09-04T11:01:20.000Z","2026-09-04T11:01:30.014Z","True","150000","150001",,"0","0","0","1",,,,"4497848",,"149791","101","27208","1.01"
"q50k-t50k-s50k-r01","server","latency-server","2026-09-04T11:01:30.014Z","2026-09-04T11:01:40.005Z","True","150000","150001",,"0","0","0","1",,,,"4508201",,"150136","100","626","1.0600000000000001"
"q50k-t50k-s50k-r01","server","latency-server","2026-09-04T11:01:40.005Z","2026-09-04T11:01:50.008Z","True","150000","150001",,"0","0","0","1",,,,"4502793",,"149956","100","34657","1.1399999999999999"
"q50k-t50k-s50k-r01","server","latency-server","2026-09-04T11:01:50.008Z","2026-09-04T11:02:00.009Z","True","150000","150001",,"0","0","0","1",,,,"4503693",,"149986","100","1968","1.04"
"q50k-t50k-s50k-r01","server","latency-server","2026-09-04T11:02:00.009Z","2026-09-04T11:02:10.003Z","True","150000","150001",,"0","0","0","1",,,,"4506987",,"150091","100","6727","1.01"
"q50k-t50k-s50k-r01","server","latency-server","2026-09-04T11:02:10.003Z","2026-09-04T11:02:20.001Z","True","150000","150001",,"0","0","0","1",,,,"4505187",,"150031","99","8125","0.97999999999999998"
"q50k-t50k-s50k-r01","server","latency-server","2026-09-04T11:02:20.001Z","2026-09-04T11:02:30.013Z","True","150000","150001",,"0","0","0","1",,,,"4498884",,"149821","98","45791","1.01"
"q50k-t50k-s50k-r01","server","latency-server","2026-09-04T11:02:30.013Z","2026-09-04T11:02:40.004Z","True","150000","150001",,"0","0","0","1",,,,"4508344",,"150136","101","13776","0.95999999999999996"
"q50k-t50k-s50k-r01","server","latency-server","2026-09-04T11:02:40.004Z","2026-09-04T11:02:50.000Z","True","150000","150001",,"0","0","0","1",,,,"4506086",,"150061","98","27249","1.02"
"q50k-t50k-s50k-r01","server","latency-server","2026-09-04T11:02:50.000Z","2026-09-04T11:03:00.004Z","True","150000","150001",,"0","0","0","1",,,,"4502486",,"149941","99","25522","1.02"
"q50k-t50k-s50k-r01","server","latency-server","2026-09-04T11:03:00.004Z","2026-09-04T11:03:10.015Z","True","150000","150001",,"0","0","0","1",,,,"4499335",,"149836","101","29026","1"
"q50k-t50k-s50k-r01","server","latency-server","2026-09-04T11:03:10.015Z","2026-09-04T11:03:20.033Z","True","150000","150001",,"0","0","0","1",,,,"4496194",,"149731","99","33925","1.05"
"q50k-t50k-s50k-r01","server","latency-server","2026-09-04T11:03:20.033Z","2026-09-04T11:03:30.000Z","True","150000","150001",,"0","0","0","1",,,,"4519199",,"150497","101","31487","0.95999999999999996"
"q50k-t50k-s50k-r01","server","latency-server","2026-09-04T11:03:30.000Z","2026-09-04T11:03:40.015Z","True","150000","150001",,"0","0","0","1",,,,"4497539",,"149776","99","26811","1.03"
"q50k-t50k-s50k-r01","server","latency-server","2026-09-04T11:03:40.015Z","2026-09-04T11:03:50.001Z","True","150000","150001",,"0","0","0","1",,,,"4510600",,"150211","102","40971","1.01"
"q50k-t50k-s50k-r01","server","latency-server","2026-09-04T11:03:50.001Z","2026-09-04T11:04:00.004Z","True","150000","150001",,"0","0","0","1",,,,"4502936",,"149956","101","23907","1.01"
"q50k-t50k-s50k-r01","server","latency-server","2026-09-04T11:04:00.004Z","2026-09-04T11:04:10.033Z","True","150000","150001",,"0","0","0","1",,,,"4491259",,"149567","100","29948","1.0800000000000001"
"q50k-t50k-s50k-r01","server","latency-server","2026-09-04T11:04:10.033Z","2026-09-04T11:04:20.001Z","True","150000","150001",,"0","0","0","1",,,,"4518745",,"150482","100","27448","1.03"
"q50k-t50k-s50k-r01","server","latency-server","2026-09-04T11:04:20.001Z","2026-09-04T11:04:30.009Z","True","150000","150001",,"0","0","0","1",,,,"4500685",,"149881","99","28006","0.98999999999999999"
"q50k-t50k-s50k-r01","server","latency-server","2026-09-04T11:04:30.009Z","2026-09-04T11:04:40.014Z","True","150000","150001",,"0","0","0","1",,,,"4502036",,"149926","101","26091","1.0600000000000001"
"q50k-t50k-s50k-r01","server","latency-server","2026-09-04T11:04:40.014Z","2026-09-04T11:04:50.010Z","True","150000","150001",,"0","0","0","1",,,,"4506086",,"150061","99","28030","1.0900000000000001"
"q50k-t50k-s50k-r01","server","latency-server","2026-09-04T11:04:50.010Z","2026-09-04T11:05:00.004Z","True","150000","150001",,"0","0","0","1",,,,"4506992",,"150091","99","29221","1.05"
"q50k-t50k-s50k-r01","server","latency-server","2026-09-04T11:05:00.004Z","2026-09-04T11:05:10.012Z","True","150000","150001",,"0","0","0","1",,,,"4500685",,"149881","100","27073","1"
"q50k-t50k-s50k-r01","server","latency-server","2026-09-04T11:05:10.012Z","2026-09-04T11:05:20.012Z","True","150000","150001",,"0","0","0","1",,,,"4504286",,"150001","100","27650","1.0600000000000001"
"q50k-t50k-s50k-r01","server","latency-server","2026-09-04T11:05:20.012Z","2026-09-04T11:05:30.015Z","True","150000","150001",,"0","0","0","1",,,,"4502933",,"149956","101","28242","1.04"
"q50k-t50k-s50k-r01","server","latency-server","2026-09-04T11:05:30.015Z","2026-09-04T11:05:40.007Z","True","150000","150001",,"0","0","0","1",,,,"4507893",,"150121","102","36144","1.05"
"q50k-t50k-s50k-r01","server","latency-server","2026-09-04T11:05:40.007Z","2026-09-04T11:05:50.014Z","True","150000","150001",,"0","0","0","1",,,,"4501135",,"149896","101","28742","1.04"
"q50k-t50k-s50k-r01","server","latency-server","2026-09-04T11:05:50.014Z","2026-09-04T11:06:00.003Z","True","150000","150001",,"0","0","0","1",,,,"4509247",,"150166","100","34657","1.05"
"q50k-t50k-s50k-r01","server","latency-server","2026-09-04T11:06:00.003Z","2026-09-04T11:06:10.006Z","True","150000","150001",,"0","0","0","1",,,,"4502932",,"149956","100","30052","1.04"
"q50k-t50k-s50k-r01","server","latency-server","2026-09-04T11:06:10.006Z","2026-09-04T11:06:20.006Z","True","150000","150001",,"0","0","0","1",,,,"4504286",,"150001","101","34967","1.01"
"q50k-t50k-s50k-r01","server","latency-server","2026-09-04T11:06:20.006Z","2026-09-04T11:06:30.003Z","True","150000","150001",,"0","0","0","1",,,,"4505637",,"150046","100","30272","1.01"
"q50k-t50k-s50k-r01","server","latency-server","2026-09-04T11:06:30.003Z","2026-09-04T11:06:40.003Z","True","150000","150001",,"0","0","0","1",,,,"4504284",,"150001","99","35424","0.97999999999999998"
"q50k-t50k-s50k-r01","server","latency-server","2026-09-04T11:06:40.003Z","2026-09-04T11:06:50.005Z","True","150000","150001",,"0","0","0","1",,,,"4503382",,"149971","99","43569","1.1200000000000001"
"q50k-t50k-s50k-r01","server","latency-server","2026-09-04T11:06:50.005Z","2026-09-04T11:07:00.009Z","True","150000","150001",,"0","0","0","1",,,,"4502486",,"149941","100","35867","0.96999999999999997"
"q50k-t50k-s50k-r01","server","latency-server","2026-09-04T11:07:00.009Z","2026-09-04T11:07:10.002Z","True","150000","150001",,"0","0","0","1",,,,"4507437",,"150106","98","37087","1.04"
"q50k-t50k-s50k-r01","server","latency-server","2026-09-04T11:07:10.002Z","2026-09-04T11:07:20.010Z","True","150000","150001",,"0","0","0","1",,,,"4500687",,"149881","99","36405","1.02"
"q50k-t50k-s50k-r01","server","latency-server","2026-09-04T11:07:20.010Z","2026-09-04T11:07:30.008Z","True","150000","150001",,"0","0","0","1",,,,"4505186",,"150031","100","41463","1.1000000000000001"
"q50k-t50k-s50k-r01","server","latency-server","2026-09-04T11:07:30.008Z","2026-09-04T11:07:40.010Z","True","150000","150001",,"0","0","0","1",,,,"4503387",,"149971","101","39010","1.0700000000000001"
"q50k-t50k-s50k-r01","server","latency-server","2026-09-04T11:07:40.010Z","2026-09-04T11:07:50.009Z","True","150000","150001",,"0","0","0","1",,,,"4504734",,"150016","98","32311","1.03"
"q50k-t50k-s50k-r01","server","latency-server","2026-09-04T11:07:50.009Z","2026-09-04T11:08:00.016Z","True","150000","150001",,"0","0","0","1",,,,"4501136",,"149896","101","33213","1.0600000000000001"
"q50k-t50k-s50k-r01","server","latency-server","2026-09-04T11:08:00.016Z","2026-09-04T11:08:10.052Z","True","150000","150001",,"0","0","0","1",,,,"4488129",,"149462","101","40707","1.03"
"q50k-t50k-s50k-r01","server","latency-server","2026-09-04T11:08:10.052Z","2026-09-04T11:08:20.014Z","True","150000","150001",,"0","0","0","1",,,,"4521466",,"150573","98","36338","1"
"q50k-t50k-s50k-r01","server","latency-server","2026-09-04T11:08:20.014Z","2026-09-04T11:08:30.013Z","True","150000","150001",,"0","0","0","1",,,,"4504734",,"150016","98","38147","1.01"
"q50k-t50k-s50k-r01","server","latency-server","2026-09-04T11:08:30.013Z","2026-09-04T11:08:40.002Z","True","150000","150001",,"0","0","0","1",,,,"4509248",,"150166","102","46175","1.0700000000000001"
"q50k-t50k-s50k-r01","server","latency-server","2026-09-04T11:08:40.002Z","2026-09-04T11:08:50.006Z","True","150000","150001",,"0","0","0","1",,,,"4502611",,"149941","100","75514","1.1299999999999999"
"q50k-t50k-s50k-r01","server","latency-server","2026-09-04T11:08:50.006Z","2026-09-04T11:09:00.013Z","True","150000","150001",,"0","0","0","1",,,,"4501149",,"149896","100","49163","1.0900000000000001"
"q50k-t50k-s50k-r01","server","latency-server","2026-09-04T11:09:00.013Z","2026-09-04T11:09:10.002Z","True","150000","150001",,"0","0","0","1",,,,"4509245",,"150166","102","34544","1.03"
"q50k-t50k-s50k-r01","server","latency-server","2026-09-04T11:09:10.002Z","2026-09-04T11:09:20.046Z","True","150000","150001",,"0","0","0","1",,,,"4484555",,"149343","99","45847","1.0700000000000001"
"q50k-t50k-s50k-r01","server","latency-server","2026-09-04T11:09:20.046Z","2026-09-04T11:09:30.012Z","False","150000","150000",,"0","0","0","4",,,,"4519651",,"150512","98","45577","1.1100000000000001"
"q50k-t50k-s50k-r02","client","latency-client","2026-09-04T11:34:20.001Z","2026-09-04T11:34:30.001Z","False","150000","150001",,"0","0","0","3970168",,"133690","27478","240981","26738",,,"22815","3.9700000000000002"
"q50k-t50k-s50k-r02","client","latency-client","2026-09-04T11:34:30.001Z","2026-09-04T11:34:40.002Z","False","150000","150001",,"0","0","0","4453407",,"149971","19892","1",,,,"19794","1.22"
"q50k-t50k-s50k-r02","client","latency-client","2026-09-04T11:34:40.002Z","2026-09-04T11:34:50.014Z","False","150000","150001",,"0","0","0","4448896",,"149821","20555","1",,,,"20451","1.1200000000000001"
"q50k-t50k-s50k-r02","client","latency-client","2026-09-04T11:34:50.014Z","2026-09-04T11:35:00.005Z","False","150000","150001",,"0","0","0","4458242",,"150136","26843","1",,,,"26740","1.1499999999999999"
"q50k-t50k-s50k-r02","client","latency-client","2026-09-04T11:35:00.005Z","2026-09-04T11:35:10.010Z","False","150000","150001",,"0","0","0","4452003",,"149926","29832","1",,,,"29729","1.1799999999999999"
"q50k-t50k-s50k-r02","client","latency-client","2026-09-04T11:35:10.010Z","2026-09-04T11:35:20.009Z","False","150000","150001",,"0","0","0","4454678",,"150016","26870","1",,,,"26768","1.0900000000000001"
"q50k-t50k-s50k-r02","client","latency-client","2026-09-04T11:35:20.009Z","2026-09-04T11:35:30.013Z","False","150000","150001",,"0","0","0","4462461",,"149941","27814","1",,,,"27711","1.24"
"q50k-t50k-s50k-r02","client","latency-client","2026-09-04T11:35:30.013Z","2026-09-04T11:35:40.002Z","True","150000","150001",,"0","0","0","4509132",,"150166","32221","1",,,,"32122","1.3300000000000001"
"q50k-t50k-s50k-r02","client","latency-client","2026-09-04T11:35:40.002Z","2026-09-04T11:35:50.015Z","True","150000","150001",,"0","0","0","4498299",,"149806","30229","1",,,,"30128","1.49"
"q50k-t50k-s50k-r02","client","latency-client","2026-09-04T11:35:50.015Z","2026-09-04T11:36:00.006Z","True","150000","150001",,"0","0","0","4508202",,"150136","29178","1",,,,"29078","1.3700000000000001"
"q50k-t50k-s50k-r02","client","latency-client","2026-09-04T11:36:00.006Z","2026-09-04T11:36:10.005Z","True","150000","150001",,"0","0","0","4504597",,"150016","29616","1",,,,"29514","1.3600000000000001"
"q50k-t50k-s50k-r02","client","latency-client","2026-09-04T11:36:10.005Z","2026-09-04T11:36:20.007Z","True","150000","150001",,"0","0","0","4503243",,"149971","31121","1",,,,"31019","1.4199999999999999"
"q50k-t50k-s50k-r02","client","latency-client","2026-09-04T11:36:20.007Z","2026-09-04T11:36:30.014Z","True","150000","150001",,"0","0","0","4500993",,"149896","29400","1",,,,"29300","1.3899999999999999"
"q50k-t50k-s50k-r02","client","latency-client","2026-09-04T11:36:30.014Z","2026-09-04T11:36:40.005Z","True","150000","150001",,"0","0","0","4508273",,"150136","37987","1",,,,"37885","1.3700000000000001"
"q50k-t50k-s50k-r02","client","latency-client","2026-09-04T11:36:40.005Z","2026-09-04T11:36:50.001Z","True","150000","150001",,"0","0","0","4506020",,"150061","36175","1",,,,"36074","1.3300000000000001"
"q50k-t50k-s50k-r02","client","latency-client","2026-09-04T11:36:50.001Z","2026-09-04T11:37:00.010Z","True","150000","150001",,"0","0","0","4500092",,"149866","29988","1",,,,"29885","1.3600000000000001"
"q50k-t50k-s50k-r02","client","latency-client","2026-09-04T11:37:00.010Z","2026-09-04T11:37:10.004Z","True","150000","150001",,"0","0","0","4506849",,"150091","30046","1",,,,"29946","1.3899999999999999"
"q50k-t50k-s50k-r02","client","latency-client","2026-09-04T11:37:10.004Z","2026-09-04T11:37:20.010Z","True","150000","150001",,"0","0","0","4501444",,"149911","29328","1",,,,"29228","1.3799999999999999"
"q50k-t50k-s50k-r02","client","latency-client","2026-09-04T11:37:20.010Z","2026-09-04T11:37:30.007Z","True","150000","150001",,"0","0","0","4505497",,"150046","30490","1",,,,"30389","1.3600000000000001"
"q50k-t50k-s50k-r02","client","latency-client","2026-09-04T11:37:30.007Z","2026-09-04T11:37:40.008Z","True","150000","150001",,"0","0","0","4503692",,"149986","33150","1",,,,"33050","1.4099999999999999"
"q50k-t50k-s50k-r02","client","latency-client","2026-09-04T11:37:40.008Z","2026-09-04T11:37:50.007Z","True","150000","150001",,"0","0","0","4504637",,"150016","31091","1",,,,"30992","1.3899999999999999"
"q50k-t50k-s50k-r02","client","latency-client","2026-09-04T11:37:50.007Z","2026-09-04T11:38:00.006Z","True","150000","150001",,"0","0","0","4504737",,"150016","30009","1",,,,"29909","1.3700000000000001"
"q50k-t50k-s50k-r02","client","latency-client","2026-09-04T11:38:00.006Z","2026-09-04T11:38:10.011Z","True","150000","150001",,"0","0","0","4502036",,"149926","29976","1",,,,"29875","1.3400000000000001"
"q50k-t50k-s50k-r02","client","latency-client","2026-09-04T11:38:10.011Z","2026-09-04T11:38:20.016Z","True","150000","150001",,"0","0","0","4502033",,"149926","28199","1",,,,"28099","1.3400000000000001"
"q50k-t50k-s50k-r02","client","latency-client","2026-09-04T11:38:20.016Z","2026-09-04T11:38:30.014Z","True","150000","150001",,"0","0","0","4505187",,"150031","31803","1",,,,"31703","1.3600000000000001"
"q50k-t50k-s50k-r02","client","latency-client","2026-09-04T11:38:30.014Z","2026-09-04T11:38:40.006Z","True","150000","150001",,"0","0","0","4507891",,"150121","34642","1",,,,"34543","1.3700000000000001"
"q50k-t50k-s50k-r02","client","latency-client","2026-09-04T11:38:40.006Z","2026-09-04T11:38:50.007Z","True","150000","150001",,"0","0","0","4503836",,"149986","35336","1",,,,"35235","1.4099999999999999"
"q50k-t50k-s50k-r02","client","latency-client","2026-09-04T11:38:50.007Z","2026-09-04T11:39:00.008Z","True","150000","150001",,"0","0","0","4503834",,"149986","29023","1",,,,"28923","1.4099999999999999"
"q50k-t50k-s50k-r02","client","latency-client","2026-09-04T11:39:00.008Z","2026-09-04T11:39:10.005Z","True","150000","150001",,"0","0","0","4505701",,"150046","41062","1",,,,"40969","1.3500000000000001"
"q50k-t50k-s50k-r02","client","latency-client","2026-09-04T11:39:10.005Z","2026-09-04T11:39:20.013Z","True","150000","150001",,"0","0","0","4500710",,"149881","36846","1",,,,"36781","1.0800000000000001"
"q50k-t50k-s50k-r02","client","latency-client","2026-09-04T11:39:20.013Z","2026-09-04T11:39:30.008Z","True","150000","150001",,"0","0","0","4506488",,"150076","24479","1",,,,"24416","1.1299999999999999"
"q50k-t50k-s50k-r02","client","latency-client","2026-09-04T11:39:30.008Z","2026-09-04T11:39:40.004Z","True","150000","150001",,"0","0","0","4506065",,"150061","29126","1",,,,"29040","1.28"
"q50k-t50k-s50k-r02","client","latency-client","2026-09-04T11:39:40.004Z","2026-09-04T11:39:50.001Z","True","150000","150001",,"0","0","0","4505587",,"150046","25897","1",,,,"25834","1.1699999999999999"
"q50k-t50k-s50k-r02","client","latency-client","2026-09-04T11:39:50.001Z","2026-09-04T11:40:00.003Z","True","150000","150001",,"0","0","0","4503331",,"149971","21837","1",,,,"21774","1.0600000000000001"
"q50k-t50k-s50k-r02","client","latency-client","2026-09-04T11:40:00.003Z","2026-09-04T11:40:10.004Z","True","150000","150001",,"0","0","0","4503808",,"149986","25216","1",,,,"25136","1.23"
"q50k-t50k-s50k-r02","client","latency-client","2026-09-04T11:40:10.004Z","2026-09-04T11:40:20.003Z","True","150000","150001",,"0","0","0","4504700",,"150016","26153","1",,,,"26075","1.22"
"q50k-t50k-s50k-r02","client","latency-client","2026-09-04T11:40:20.003Z","2026-09-04T11:40:30.016Z","True","150000","150001",,"0","0","0","4498393",,"149806","23945","1",,,,"23880","1.27"
"q50k-t50k-s50k-r02","client","latency-client","2026-09-04T11:40:30.016Z","2026-09-04T11:40:40.010Z","True","150000","150001",,"0","0","0","4506937",,"150091","20243","1",,,,"20180","0.98999999999999999"
"q50k-t50k-s50k-r02","client","latency-client","2026-09-04T11:40:40.010Z","2026-09-04T11:40:50.009Z","True","150000","150001",,"0","0","0","4504733",,"150016","31556","1",,,,"31458","1.5600000000000001"
"q50k-t50k-s50k-r02","client","latency-client","2026-09-04T11:40:50.009Z","2026-09-04T11:41:00.014Z","True","150000","150001",,"0","0","0","4502034",,"149926","29481","1",,,,"29381","1.3700000000000001"
"q50k-t50k-s50k-r02","client","latency-client","2026-09-04T11:41:00.014Z","2026-09-04T11:41:10.004Z","True","150000","150001",,"0","0","0","4508795",,"150151","27747","1",,,,"27644","1.26"
"q50k-t50k-s50k-r02","client","latency-client","2026-09-04T11:41:10.004Z","2026-09-04T11:41:20.001Z","True","150000","150001",,"0","0","0","4505636",,"150046","29428","1",,,,"29326","1.3600000000000001"
"q50k-t50k-s50k-r02","client","latency-client","2026-09-04T11:41:20.001Z","2026-09-04T11:41:30.005Z","True","150000","150001",,"0","0","0","4502487",,"149941","29560","1",,,,"29458","1.3600000000000001"
"q50k-t50k-s50k-r02","client","latency-client","2026-09-04T11:41:30.005Z","2026-09-04T11:41:40.009Z","True","150000","150001",,"0","0","0","4502484",,"149941","27168","1",,,,"27067","1.3300000000000001"
"q50k-t50k-s50k-r02","client","latency-client","2026-09-04T11:41:40.009Z","2026-09-04T11:41:50.007Z","True","150000","150001",,"0","0","0","4505189",,"150031","27800","1",,,,"27701","1.3100000000000001"
"q50k-t50k-s50k-r02","client","latency-client","2026-09-04T11:41:50.007Z","2026-09-04T11:42:00.015Z","True","150000","150001",,"0","0","0","4500685",,"149881","29261","1",,,,"29161","1.3799999999999999"
"q50k-t50k-s50k-r02","client","latency-client","2026-09-04T11:42:00.015Z","2026-09-04T11:42:10.014Z","True","150000","150001",,"0","0","0","4504738",,"150016","29351","1",,,,"29248","1.3799999999999999"
"q50k-t50k-s50k-r02","client","latency-client","2026-09-04T11:42:10.014Z","2026-09-04T11:42:20.008Z","True","150000","150001",,"0","0","0","4506990",,"150091","28415","1",,,,"28312","1.26"
"q50k-t50k-s50k-r02","client","latency-client","2026-09-04T11:42:20.008Z","2026-09-04T11:42:30.001Z","True","150000","150001",,"0","0","0","4507440",,"150106","27425","1",,,,"27325","1.3200000000000001"
"q50k-t50k-s50k-r02","client","latency-client","2026-09-04T11:42:30.001Z","2026-09-04T11:42:40.013Z","True","150000","150001",,"0","0","0","4498885",,"149821","27090","1",,,,"26989","1.28"
"q50k-t50k-s50k-r02","client","latency-client","2026-09-04T11:42:40.013Z","2026-09-04T11:42:50.012Z","True","150000","150001",,"0","0","0","4504739",,"150016","27643","1",,,,"27542","1.27"
"q50k-t50k-s50k-r02","client","latency-client","2026-09-04T11:42:50.012Z","2026-09-04T11:43:00.001Z","True","150000","150001",,"0","0","0","4509247",,"150166","29205","1",,,,"29104","1.3500000000000001"
"q50k-t50k-s50k-r02","client","latency-client","2026-09-04T11:43:00.001Z","2026-09-04T11:43:10.015Z","True","150000","150001",,"0","0","0","4497989",,"149791","30365","1",,,,"30264","1.48"
"q50k-t50k-s50k-r02","client","latency-client","2026-09-04T11:43:10.015Z","2026-09-04T11:43:20.004Z","True","150000","150001",,"0","0","0","4509246",,"150166","27992","1",,,,"27892","1.28"
"q50k-t50k-s50k-r02","client","latency-client","2026-09-04T11:43:20.004Z","2026-09-04T11:43:30.005Z","True","150000","150001",,"0","0","0","4503834",,"149986","29922","1",,,,"29822","1.3300000000000001"
"q50k-t50k-s50k-r02","client","latency-client","2026-09-04T11:43:30.005Z","2026-09-04T11:43:40.040Z","True","150000","150001",,"0","0","0","4488576",,"149477","27724","1",,,,"27622","1.45"
"q50k-t50k-s50k-r02","client","latency-client","2026-09-04T11:43:40.040Z","2026-09-04T11:43:50.004Z","True","150000","150001",,"0","0","0","4520559",,"150542","29355","1",,,,"29256","1.46"
"q50k-t50k-s50k-r02","client","latency-client","2026-09-04T11:43:50.004Z","2026-09-04T11:44:00.014Z","True","150000","150001",,"0","0","0","4499784",,"149851","30908","1",,,,"30804","1.5800000000000001"
"q50k-t50k-s50k-r02","client","latency-client","2026-09-04T11:44:00.014Z","2026-09-04T11:44:10.008Z","True","150000","150001",,"0","0","0","4506993",,"150091","27346","1",,,,"27246","1.29"
"q50k-t50k-s50k-r02","client","latency-client","2026-09-04T11:44:10.008Z","2026-09-04T11:44:20.006Z","True","150000","150001",,"0","0","0","4505187",,"150031","28613","1",,,,"28513","1.3200000000000001"
"q50k-t50k-s50k-r02","client","latency-client","2026-09-04T11:44:20.006Z","2026-09-04T11:44:30.007Z","True","150000","150001",,"0","0","0","4503836",,"149986","32813","1",,,,"32714","1.45"
"q50k-t50k-s50k-r02","client","latency-client","2026-09-04T11:44:30.007Z","2026-09-04T11:44:40.005Z","True","150000","150001",,"0","0","0","4505142",,"150031","24464","1",,,,"24395","1.1699999999999999"
"q50k-t50k-s50k-r02","client","latency-client","2026-09-04T11:44:40.005Z","2026-09-04T11:44:50.015Z","True","150000","150001",,"0","0","0","4499756",,"149851","25665","1",,,,"25583","1.1799999999999999"
"q50k-t50k-s50k-r02","client","latency-client","2026-09-04T11:44:50.015Z","2026-09-04T11:45:00.015Z","True","150000","150001",,"0","0","0","4504284",,"150001","29783","1",,,,"29684","1.6200000000000001"
"q50k-t50k-s50k-r02","client","latency-client","2026-09-04T11:45:00.015Z","2026-09-04T11:45:10.008Z","True","150000","150001",,"0","0","0","4507442",,"150106","31790","1",,,,"31690","1.47"
"q50k-t50k-s50k-r02","client","latency-client","2026-09-04T11:45:10.008Z","2026-09-04T11:45:20.013Z","True","150000","150001",,"0","0","0","4502034",,"149926","29371","1",,,,"29269","1.3100000000000001"
"q50k-t50k-s50k-r02","server","latency-server","2026-09-04T11:34:20.001Z","2026-09-04T11:34:30.001Z","False","150000","150001",,"0","0","0","98801","10962",,,"1627760",,"54812","100","16633","1.6499999999999999"
"q50k-t50k-s50k-r02","server","latency-server","2026-09-04T11:34:30.001Z","2026-09-04T11:34:40.002Z","False","150000","150001",,"0","0","0","1",,,,"4453407",,"149971","98","14263","1.02"
"q50k-t50k-s50k-r02","server","latency-server","2026-09-04T11:34:40.002Z","2026-09-04T11:34:50.014Z","False","150000","150001",,"0","0","0","1",,,,"4448896",,"149821","104","16748","1.0700000000000001"
"q50k-t50k-s50k-r02","server","latency-server","2026-09-04T11:34:50.014Z","2026-09-04T11:35:00.005Z","False","150000","150001",,"0","0","0","1",,,,"4458242",,"150136","103","18773","1.0900000000000001"
"q50k-t50k-s50k-r02","server","latency-server","2026-09-04T11:35:00.005Z","2026-09-04T11:35:10.010Z","False","150000","150001",,"0","0","0","1",,,,"4452003",,"149926","103","20851","1.1000000000000001"
"q50k-t50k-s50k-r02","server","latency-server","2026-09-04T11:35:10.010Z","2026-09-04T11:35:20.009Z","False","150000","150001",,"0","0","0","1",,,,"4454678",,"150016","102","22367","1.1000000000000001"
"q50k-t50k-s50k-r02","server","latency-server","2026-09-04T11:35:20.009Z","2026-09-04T11:35:30.013Z","False","150000","150001",,"0","0","0","1",,,,"4462461",,"149941","102","19565","1.0700000000000001"
"q50k-t50k-s50k-r02","server","latency-server","2026-09-04T11:35:30.013Z","2026-09-04T11:35:40.002Z","True","150000","150001",,"0","0","0","1",,,,"4509132",,"150166","99","28393","1.04"
"q50k-t50k-s50k-r02","server","latency-server","2026-09-04T11:35:40.002Z","2026-09-04T11:35:50.015Z","True","150000","150001",,"0","0","0","1",,,,"4498299",,"149806","101","38091","1.0700000000000001"
"q50k-t50k-s50k-r02","server","latency-server","2026-09-04T11:35:50.015Z","2026-09-04T11:36:00.006Z","True","150000","150001",,"0","0","0","1",,,,"4508202",,"150136","99","37947","1.02"
"q50k-t50k-s50k-r02","server","latency-server","2026-09-04T11:36:00.006Z","2026-09-04T11:36:10.027Z","True","150000","150001",,"0","0","0","1",,,,"4495157",,"149701","101","35840","1.1100000000000001"
"q50k-t50k-s50k-r02","server","latency-server","2026-09-04T11:36:10.027Z","2026-09-04T11:36:20.007Z","True","150000","150001",,"0","0","0","1",,,,"4512718",,"150286","101","36123","1.1100000000000001"
"q50k-t50k-s50k-r02","server","latency-server","2026-09-04T11:36:20.007Z","2026-09-04T11:36:30.014Z","True","150000","150001",,"0","0","0","1",,,,"4500993",,"149896","101","38337","1.0900000000000001"
"q50k-t50k-s50k-r02","server","latency-server","2026-09-04T11:36:30.014Z","2026-09-04T11:36:40.005Z","True","150000","150001",,"0","0","0","1",,,,"4508273",,"150136","102","41517","1.0600000000000001"
"q50k-t50k-s50k-r02","server","latency-server","2026-09-04T11:36:40.005Z","2026-09-04T11:36:50.001Z","True","150000","150001",,"0","0","0","1",,,,"4506020",,"150061","101","40211","1.03"
"q50k-t50k-s50k-r02","server","latency-server","2026-09-04T11:36:50.001Z","2026-09-04T11:37:00.010Z","True","150000","150001",,"0","0","0","1",,,,"4500092",,"149866","102","31844","1.03"
"q50k-t50k-s50k-r02","server","latency-server","2026-09-04T11:37:00.010Z","2026-09-04T11:37:10.004Z","True","150000","150001",,"0","0","0","1",,,,"4506849",,"150091","101","26371","1.1399999999999999"
"q50k-t50k-s50k-r02","server","latency-server","2026-09-04T11:37:10.004Z","2026-09-04T11:37:20.010Z","True","150000","150001",,"0","0","0","1",,,,"4501444",,"149911","100","27801","1.03"
"q50k-t50k-s50k-r02","server","latency-server","2026-09-04T11:37:20.010Z","2026-09-04T11:37:30.007Z","True","150000","150001",,"0","0","0","1",,,,"4505497",,"150046","100","32489","1.1899999999999999"
"q50k-t50k-s50k-r02","server","latency-server","2026-09-04T11:37:30.007Z","2026-09-04T11:37:40.008Z","True","150000","150001",,"0","0","0","1",,,,"4503692",,"149986","99","36783","1.1799999999999999"
"q50k-t50k-s50k-r02","server","latency-server","2026-09-04T11:37:40.008Z","2026-09-04T11:37:50.007Z","True","150000","150001",,"0","0","0","1",,,,"4504637",,"150016","99","36341","1.0700000000000001"
"q50k-t50k-s50k-r02","server","latency-server","2026-09-04T11:37:50.007Z","2026-09-04T11:38:00.052Z","True","150000","150001",,"0","0","0","1",,,,"4484108",,"149329","100","32618","1.0900000000000001"
"q50k-t50k-s50k-r02","server","latency-server","2026-09-04T11:38:00.052Z","2026-09-04T11:38:10.010Z","True","150000","150001",,"0","0","0","1",,,,"4523285",,"150633","101","27975","1.0600000000000001"
"q50k-t50k-s50k-r02","server","latency-server","2026-09-04T11:38:10.010Z","2026-09-04T11:38:20.000Z","True","150000","150001",,"0","0","0","1",,,,"4508793",,"150151","100","28618","1.0600000000000001"
"q50k-t50k-s50k-r02","server","latency-server","2026-09-04T11:38:20.000Z","2026-09-04T11:38:30.014Z","True","150000","150001",,"0","0","0","1",,,,"4497989",,"149791","100","31419","1.01"
"q50k-t50k-s50k-r02","server","latency-server","2026-09-04T11:38:30.014Z","2026-09-04T11:38:40.006Z","True","150000","150001",,"0","0","0","1",,,,"4507891",,"150121","99","34740","1.02"
"q50k-t50k-s50k-r02","server","latency-server","2026-09-04T11:38:40.006Z","2026-09-04T11:38:50.007Z","True","150000","150001",,"0","0","0","1",,,,"4503836",,"149986","101","37613","1.0600000000000001"
"q50k-t50k-s50k-r02","server","latency-server","2026-09-04T11:38:50.007Z","2026-09-04T11:39:00.008Z","True","150000","150001",,"0","0","0","1",,,,"4503834",,"149986","100","27978","1.05"
"q50k-t50k-s50k-r02","server","latency-server","2026-09-04T11:39:00.008Z","2026-09-04T11:39:10.040Z","True","150000","150001",,"0","0","0","1",,,,"4489981",,"149522","93","31750","1.0900000000000001"
"q50k-t50k-s50k-r02","server","latency-server","2026-09-04T11:39:10.040Z","2026-09-04T11:39:20.012Z","True","150000","150001",,"0","0","0","1",,,,"4516958",,"150422","65","37252","0.93000000000000005"
"q50k-t50k-s50k-r02","server","latency-server","2026-09-04T11:39:20.012Z","2026-09-04T11:39:30.043Z","True","150000","150001",,"0","0","0","1",,,,"4490314",,"149537","63","30184","0.92000000000000004"
"q50k-t50k-s50k-r02","server","latency-server","2026-09-04T11:39:30.043Z","2026-09-04T11:39:40.041Z","True","150000","150001",,"0","0","0","1",,,,"4505164",,"150031","85","34094","1.04"
"q50k-t50k-s50k-r02","server","latency-server","2026-09-04T11:39:40.041Z","2026-09-04T11:39:50.021Z","True","150000","150001",,"0","0","0","1",,,,"4513262",,"150301","63","34821","0.75"
"q50k-t50k-s50k-r02","server","latency-server","2026-09-04T11:39:50.021Z","2026-09-04T11:40:00.003Z","True","150000","150001",,"0","0","0","1",,,,"4512354",,"150271","63","17943","0.91000000000000003"
"q50k-t50k-s50k-r02","server","latency-server","2026-09-04T11:40:00.003Z","2026-09-04T11:40:10.004Z","True","150000","150001",,"0","0","0","1",,,,"4503808",,"149986","80","2458","0.93999999999999995"
"q50k-t50k-s50k-r02","server","latency-server","2026-09-04T11:40:10.004Z","2026-09-04T11:40:20.003Z","True","150000","150001",,"0","0","0","1",,,,"4504700",,"150016","77","17310","0.95999999999999996"
"q50k-t50k-s50k-r02","server","latency-server","2026-09-04T11:40:20.003Z","2026-09-04T11:40:30.004Z","True","150000","150001",,"0","0","0","1",,,,"4503791",,"149986","65","31369","0.96999999999999997"
"q50k-t50k-s50k-r02","server","latency-server","2026-09-04T11:40:30.004Z","2026-09-04T11:40:40.041Z","True","150000","150001",,"0","0","0","1",,,,"4487628",,"149448","63","21347","0.85999999999999999"
"q50k-t50k-s50k-r02","server","latency-server","2026-09-04T11:40:40.041Z","2026-09-04T11:40:50.009Z","True","150000","150001",,"0","0","0","1",,,,"4518743",,"150482","98","20222","1.02"
"q50k-t50k-s50k-r02","server","latency-server","2026-09-04T11:40:50.009Z","2026-09-04T11:41:00.046Z","True","150000","150001",,"0","0","0","1",,,,"4488128",,"149462","100","28745","0.93000000000000005"
"q50k-t50k-s50k-r02","server","latency-server","2026-09-04T11:41:00.046Z","2026-09-04T11:41:10.003Z","True","150000","150001",,"0","0","0","1",,,,"4523284",,"150633","102","29450","0.96999999999999997"
"q50k-t50k-s50k-r02","server","latency-server","2026-09-04T11:41:10.003Z","2026-09-04T11:41:20.022Z","True","150000","150001",,"0","0","0","1",,,,"4495743",,"149716","102","27504","0.94999999999999996"
"q50k-t50k-s50k-r02","server","latency-server","2026-09-04T11:41:20.022Z","2026-09-04T11:41:30.005Z","True","150000","150001",,"0","0","0","1",,,,"4511959",,"150256","102","27624","0.93999999999999995"
"q50k-t50k-s50k-r02","server","latency-server","2026-09-04T11:41:30.005Z","2026-09-04T11:41:40.038Z","True","150000","150001",,"0","0","0","1",,,,"4489469",,"149507","102","27074","0.92000000000000004"
"q50k-t50k-s50k-r02","server","latency-server","2026-09-04T11:41:40.038Z","2026-09-04T11:41:50.007Z","True","150000","150001",,"0","0","0","1",,,,"4518294",,"150467","99","25266","0.98999999999999999"
"q50k-t50k-s50k-r02","server","latency-server","2026-09-04T11:41:50.007Z","2026-09-04T11:42:00.008Z","True","150000","150001",,"0","0","0","1",,,,"4503835",,"149986","100","28646","0.94999999999999996"
"q50k-t50k-s50k-r02","server","latency-server","2026-09-04T11:42:00.008Z","2026-09-04T11:42:10.053Z","True","150000","150001",,"0","0","0","1",,,,"4484109",,"149329","103","30084","0.98999999999999999"
"q50k-t50k-s50k-r02","server","latency-server","2026-09-04T11:42:10.053Z","2026-09-04T11:42:20.008Z","True","150000","150001",,"0","0","0","1",,,,"4524647",,"150679","103","27389","0.91000000000000003"
"q50k-t50k-s50k-r02","server","latency-server","2026-09-04T11:42:20.008Z","2026-09-04T11:42:30.056Z","True","150000","150001",,"0","0","0","1",,,,"4482768",,"149284","99","24485","0.95999999999999996"
"q50k-t50k-s50k-r02","server","latency-server","2026-09-04T11:42:30.056Z","2026-09-04T11:42:40.013Z","True","150000","150001",,"0","0","0","1",,,,"4523736",,"150648","101","29542","0.90000000000000002"
"q50k-t50k-s50k-r02","server","latency-server","2026-09-04T11:42:40.013Z","2026-09-04T11:42:50.046Z","True","150000","150001",,"0","0","0","1",,,,"4489473",,"149507","101","32399","0.90000000000000002"
"q50k-t50k-s50k-r02","server","latency-server","2026-09-04T11:42:50.046Z","2026-09-04T11:43:00.008Z","True","150000","150001",,"0","0","0","1",,,,"4521469",,"150573","101","34166","0.88"
"q50k-t50k-s50k-r02","server","latency-server","2026-09-04T11:43:00.008Z","2026-09-04T11:43:10.046Z","True","150000","150001",,"0","0","0","1",,,,"4487234",,"149433","101","37524","0.97999999999999998"
"q50k-t50k-s50k-r02","server","latency-server","2026-09-04T11:43:10.046Z","2026-09-04T11:43:20.004Z","True","150000","150001",,"0","0","0","1",,,,"4523283",,"150633","101","35211","0.98999999999999999"
"q50k-t50k-s50k-r02","server","latency-server","2026-09-04T11:43:20.004Z","2026-09-04T11:43:30.005Z","True","150000","150001",,"0","0","0","1",,,,"4503834",,"149986","100","34945","0.89000000000000001"
"q50k-t50k-s50k-r02","server","latency-server","2026-09-04T11:43:30.005Z","2026-09-04T11:43:40.007Z","True","150000","150001",,"0","0","0","1",,,,"4503386",,"149971","102","33103","0.93000000000000005"
"q50k-t50k-s50k-r02","server","latency-server","2026-09-04T11:43:40.007Z","2026-09-04T11:43:50.005Z","True","150000","150001",,"0","0","0","1",,,,"4505186",,"150031","99","34318","0.97999999999999998"
"q50k-t50k-s50k-r02","server","latency-server","2026-09-04T11:43:50.005Z","2026-09-04T11:44:00.014Z","True","150000","150001",,"0","0","0","1",,,,"4500234",,"149866","104","32935","1"
"q50k-t50k-s50k-r02","server","latency-server","2026-09-04T11:44:00.014Z","2026-09-04T11:44:10.012Z","True","150000","150001",,"0","0","0","1",,,,"4505189",,"150031","100","34730","0.91000000000000003"
"q50k-t50k-s50k-r02","server","latency-server","2026-09-04T11:44:10.012Z","2026-09-04T11:44:20.032Z","True","150000","150001",,"0","0","0","1",,,,"4495295",,"149701","101","32533","0.84999999999999998"
"q50k-t50k-s50k-r02","server","latency-server","2026-09-04T11:44:20.032Z","2026-09-04T11:44:30.018Z","True","150000","150001",,"0","0","0","1",,,,"4510601",,"150211","100","36023","0.93999999999999995"
"q50k-t50k-s50k-r02","server","latency-server","2026-09-04T11:44:30.018Z","2026-09-04T11:44:40.005Z","True","150000","150001",,"0","0","0","1",,,,"4510104",,"150196","69","33707","0.85999999999999999"
"q50k-t50k-s50k-r02","server","latency-server","2026-09-04T11:44:40.005Z","2026-09-04T11:44:50.014Z","True","150000","150001",,"0","0","0","1",,,,"4500206",,"149866","82","25855","0.81000000000000005"
"q50k-t50k-s50k-r02","server","latency-server","2026-09-04T11:44:50.014Z","2026-09-04T11:45:00.049Z","True","150000","150001",,"0","0","0","1",,,,"4488574",,"149477","100","31208","0.90000000000000002"
"q50k-t50k-s50k-r02","server","latency-server","2026-09-04T11:45:00.049Z","2026-09-04T11:45:10.036Z","True","150000","150001",,"0","0","0","1",,,,"4510150",,"150196","100","32745","0.96999999999999997"
"q50k-t50k-s50k-r02","server","latency-server","2026-09-04T11:45:10.036Z","2026-09-04T11:45:20.013Z","True","150000","150001",,"0","0","0","1",,,,"4514669",,"150346","101","38064","0.84999999999999998"
"q50k-t50k-s50k-r03","client","latency-client","2026-09-04T12:09:50.010Z","2026-09-04T12:10:00.010Z","False","150000","150001",,"0","0","0","4316292",,"145349","29214","109166","12112",,,"26871","2.3100000000000001"
"q50k-t50k-s50k-r03","client","latency-client","2026-09-04T12:10:00.010Z","2026-09-04T12:10:10.004Z","False","150000","150001",,"0","0","0","4456460",,"150076","12990","1",,,,"12885","1.1499999999999999"
"q50k-t50k-s50k-r03","client","latency-client","2026-09-04T12:10:10.004Z","2026-09-04T12:10:20.003Z","False","150000","150001",,"0","0","0","4454680",,"150016","13838","1",,,,"13730","1.01"
"q50k-t50k-s50k-r03","client","latency-client","2026-09-04T12:10:20.003Z","2026-09-04T12:10:30.005Z","False","150000","150001",,"0","0","0","4453343",,"149971","14386","1",,,,"14279","1.0800000000000001"
"q50k-t50k-s50k-r03","client","latency-client","2026-09-04T12:10:30.005Z","2026-09-04T12:10:40.005Z","False","150000","150001",,"0","0","0","4454230",,"150001","13357","1",,,,"13252","1.0700000000000001"
"q50k-t50k-s50k-r03","client","latency-client","2026-09-04T12:10:40.005Z","2026-09-04T12:10:50.015Z","False","150000","150001",,"0","0","0","4449783",,"149851","13839","1",,,,"13734","1.1599999999999999"
"q50k-t50k-s50k-r03","client","latency-client","2026-09-04T12:10:50.015Z","2026-09-04T12:11:00.007Z","True","150000","150001",,"0","0","0","4502883",,"150121","14831","1",,,,"14731","1.27"
"q50k-t50k-s50k-r03","client","latency-client","2026-09-04T12:11:00.007Z","2026-09-04T12:11:10.005Z","True","150000","150001",,"0","0","0","4505187",,"150031","13610","1",,,,"13509","1.3300000000000001"
"q50k-t50k-s50k-r03","client","latency-client","2026-09-04T12:11:10.005Z","2026-09-04T12:11:20.007Z","True","150000","150001",,"0","0","0","4503385",,"149971","15237","1",,,,"15135","1.28"
"q50k-t50k-s50k-r03","client","latency-client","2026-09-04T12:11:20.007Z","2026-09-04T12:11:30.013Z","True","150000","150001",,"0","0","0","4501459",,"149911","18511","1",,,,"18409","1.3300000000000001"
"q50k-t50k-s50k-r03","client","latency-client","2026-09-04T12:11:30.013Z","2026-09-04T12:11:40.009Z","True","150000","150001",,"0","0","0","4506058",,"150061","25169","1",,,,"25066","1.3799999999999999"
"q50k-t50k-s50k-r03","client","latency-client","2026-09-04T12:11:40.009Z","2026-09-04T12:11:50.013Z","True","150000","150001",,"0","0","0","4502344",,"149941","17041","1",,,,"16941","1.45"
"q50k-t50k-s50k-r03","client","latency-client","2026-09-04T12:11:50.013Z","2026-09-04T12:12:00.003Z","True","150000","150001",,"0","0","0","4508653",,"150151","19548","1",,,,"19447","1.5"
"q50k-t50k-s50k-r03","client","latency-client","2026-09-04T12:12:00.003Z","2026-09-04T12:12:10.007Z","True","150000","150001",,"0","0","0","4502345",,"149941","15586","1",,,,"15486","1.3799999999999999"
"q50k-t50k-s50k-r03","client","latency-client","2026-09-04T12:12:10.007Z","2026-09-04T12:12:20.005Z","True","150000","150001",,"0","0","0","4505047",,"150031","14985","1",,,,"14884","1.46"
"q50k-t50k-s50k-r03","client","latency-client","2026-09-04T12:12:20.005Z","2026-09-04T12:12:30.012Z","True","150000","150001",,"0","0","0","4501022",,"149896","22253","1",,,,"22153","1.3200000000000001"
"q50k-t50k-s50k-r03","client","latency-client","2026-09-04T12:12:30.012Z","2026-09-04T12:12:40.005Z","True","150000","150001",,"0","0","0","4507412",,"150106","40201","1",,,,"40100","1.3400000000000001"
"q50k-t50k-s50k-r03","client","latency-client","2026-09-04T12:12:40.005Z","2026-09-04T12:12:50.002Z","True","150000","150001",,"0","0","0","4505496",,"150046","16679","1",,,,"16577","1.3200000000000001"
"q50k-t50k-s50k-r03","client","latency-client","2026-09-04T12:12:50.002Z","2026-09-04T12:13:00.005Z","True","150000","150001",,"0","0","0","4502792",,"149956","14818","1",,,,"14718","1.25"
"q50k-t50k-s50k-r03","client","latency-client","2026-09-04T12:13:00.005Z","2026-09-04T12:13:10.006Z","True","150000","150001",,"0","0","0","4503695",,"149986","17283","1",,,,"17181","1.3100000000000001"
"q50k-t50k-s50k-r03","client","latency-client","2026-09-04T12:13:10.006Z","2026-09-04T12:13:20.011Z","True","150000","150001",,"0","0","0","4501892",,"149926","22537","1",,,,"22437","1.27"
"q50k-t50k-s50k-r03","client","latency-client","2026-09-04T12:13:20.011Z","2026-09-04T12:13:30.014Z","True","150000","150001",,"0","0","0","4502794",,"149956","14957","1",,,,"14857","1.3200000000000001"
"q50k-t50k-s50k-r03","client","latency-client","2026-09-04T12:13:30.014Z","2026-09-04T12:13:40.009Z","True","150000","150001",,"0","0","0","4506470",,"150076","15873","1",,,,"15770","1.29"
"q50k-t50k-s50k-r03","client","latency-client","2026-09-04T12:13:40.009Z","2026-09-04T12:13:50.012Z","True","150000","150001",,"0","0","0","4502934",,"149956","15910","1",,,,"15810","1.24"
"q50k-t50k-s50k-r03","client","latency-client","2026-09-04T12:13:50.012Z","2026-09-04T12:14:00.012Z","True","150000","150001",,"0","0","0","4504283",,"150001","15874","1",,,,"15772","1.3400000000000001"
"q50k-t50k-s50k-r03","client","latency-client","2026-09-04T12:14:00.012Z","2026-09-04T12:14:10.011Z","True","150000","150001",,"0","0","0","4504707",,"150016","15403","1",,,,"15326","1.22"
"q50k-t50k-s50k-r03","client","latency-client","2026-09-04T12:14:10.011Z","2026-09-04T12:14:20.003Z","True","150000","150001",,"0","0","0","4507839",,"150121","13787","1",,,,"13722","1.01"
"q50k-t50k-s50k-r03","client","latency-client","2026-09-04T12:14:20.003Z","2026-09-04T12:14:30.009Z","True","150000","150001",,"0","0","0","4501528",,"149911","16068","1",,,,"16003","1.04"
"q50k-t50k-s50k-r03","client","latency-client","2026-09-04T12:14:30.009Z","2026-09-04T12:14:40.006Z","True","150000","150001",,"0","0","0","4505597",,"150046","23416","1",,,,"23345","1.1399999999999999"
"q50k-t50k-s50k-r03","client","latency-client","2026-09-04T12:14:40.006Z","2026-09-04T12:14:50.003Z","True","150000","150001",,"0","0","0","4505587",,"150046","21119","1",,,,"21055","0.97999999999999998"
"q50k-t50k-s50k-r03","client","latency-client","2026-09-04T12:14:50.003Z","2026-09-04T12:15:00.013Z","True","150000","150001",,"0","0","0","4499735",,"149851","20699","1",,,,"20635","0.96999999999999997"
"q50k-t50k-s50k-r03","client","latency-client","2026-09-04T12:15:00.013Z","2026-09-04T12:15:10.009Z","True","150000","150001",,"0","0","0","4506045",,"150061","20368","1",,,,"20304","0.96999999999999997"
"q50k-t50k-s50k-r03","client","latency-client","2026-09-04T12:15:10.009Z","2026-09-04T12:15:20.012Z","True","150000","150001",,"0","0","0","4502891",,"149956","20817","1",,,,"20752","0.96999999999999997"
"q50k-t50k-s50k-r03","client","latency-client","2026-09-04T12:15:20.012Z","2026-09-04T12:15:30.015Z","True","150000","150001",,"0","0","0","4502891",,"149956","20377","1",,,,"20311","0.93000000000000005"
"q50k-t50k-s50k-r03","client","latency-client","2026-09-04T12:15:30.015Z","2026-09-04T12:15:40.005Z","True","150000","150001",,"0","0","0","4508748",,"150151","21491","1",,,,"21426","1.0600000000000001"
"q50k-t50k-s50k-r03","client","latency-client","2026-09-04T12:15:40.005Z","2026-09-04T12:15:50.012Z","True","150000","150001",,"0","0","0","4501089",,"149896","20481","1",,,,"20416","0.97999999999999998"
"q50k-t50k-s50k-r03","client","latency-client","2026-09-04T12:15:50.012Z","2026-09-04T12:16:00.007Z","True","150000","150001",,"0","0","0","4506492",,"150076","21659","1",,,,"21594","1.02"
"q50k-t50k-s50k-r03","client","latency-client","2026-09-04T12:16:00.007Z","2026-09-04T12:16:10.007Z","True","150000","150001",,"0","0","0","4504239",,"150001","22171","1",,,,"22107","1.02"
"q50k-t50k-s50k-r03","client","latency-client","2026-09-04T12:16:10.007Z","2026-09-04T12:16:20.002Z","True","150000","150001",,"0","0","0","4506490",,"150076","22112","1",,,,"22047","1"
"q50k-t50k-s50k-r03","client","latency-client","2026-09-04T12:16:20.002Z","2026-09-04T12:16:30.001Z","True","150000","150001",,"0","0","0","4504687",,"150016","22233","1",,,,"22169","1.02"
"q50k-t50k-s50k-r03","client","latency-client","2026-09-04T12:16:30.001Z","2026-09-04T12:16:40.013Z","True","150000","150001",,"0","0","0","4498838",,"149821","22075","1",,,,"22010","0.96999999999999997"
"q50k-t50k-s50k-r03","client","latency-client","2026-09-04T12:16:40.013Z","2026-09-04T12:16:50.005Z","True","150000","150001",,"0","0","0","4507843",,"150121","21923","1",,,,"21858","0.94999999999999996"
"q50k-t50k-s50k-r03","client","latency-client","2026-09-04T12:16:50.005Z","2026-09-04T12:17:00.010Z","True","150000","150001",,"0","0","0","4501983",,"149926","19360","1",,,,"19296","0.94999999999999996"
"q50k-t50k-s50k-r03","client","latency-client","2026-09-04T12:17:00.010Z","2026-09-04T12:17:10.015Z","True","150000","150001",,"0","0","0","4501993",,"149926","20131","1",,,,"20066","0.93000000000000005"
"q50k-t50k-s50k-r03","client","latency-client","2026-09-04T12:17:10.015Z","2026-09-04T12:17:20.001Z","True","150000","150001",,"0","0","0","4510551",,"150211","20442","1",,,,"20377","1.03"
"q50k-t50k-s50k-r03","client","latency-client","2026-09-04T12:17:20.001Z","2026-09-04T12:17:30.014Z","True","150000","150001",,"0","0","0","4498390",,"149806","20215","1",,,,"20150","0.96999999999999997"
"q50k-t50k-s50k-r03","client","latency-client","2026-09-04T12:17:30.014Z","2026-09-04T12:17:40.013Z","True","150000","150001",,"0","0","0","4504689",,"150016","19464","1",,,,"19399","0.98999999999999999"
"q50k-t50k-s50k-r03","client","latency-client","2026-09-04T12:17:40.013Z","2026-09-04T12:17:50.015Z","True","150000","150001",,"0","0","0","4503337",,"149971","20745","1",,,,"20680","0.97999999999999998"
"q50k-t50k-s50k-r03","client","latency-client","2026-09-04T12:17:50.015Z","2026-09-04T12:18:00.004Z","True","150000","150001",,"0","0","0","4509198",,"150166","21959","1",,,,"21895","1.02"
"q50k-t50k-s50k-r03","client","latency-client","2026-09-04T12:18:00.004Z","2026-09-04T12:18:10.006Z","True","150000","150001",,"0","0","0","4503334",,"149971","21410","1",,,,"21346","0.97999999999999998"
"q50k-t50k-s50k-r03","client","latency-client","2026-09-04T12:18:10.006Z","2026-09-04T12:18:20.015Z","True","150000","150001",,"0","0","0","4500189",,"149866","21637","1",,,,"21573","1.01"
"q50k-t50k-s50k-r03","client","latency-client","2026-09-04T12:18:20.015Z","2026-09-04T12:18:30.009Z","True","150000","150001",,"0","0","0","4506944",,"150091","21499","1",,,,"21435","1.02"
"q50k-t50k-s50k-r03","client","latency-client","2026-09-04T12:18:30.009Z","2026-09-04T12:18:40.003Z","True","150000","150001",,"0","0","0","4506941",,"150091","20960","1",,,,"20896","1.02"
"q50k-t50k-s50k-r03","client","latency-client","2026-09-04T12:18:40.003Z","2026-09-04T12:18:50.011Z","True","150000","150001",,"0","0","0","4500640",,"149881","19307","1",,,,"19242","0.97999999999999998"
"q50k-t50k-s50k-r03","client","latency-client","2026-09-04T12:18:50.011Z","2026-09-04T12:19:00.002Z","True","150000","150001",,"0","0","0","4508294",,"150136","21620","1",,,,"21555","1.01"
"q50k-t50k-s50k-r03","client","latency-client","2026-09-04T12:19:00.002Z","2026-09-04T12:19:10.007Z","True","150000","150001",,"0","0","0","4501990",,"149926","20915","1",,,,"20851","0.97999999999999998"
"q50k-t50k-s50k-r03","client","latency-client","2026-09-04T12:19:10.007Z","2026-09-04T12:19:20.008Z","True","150000","150001",,"0","0","0","4503787",,"149986","23127","1",,,,"23063","0.95999999999999996"
"q50k-t50k-s50k-r03","client","latency-client","2026-09-04T12:19:20.008Z","2026-09-04T12:19:30.011Z","True","150000","150001",,"0","0","0","4502887",,"149956","19772","1",,,,"19708","0.97999999999999998"
"q50k-t50k-s50k-r03","client","latency-client","2026-09-04T12:19:30.011Z","2026-09-04T12:19:40.010Z","True","150000","150001",,"0","0","0","4504687",,"150016","19690","1",,,,"19625","0.98999999999999999"
"q50k-t50k-s50k-r03","client","latency-client","2026-09-04T12:19:40.010Z","2026-09-04T12:19:50.003Z","True","150000","150001",,"0","0","0","4507388",,"150106","21251","1",,,,"21188","0.94999999999999996"
"q50k-t50k-s50k-r03","client","latency-client","2026-09-04T12:19:50.003Z","2026-09-04T12:20:00.011Z","True","150000","150001",,"0","0","0","4500631",,"149881","20703","1",,,,"20639","0.94999999999999996"
"q50k-t50k-s50k-r03","client","latency-client","2026-09-04T12:20:00.011Z","2026-09-04T12:20:10.004Z","True","150000","150001",,"0","0","0","4507398",,"150106","20987","1",,,,"20921","0.93000000000000005"
"q50k-t50k-s50k-r03","client","latency-client","2026-09-04T12:20:10.004Z","2026-09-04T12:20:20.003Z","True","150000","150001",,"0","0","0","4504696",,"150016","19481","1",,,,"19414","0.97999999999999998"
"q50k-t50k-s50k-r03","client","latency-client","2026-09-04T12:20:20.003Z","2026-09-04T12:20:30.001Z","True","150000","150001",,"0","0","0","4505140",,"150031","20675","1",,,,"20611","1"
"q50k-t50k-s50k-r03","client","latency-client","2026-09-04T12:20:30.001Z","2026-09-04T12:20:40.013Z","True","150000","150001",,"0","0","0","4498835",,"149821","20340","1",,,,"20276","0.94999999999999996"
"q50k-t50k-s50k-r03","client","latency-client","2026-09-04T12:20:40.013Z","2026-09-04T12:20:50.013Z","False","150000","150000",,"0","0","0","4053810",,"135000","22492","4",,,,"22427","1.53"
"q50k-t50k-s50k-r03","server","latency-server","2026-09-04T12:09:40.007Z","2026-09-04T12:09:50.007Z","False","150000","150001",,"0","0","0","129134","14328",,,"851038",,"28656","101","20595","1.78"
"q50k-t50k-s50k-r03","server","latency-server","2026-09-04T12:09:50.007Z","2026-09-04T12:10:00.010Z","False","150000","150001",,"0","0","0","1",,,,"4453454",,"149971","105","20059","0.94999999999999996"
"q50k-t50k-s50k-r03","server","latency-server","2026-09-04T12:10:00.010Z","2026-09-04T12:10:10.004Z","False","150000","150001",,"0","0","0","1",,,,"4456460",,"150076","105","16565","0.85999999999999999"
"q50k-t50k-s50k-r03","server","latency-server","2026-09-04T12:10:10.004Z","2026-09-04T12:10:20.003Z","False","150000","150001",,"0","0","0","1",,,,"4454680",,"150016","107","14371","0.90000000000000002"
"q50k-t50k-s50k-r03","server","latency-server","2026-09-04T12:10:20.003Z","2026-09-04T12:10:30.005Z","False","150000","150001",,"0","0","0","1",,,,"4453343",,"149971","107","12756","0.84999999999999998"
"q50k-t50k-s50k-r03","server","latency-server","2026-09-04T12:10:30.005Z","2026-09-04T12:10:40.005Z","False","150000","150001",,"0","0","0","1",,,,"4454230",,"150001","105","17213","0.95999999999999996"
"q50k-t50k-s50k-r03","server","latency-server","2026-09-04T12:10:40.005Z","2026-09-04T12:10:50.015Z","False","150000","150001",,"0","0","0","1",,,,"4449783",,"149851","106","16636","0.91000000000000003"
"q50k-t50k-s50k-r03","server","latency-server","2026-09-04T12:10:50.015Z","2026-09-04T12:11:00.007Z","True","150000","150001",,"0","0","0","1",,,,"4502883",,"150121","100","15773","0.94999999999999996"
"q50k-t50k-s50k-r03","server","latency-server","2026-09-04T12:11:00.007Z","2026-09-04T12:11:10.005Z","True","150000","150001",,"0","0","0","1",,,,"4505187",,"150031","101","14026","1.05"
"q50k-t50k-s50k-r03","server","latency-server","2026-09-04T12:11:10.005Z","2026-09-04T12:11:20.007Z","True","150000","150001",,"0","0","0","1",,,,"4503385",,"149971","102","19542","0.80000000000000004"
"q50k-t50k-s50k-r03","server","latency-server","2026-09-04T12:11:20.007Z","2026-09-04T12:11:30.013Z","True","150000","150001",,"0","0","0","1",,,,"4501459",,"149911","101","19228","0.93999999999999995"
"q50k-t50k-s50k-r03","server","latency-server","2026-09-04T12:11:30.013Z","2026-09-04T12:11:40.013Z","True","150000","150001",,"0","0","0","1",,,,"4504706",,"150016","103","27850","0.90000000000000002"
"q50k-t50k-s50k-r03","server","latency-server","2026-09-04T12:11:40.013Z","2026-09-04T12:11:50.013Z","True","150000","150001",,"0","0","0","1",,,,"4503694",,"149986","100","20062","1.01"
"q50k-t50k-s50k-r03","server","latency-server","2026-09-04T12:11:50.013Z","2026-09-04T12:12:00.003Z","True","150000","150001",,"0","0","0","1",,,,"4508653",,"150151","101","20009","0.94999999999999996"
"q50k-t50k-s50k-r03","server","latency-server","2026-09-04T12:12:00.003Z","2026-09-04T12:12:10.007Z","True","150000","150001",,"0","0","0","1",,,,"4502345",,"149941","100","15010","0.88"
"q50k-t50k-s50k-r03","server","latency-server","2026-09-04T12:12:10.007Z","2026-09-04T12:12:20.005Z","True","150000","150001",,"0","0","0","1",,,,"4505047",,"150031","101","16343","0.88"
"q50k-t50k-s50k-r03","server","latency-server","2026-09-04T12:12:20.005Z","2026-09-04T12:12:30.012Z","True","150000","150001",,"0","0","0","1",,,,"4501022",,"149896","100","17399","0.97999999999999998"
"q50k-t50k-s50k-r03","server","latency-server","2026-09-04T12:12:30.012Z","2026-09-04T12:12:40.004Z","True","150000","150001",,"0","0","0","1",,,,"4507863",,"150121","101","42827","0.94999999999999996"
"q50k-t50k-s50k-r03","server","latency-server","2026-09-04T12:12:40.004Z","2026-09-04T12:12:50.002Z","True","150000","150001",,"0","0","0","1",,,,"4505046",,"150031","102","14162","0.81000000000000005"
"q50k-t50k-s50k-r03","server","latency-server","2026-09-04T12:12:50.002Z","2026-09-04T12:13:00.005Z","True","150000","150001",,"0","0","0","1",,,,"4502792",,"149956","100","17537","0.91000000000000003"
"q50k-t50k-s50k-r03","server","latency-server","2026-09-04T12:13:00.005Z","2026-09-04T12:13:10.006Z","True","150000","150001",,"0","0","0","1",,,,"4503695",,"149986","102","18925","0.90000000000000002"
"q50k-t50k-s50k-r03","server","latency-server","2026-09-04T12:13:10.006Z","2026-09-04T12:13:20.011Z","True","150000","150001",,"0","0","0","1",,,,"4501892",,"149926","100","23027","0.84999999999999998"
"q50k-t50k-s50k-r03","server","latency-server","2026-09-04T12:13:20.011Z","2026-09-04T12:13:30.014Z","True","150000","150001",,"0","0","0","1",,,,"4502794",,"149956","99","21937","0.93000000000000005"
"q50k-t50k-s50k-r03","server","latency-server","2026-09-04T12:13:30.014Z","2026-09-04T12:13:40.009Z","True","150000","150001",,"0","0","0","1",,,,"4506470",,"150076","103","19922","0.93000000000000005"
"q50k-t50k-s50k-r03","server","latency-server","2026-09-04T12:13:40.009Z","2026-09-04T12:13:50.012Z","True","150000","150001",,"0","0","0","1",,,,"4502934",,"149956","100","20157","0.79000000000000004"
"q50k-t50k-s50k-r03","server","latency-server","2026-09-04T12:13:50.012Z","2026-09-04T12:14:00.012Z","True","150000","150001",,"0","0","0","1",,,,"4504283",,"150001","101","18157","0.94999999999999996"
"q50k-t50k-s50k-r03","server","latency-server","2026-09-04T12:14:00.012Z","2026-09-04T12:14:10.011Z","True","150000","150001",,"0","0","0","1",,,,"4504707",,"150016","77","21081","0.82999999999999996"
"q50k-t50k-s50k-r03","server","latency-server","2026-09-04T12:14:10.011Z","2026-09-04T12:14:20.003Z","True","150000","150001",,"0","0","0","1",,,,"4507839",,"150121","64","17106","0.81000000000000005"
"q50k-t50k-s50k-r03","server","latency-server","2026-09-04T12:14:20.003Z","2026-09-04T12:14:30.009Z","True","150000","150001",,"0","0","0","1",,,,"4501528",,"149911","65","12993","0.75"
"q50k-t50k-s50k-r03","server","latency-server","2026-09-04T12:14:30.009Z","2026-09-04T12:14:40.006Z","True","150000","150001",,"0","0","0","1",,,,"4505597",,"150046","71","21522","0.81999999999999995"
"q50k-t50k-s50k-r03","server","latency-server","2026-09-04T12:14:40.006Z","2026-09-04T12:14:50.003Z","True","150000","150001",,"0","0","0","1",,,,"4505587",,"150046","64","7026","0.75"
"q50k-t50k-s50k-r03","server","latency-server","2026-09-04T12:14:50.003Z","2026-09-04T12:15:00.013Z","True","150000","150001",,"0","0","0","1",,,,"4499735",,"149851","64","13651","0.80000000000000004"
"q50k-t50k-s50k-r03","server","latency-server","2026-09-04T12:15:00.013Z","2026-09-04T12:15:10.009Z","True","150000","150001",,"0","0","0","1",,,,"4506045",,"150061","64","22458","0.84999999999999998"
"q50k-t50k-s50k-r03","server","latency-server","2026-09-04T12:15:10.009Z","2026-09-04T12:15:20.012Z","True","150000","150001",,"0","0","0","1",,,,"4502891",,"149956","65","22520","0.78000000000000003"
"q50k-t50k-s50k-r03","server","latency-server","2026-09-04T12:15:20.012Z","2026-09-04T12:15:30.015Z","True","150000","150001",,"0","0","0","1",,,,"4502891",,"149956","65","14288","0.81000000000000005"
"q50k-t50k-s50k-r03","server","latency-server","2026-09-04T12:15:30.015Z","2026-09-04T12:15:40.005Z","True","150000","150001",,"0","0","0","1",,,,"4508748",,"150151","65","24841","0.78000000000000003"
"q50k-t50k-s50k-r03","server","latency-server","2026-09-04T12:15:40.005Z","2026-09-04T12:15:50.012Z","True","150000","150001",,"0","0","0","1",,,,"4501089",,"149896","64","20977","0.75"
"q50k-t50k-s50k-r03","server","latency-server","2026-09-04T12:15:50.012Z","2026-09-04T12:16:00.007Z","True","150000","150001",,"0","0","0","1",,,,"4506492",,"150076","65","14112","0.81999999999999995"
"q50k-t50k-s50k-r03","server","latency-server","2026-09-04T12:16:00.007Z","2026-09-04T12:16:10.007Z","True","150000","150001",,"0","0","0","1",,,,"4504239",,"150001","64","15078","0.80000000000000004"
"q50k-t50k-s50k-r03","server","latency-server","2026-09-04T12:16:10.007Z","2026-09-04T12:16:20.002Z","True","150000","150001",,"0","0","0","1",,,,"4506490",,"150076","64","26957","0.73999999999999999"
"q50k-t50k-s50k-r03","server","latency-server","2026-09-04T12:16:20.002Z","2026-09-04T12:16:30.001Z","True","150000","150001",,"0","0","0","1",,,,"4504687",,"150016","64","32170","0.68000000000000005"
"q50k-t50k-s50k-r03","server","latency-server","2026-09-04T12:16:30.001Z","2026-09-04T12:16:40.013Z","True","150000","150001",,"0","0","0","1",,,,"4498838",,"149821","64","22206","0.85999999999999999"
"q50k-t50k-s50k-r03","server","latency-server","2026-09-04T12:16:40.013Z","2026-09-04T12:16:50.005Z","True","150000","150001",,"0","0","0","1",,,,"4507843",,"150121","65","13757","0.77000000000000002"
"q50k-t50k-s50k-r03","server","latency-server","2026-09-04T12:16:50.005Z","2026-09-04T12:17:00.010Z","True","150000","150001",,"0","0","0","1",,,,"4501983",,"149926","64","15728","0.76000000000000001"
"q50k-t50k-s50k-r03","server","latency-server","2026-09-04T12:17:00.010Z","2026-09-04T12:17:10.015Z","True","150000","150001",,"0","0","0","1",,,,"4501993",,"149926","65","28644","0.70999999999999996"
"q50k-t50k-s50k-r03","server","latency-server","2026-09-04T12:17:10.015Z","2026-09-04T12:17:20.001Z","True","150000","150001",,"0","0","0","1",,,,"4510551",,"150211","65","15302","0.81999999999999995"
"q50k-t50k-s50k-r03","server","latency-server","2026-09-04T12:17:20.001Z","2026-09-04T12:17:30.014Z","True","150000","150001",,"0","0","0","1",,,,"4498390",,"149806","65","27610","0.78000000000000003"
"q50k-t50k-s50k-r03","server","latency-server","2026-09-04T12:17:30.014Z","2026-09-04T12:17:40.013Z","True","150000","150001",,"0","0","0","1",,,,"4504689",,"150016","65","14398","0.75"
"q50k-t50k-s50k-r03","server","latency-server","2026-09-04T12:17:40.013Z","2026-09-04T12:17:50.015Z","True","150000","150001",,"0","0","0","1",,,,"4503337",,"149971","65","19248","0.78000000000000003"
"q50k-t50k-s50k-r03","server","latency-server","2026-09-04T12:17:50.015Z","2026-09-04T12:18:00.004Z","True","150000","150001",,"0","0","0","1",,,,"4509198",,"150166","64","28855","0.68999999999999995"
"q50k-t50k-s50k-r03","server","latency-server","2026-09-04T12:18:00.004Z","2026-09-04T12:18:10.006Z","True","150000","150001",,"0","0","0","1",,,,"4503334",,"149971","64","14604","0.75"
"q50k-t50k-s50k-r03","server","latency-server","2026-09-04T12:18:10.006Z","2026-09-04T12:18:20.015Z","True","150000","150001",,"0","0","0","1",,,,"4500189",,"149866","65","15596","0.80000000000000004"
"q50k-t50k-s50k-r03","server","latency-server","2026-09-04T12:18:20.015Z","2026-09-04T12:18:30.009Z","True","150000","150001",,"0","0","0","1",,,,"4506944",,"150091","65","27511","0.76000000000000001"
"q50k-t50k-s50k-r03","server","latency-server","2026-09-04T12:18:30.009Z","2026-09-04T12:18:40.003Z","True","150000","150001",,"0","0","0","1",,,,"4506941",,"150091","64","27660","0.81999999999999995"
"q50k-t50k-s50k-r03","server","latency-server","2026-09-04T12:18:40.003Z","2026-09-04T12:18:50.011Z","True","150000","150001",,"0","0","0","1",,,,"4500640",,"149881","65","23068","0.75"
"q50k-t50k-s50k-r03","server","latency-server","2026-09-04T12:18:50.011Z","2026-09-04T12:19:00.002Z","True","150000","150001",,"0","0","0","1",,,,"4508294",,"150136","65","20375","0.81999999999999995"
"q50k-t50k-s50k-r03","server","latency-server","2026-09-04T12:19:00.002Z","2026-09-04T12:19:10.007Z","True","150000","150001",,"0","0","0","1",,,,"4501990",,"149926","64","22111","0.73999999999999999"
"q50k-t50k-s50k-r03","server","latency-server","2026-09-04T12:19:10.007Z","2026-09-04T12:19:20.008Z","True","150000","150001",,"0","0","0","1",,,,"4503787",,"149986","64","18671","0.72999999999999998"
"q50k-t50k-s50k-r03","server","latency-server","2026-09-04T12:19:20.008Z","2026-09-04T12:19:30.011Z","True","150000","150001",,"0","0","0","1",,,,"4502887",,"149956","64","34078","0.77000000000000002"
"q50k-t50k-s50k-r03","server","latency-server","2026-09-04T12:19:30.011Z","2026-09-04T12:19:40.009Z","True","150000","150001",,"0","0","0","1",,,,"4505137",,"150031","64","28509","0.73999999999999999"
"q50k-t50k-s50k-r03","server","latency-server","2026-09-04T12:19:40.009Z","2026-09-04T12:19:50.003Z","True","150000","150001",,"0","0","0","1",,,,"4506937",,"150091","63","18163","0.75"
"q50k-t50k-s50k-r03","server","latency-server","2026-09-04T12:19:50.003Z","2026-09-04T12:20:00.011Z","True","150000","150001",,"0","0","0","1",,,,"4500631",,"149881","64","29100","0.79000000000000004"
"q50k-t50k-s50k-r03","server","latency-server","2026-09-04T12:20:00.011Z","2026-09-04T12:20:10.004Z","True","150000","150001",,"0","0","0","1",,,,"4507398",,"150106","65","23105","0.81000000000000005"
"q50k-t50k-s50k-r03","server","latency-server","2026-09-04T12:20:10.004Z","2026-09-04T12:20:20.003Z","True","150000","150001",,"0","0","0","1",,,,"4504696",,"150016","66","28033","0.77000000000000002"
"q50k-t50k-s50k-r03","server","latency-server","2026-09-04T12:20:20.003Z","2026-09-04T12:20:30.001Z","True","150000","150001",,"0","0","0","1",,,,"4505140",,"150031","64","26806","0.81000000000000005"
"q50k-t50k-s50k-r03","server","latency-server","2026-09-04T12:20:30.001Z","2026-09-04T12:20:40.013Z","True","150000","150001",,"0","0","0","1",,,,"4498835",,"149821","64","17208","0.75"
"q50k-t50k-s50k-r03","server","latency-server","2026-09-04T12:20:40.013Z","2026-09-04T12:20:50.020Z","False","150000","150000",,"0","0","0","4",,,,"4051379",,"134919","65","22201","0.76000000000000001"
"q5k-t5k-s5k-r01","client","latency-client","2026-09-04T10:34:30.006Z","2026-09-04T10:34:40.006Z","False","15000","15001",,"0","0","0","450965",,"15713","6374","8436","1047",,,"5872","1.2"
"q5k-t5k-s5k-r01","client","latency-client","2026-09-04T10:34:40.006Z","2026-09-04T10:34:50.013Z","False","15000","15001",,"0","0","0","430168",,"14990","4550","1",,,,"4449","0.089999999999999997"
"q5k-t5k-s5k-r01","client","latency-client","2026-09-04T10:34:50.013Z","2026-09-04T10:35:00.011Z","False","15000","15001",,"0","0","0","430554",,"15004","4189","1",,,,"4089","0.070000000000000007"
"q5k-t5k-s5k-r01","client","latency-client","2026-09-04T10:35:00.011Z","2026-09-04T10:35:10.009Z","False","15000","15001",,"0","0","0","430555",,"15004","3899","1",,,,"3798","0.10000000000000001"
"q5k-t5k-s5k-r01","client","latency-client","2026-09-04T10:35:10.009Z","2026-09-04T10:35:20.010Z","False","15000","15001",,"0","0","0","430426",,"14999","3973","1",,,,"3880","0.080000000000000002"
"q5k-t5k-s5k-r01","client","latency-client","2026-09-04T10:35:20.010Z","2026-09-04T10:35:30.009Z","False","15000","15001",,"0","0","0","431512",,"15002","4345","1",,,,"4262","0.11"
"q5k-t5k-s5k-r01","client","latency-client","2026-09-04T10:35:30.009Z","2026-09-04T10:35:40.004Z","True","15000","15001",,"0","0","0","435695",,"15008","4163","1",,,,"4077","0.12"
"q5k-t5k-s5k-r01","client","latency-client","2026-09-04T10:35:40.004Z","2026-09-04T10:35:50.013Z","True","15000","15001",,"0","0","0","435084",,"14987","4135","1",,,,"4043","0.14000000000000001"
"q5k-t5k-s5k-r01","client","latency-client","2026-09-04T10:35:50.013Z","2026-09-04T10:36:00.006Z","True","15000","15001",,"0","0","0","435783",,"15011","3848","1",,,,"3754","0.12"
"q5k-t5k-s5k-r01","client","latency-client","2026-09-04T10:36:00.006Z","2026-09-04T10:36:10.000Z","True","15000","15001",,"0","0","0","435737",,"15010","4454","1",,,,"4359","0.089999999999999997"
"q5k-t5k-s5k-r01","client","latency-client","2026-09-04T10:36:10.000Z","2026-09-04T10:36:20.010Z","True","15000","15001",,"0","0","0","435042",,"14986","4370","1",,,,"4274","0.12"
"q5k-t5k-s5k-r01","client","latency-client","2026-09-04T10:36:20.010Z","2026-09-04T10:36:30.012Z","True","15000","15001",,"0","0","0","435388",,"14998","4212","1",,,,"4121","0.10000000000000001"
"q5k-t5k-s5k-r01","client","latency-client","2026-09-04T10:36:30.012Z","2026-09-04T10:36:40.004Z","True","15000","15001",,"0","0","0","435826",,"15013","3773","1",,,,"3674","0.089999999999999997"
"q5k-t5k-s5k-r01","client","latency-client","2026-09-04T10:36:40.004Z","2026-09-04T10:36:50.004Z","True","15000","15001",,"0","0","0","435475",,"15001","4361","1",,,,"4269","0.070000000000000007"
"q5k-t5k-s5k-r01","client","latency-client","2026-09-04T10:36:50.004Z","2026-09-04T10:37:00.007Z","True","15000","15001",,"0","0","0","435347",,"14996","3877","1",,,,"3782","0.10000000000000001"
"q5k-t5k-s5k-r01","client","latency-client","2026-09-04T10:37:00.007Z","2026-09-04T10:37:10.015Z","True","15000","15001",,"0","0","0","435127",,"14989","5108","1",,,,"5013","0.10000000000000001"
"q5k-t5k-s5k-r01","client","latency-client","2026-09-04T10:37:10.015Z","2026-09-04T10:37:20.011Z","True","15000","15001",,"0","0","0","435695",,"15008","3659","1",,,,"3557","0.11"
"q5k-t5k-s5k-r01","client","latency-client","2026-09-04T10:37:20.011Z","2026-09-04T10:37:30.005Z","True","15000","15001",,"0","0","0","435694",,"15008","4134","1",,,,"4037","0.10000000000000001"
"q5k-t5k-s5k-r01","client","latency-client","2026-09-04T10:37:30.005Z","2026-09-04T10:37:40.010Z","True","15000","15001",,"0","0","0","435260",,"14993","3972","1",,,,"3878","0.080000000000000002"
"q5k-t5k-s5k-r01","client","latency-client","2026-09-04T10:37:40.010Z","2026-09-04T10:37:50.012Z","True","15000","15001",,"0","0","0","435389",,"14998","4116","1",,,,"4026","0.10000000000000001"
"q5k-t5k-s5k-r01","client","latency-client","2026-09-04T10:37:50.012Z","2026-09-04T10:38:00.012Z","True","15000","15001",,"0","0","0","435478",,"15001","4031","1",,,,"3937","0.089999999999999997"
"q5k-t5k-s5k-r01","client","latency-client","2026-09-04T10:38:00.012Z","2026-09-04T10:38:10.011Z","True","15000","15001",,"0","0","0","435519",,"15002","3808","1",,,,"3715","0.10000000000000001"
"q5k-t5k-s5k-r01","client","latency-client","2026-09-04T10:38:10.011Z","2026-09-04T10:38:20.012Z","True","15000","15001",,"0","0","0","435434",,"14999","4316","1",,,,"4221","0.10000000000000001"
"q5k-t5k-s5k-r01","client","latency-client","2026-09-04T10:38:20.012Z","2026-09-04T10:38:30.005Z","True","15000","15001",,"0","0","0","435781",,"15011","4400","1",,,,"4311","0.12"
"q5k-t5k-s5k-r01","client","latency-client","2026-09-04T10:38:30.005Z","2026-09-04T10:38:40.013Z","True","15000","15001",,"0","0","0","435129",,"14989","4285","1",,,,"4191","0.12"
"q5k-t5k-s5k-r01","client","latency-client","2026-09-04T10:38:40.013Z","2026-09-04T10:38:50.007Z","True","15000","15001",,"0","0","0","435738",,"15010","4069","1",,,,"3973","0.11"
"q5k-t5k-s5k-r01","client","latency-client","2026-09-04T10:38:50.007Z","2026-09-04T10:39:00.011Z","True","15000","15001",,"0","0","0","435303",,"14995","4104","1",,,,"4013","0.12"
"q5k-t5k-s5k-r01","client","latency-client","2026-09-04T10:39:00.011Z","2026-09-04T10:39:10.011Z","True","15000","15001",,"0","0","0","435476",,"15001","4139","1",,,,"4039","0.11"
"q5k-t5k-s5k-r01","client","latency-client","2026-09-04T10:39:10.011Z","2026-09-04T10:39:20.006Z","True","15000","15001",,"0","0","0","435695",,"15008","4166","1",,,,"4076","0.10000000000000001"
"q5k-t5k-s5k-r01","client","latency-client","2026-09-04T10:39:20.006Z","2026-09-04T10:39:30.015Z","True","15000","15001",,"0","0","0","435084",,"14987","4109","1",,,,"4010","0.11"
"q5k-t5k-s5k-r01","client","latency-client","2026-09-04T10:39:30.015Z","2026-09-04T10:39:40.007Z","True","15000","15001",,"0","0","0","435826",,"15013","3899","1",,,,"3796","0.089999999999999997"
"q5k-t5k-s5k-r01","client","latency-client","2026-09-04T10:39:40.007Z","2026-09-04T10:39:50.005Z","True","15000","15001",,"0","0","0","435563",,"15004","4120","1",,,,"4027","0.12"
"q5k-t5k-s5k-r01","client","latency-client","2026-09-04T10:39:50.005Z","2026-09-04T10:40:00.012Z","True","15000","15001",,"0","0","0","435173",,"14990","4424","1",,,,"4331","0.11"
"q5k-t5k-s5k-r01","client","latency-client","2026-09-04T10:40:00.012Z","2026-09-04T10:40:10.012Z","True","15000","15001",,"0","0","0","435476",,"15001","4285","1",,,,"4181","0.12"
"q5k-t5k-s5k-r01","client","latency-client","2026-09-04T10:40:10.012Z","2026-09-04T10:40:20.011Z","True","15000","15001",,"0","0","0","435521",,"15002","3963","1",,,,"3874","0.11"
"q5k-t5k-s5k-r01","client","latency-client","2026-09-04T10:40:20.011Z","2026-09-04T10:40:30.011Z","True","15000","15001",,"0","0","0","435476",,"15001","4222","1",,,,"4120","0.10000000000000001"
"q5k-t5k-s5k-r01","client","latency-client","2026-09-04T10:40:30.011Z","2026-09-04T10:40:40.008Z","True","15000","15001",,"0","0","0","435608",,"15005","4947","1",,,,"4859","0.12"
"q5k-t5k-s5k-r01","client","latency-client","2026-09-04T10:40:40.008Z","2026-09-04T10:40:50.006Z","True","15000","15001",,"0","0","0","435558",,"15004","3351","1",,,,"3287","0.089999999999999997"
"q5k-t5k-s5k-r01","client","latency-client","2026-09-04T10:40:50.006Z","2026-09-04T10:41:00.003Z","True","15000","15001",,"0","0","0","435647",,"15007","3236","1",,,,"3171","0.080000000000000002"
"q5k-t5k-s5k-r01","client","latency-client","2026-09-04T10:41:00.003Z","2026-09-04T10:41:10.003Z","True","15000","15001",,"0","0","0","435427",,"14999","3216","1",,,,"3152","0.070000000000000007"
"q5k-t5k-s5k-r01","client","latency-client","2026-09-04T10:41:10.003Z","2026-09-04T10:41:20.003Z","True","15000","15001",,"0","0","0","435474",,"15001","3300","1",,,,"3229","0.070000000000000007"
"q5k-t5k-s5k-r01","client","latency-client","2026-09-04T10:41:20.003Z","2026-09-04T10:41:30.013Z","True","15000","15001",,"0","0","0","435041",,"14986","4179","1",,,,"4088","0.10000000000000001"
"q5k-t5k-s5k-r01","client","latency-client","2026-09-04T10:41:30.013Z","2026-09-04T10:41:40.002Z","True","15000","15001",,"0","0","0","435957",,"15017","3914","1",,,,"3812","0.080000000000000002"
"q5k-t5k-s5k-r01","client","latency-client","2026-09-04T10:41:40.002Z","2026-09-04T10:41:50.003Z","True","15000","15001",,"0","0","0","435432",,"14999","4222","1",,,,"4119","0.14000000000000001"
"q5k-t5k-s5k-r01","client","latency-client","2026-09-04T10:41:50.003Z","2026-09-04T10:42:00.001Z","True","15000","15001",,"0","0","0","435551",,"15004","4336","1",,,,"4239","0.089999999999999997"
"q5k-t5k-s5k-r01","client","latency-client","2026-09-04T10:42:00.001Z","2026-09-04T10:42:10.013Z","True","15000","15001",,"0","0","0","434940",,"14983","4238","1",,,,"4144","0.10000000000000001"
"q5k-t5k-s5k-r01","client","latency-client","2026-09-04T10:42:10.013Z","2026-09-04T10:42:20.014Z","True","15000","15001",,"0","0","0","435420",,"14999","4672","1",,,,"4576","0.13"
"q5k-t5k-s5k-r01","client","latency-client","2026-09-04T10:42:20.014Z","2026-09-04T10:42:30.005Z","True","15000","15001",,"0","0","0","435854",,"15014","4401","1",,,,"4310","0.10000000000000001"
"q5k-t5k-s5k-r01","client","latency-client","2026-09-04T10:42:30.005Z","2026-09-04T10:42:40.010Z","True","15000","15001",,"0","0","0","435246",,"14993","4447","1",,,,"4355","0.10000000000000001"
"q5k-t5k-s5k-r01","client","latency-client","2026-09-04T10:42:40.010Z","2026-09-04T10:42:50.004Z","True","15000","15001",,"0","0","0","435723",,"15010","6031","1",,,,"5938","0.11"
"q5k-t5k-s5k-r01","client","latency-client","2026-09-04T10:42:50.004Z","2026-09-04T10:43:00.006Z","True","15000","15001",,"0","0","0","435377",,"14998","4951","1",,,,"4864","0.11"
"q5k-t5k-s5k-r01","client","latency-client","2026-09-04T10:43:00.006Z","2026-09-04T10:43:10.013Z","True","15000","15001",,"0","0","0","435158",,"14990","6112","1",,,,"6022","0.12"
"q5k-t5k-s5k-r01","client","latency-client","2026-09-04T10:43:10.013Z","2026-09-04T10:43:20.001Z","True","15000","15001",,"0","0","0","435987",,"15019","4762","1",,,,"4659","0.10000000000000001"
"q5k-t5k-s5k-r01","client","latency-client","2026-09-04T10:43:20.001Z","2026-09-04T10:43:30.012Z","True","15000","15001",,"0","0","0","434983",,"14984","4543","1",,,,"4455","0.14000000000000001"
"q5k-t5k-s5k-r01","client","latency-client","2026-09-04T10:43:30.012Z","2026-09-04T10:43:40.005Z","True","15000","15001",,"0","0","0","435765",,"15011","4543","1",,,,"4474","0.10000000000000001"
"q5k-t5k-s5k-r01","client","latency-client","2026-09-04T10:43:40.005Z","2026-09-04T10:43:50.004Z","True","15000","15001",,"0","0","0","435500",,"15002","3501","1",,,,"3439","0.080000000000000002"
"q5k-t5k-s5k-r01","client","latency-client","2026-09-04T10:43:50.004Z","2026-09-04T10:44:00.008Z","True","15000","15001",,"0","0","0","435284",,"14995","3915","1",,,,"3852","0.070000000000000007"
"q5k-t5k-s5k-r01","client","latency-client","2026-09-04T10:44:00.008Z","2026-09-04T10:44:10.008Z","True","15000","15001",,"0","0","0","435468",,"15001","4949","1",,,,"4854","0.14000000000000001"
"q5k-t5k-s5k-r01","client","latency-client","2026-09-04T10:44:10.008Z","2026-09-04T10:44:20.005Z","True","15000","15001",,"0","0","0","435608",,"15005","5181","1",,,,"5076","0.10000000000000001"
"q5k-t5k-s5k-r01","client","latency-client","2026-09-04T10:44:20.005Z","2026-09-04T10:44:30.010Z","True","15000","15001",,"0","0","0","435258",,"14993","4542","1",,,,"4441","0.10000000000000001"
"q5k-t5k-s5k-r01","client","latency-client","2026-09-04T10:44:30.010Z","2026-09-04T10:44:40.010Z","True","15000","15001",,"0","0","0","435477",,"15001","4053","1",,,,"3951","0.12"
"q5k-t5k-s5k-r01","client","latency-client","2026-09-04T10:44:40.010Z","2026-09-04T10:44:50.015Z","True","15000","15001",,"0","0","0","435252",,"14993","3890","1",,,,"3827","0.11"
"q5k-t5k-s5k-r01","client","latency-client","2026-09-04T10:44:50.015Z","2026-09-04T10:45:00.009Z","True","15000","15001",,"0","0","0","435735",,"15010","4434","1",,,,"4369","0.080000000000000002"
"q5k-t5k-s5k-r01","client","latency-client","2026-09-04T10:45:00.009Z","2026-09-04T10:45:10.009Z","True","15000","15001",,"0","0","0","435470",,"15001","3713","1",,,,"3650","0.050000000000000003"
"q5k-t5k-s5k-r01","client","latency-client","2026-09-04T10:45:10.009Z","2026-09-04T10:45:20.015Z","True","15000","15001",,"0","0","0","435211",,"14992","4415","1",,,,"4351","0.089999999999999997"
"q5k-t5k-s5k-r01","server","latency-server","2026-09-04T10:34:20.009Z","2026-09-04T10:34:30.009Z","False","15000","15001",,"0","0","0","9729","1208",,,"173429",,"6041","111","6220","1.3"
"q5k-t5k-s5k-r01","server","latency-server","2026-09-04T10:34:30.009Z","2026-09-04T10:34:40.010Z","False","15000","15001",,"0","0","0","1",,,,"430426",,"14999","112","4852","0.089999999999999997"
"q5k-t5k-s5k-r01","server","latency-server","2026-09-04T10:34:40.010Z","2026-09-04T10:34:50.013Z","False","15000","15001",,"0","0","0","1",,,,"430340",,"14996","101","4932","0.10000000000000001"
"q5k-t5k-s5k-r01","server","latency-server","2026-09-04T10:34:50.013Z","2026-09-04T10:35:00.011Z","False","15000","15001",,"0","0","0","1",,,,"430554",,"15004","100","6388","0.10000000000000001"
"q5k-t5k-s5k-r01","server","latency-server","2026-09-04T10:35:00.011Z","2026-09-04T10:35:10.009Z","False","15000","15001",,"0","0","0","1",,,,"430555",,"15004","101","5282","0.11"
"q5k-t5k-s5k-r01","server","latency-server","2026-09-04T10:35:10.009Z","2026-09-04T10:35:20.010Z","False","15000","15001",,"0","0","0","1",,,,"430426",,"14999","93","7027","0.070000000000000007"
"q5k-t5k-s5k-r01","server","latency-server","2026-09-04T10:35:20.010Z","2026-09-04T10:35:30.009Z","False","15000","15001",,"0","0","0","1",,,,"431512",,"15002","83","5740","0.070000000000000007"
"q5k-t5k-s5k-r01","server","latency-server","2026-09-04T10:35:30.009Z","2026-09-04T10:35:40.004Z","True","15000","15001",,"0","0","0","1",,,,"435695",,"15008","86","6422","0.089999999999999997"
"q5k-t5k-s5k-r01","server","latency-server","2026-09-04T10:35:40.004Z","2026-09-04T10:35:50.013Z","True","15000","15001",,"0","0","0","1",,,,"435084",,"14987","92","8141","0.059999999999999998"
"q5k-t5k-s5k-r01","server","latency-server","2026-09-04T10:35:50.013Z","2026-09-04T10:36:00.006Z","True","15000","15001",,"0","0","0","1",,,,"435783",,"15011","93","5851","0.070000000000000007"
"q5k-t5k-s5k-r01","server","latency-server","2026-09-04T10:36:00.006Z","2026-09-04T10:36:10.015Z","True","15000","15001",,"0","0","0","1",,,,"435084",,"14987","95","7551","0.080000000000000002"
"q5k-t5k-s5k-r01","server","latency-server","2026-09-04T10:36:10.015Z","2026-09-04T10:36:20.010Z","True","15000","15001",,"0","0","0","1",,,,"435695",,"15008","96","7004","0.080000000000000002"
"q5k-t5k-s5k-r01","server","latency-server","2026-09-04T10:36:20.010Z","2026-09-04T10:36:30.012Z","True","15000","15001",,"0","0","0","1",,,,"435388",,"14998","92","7542","0.10000000000000001"
"q5k-t5k-s5k-r01","server","latency-server","2026-09-04T10:36:30.012Z","2026-09-04T10:36:40.004Z","True","15000","15001",,"0","0","0","1",,,,"435826",,"15013","99","7581","0.089999999999999997"
"q5k-t5k-s5k-r01","server","latency-server","2026-09-04T10:36:40.004Z","2026-09-04T10:36:50.004Z","True","15000","15001",,"0","0","0","1",,,,"435475",,"15001","93","6789","0.089999999999999997"
"q5k-t5k-s5k-r01","server","latency-server","2026-09-04T10:36:50.004Z","2026-09-04T10:37:00.007Z","True","15000","15001",,"0","0","0","1",,,,"435347",,"14996","94","6182","0.11"
"q5k-t5k-s5k-r01","server","latency-server","2026-09-04T10:37:00.007Z","2026-09-04T10:37:10.016Z","True","15000","15001",,"0","0","0","1",,,,"435084",,"14987","94","8519","0.089999999999999997"
"q5k-t5k-s5k-r01","server","latency-server","2026-09-04T10:37:10.016Z","2026-09-04T10:37:20.011Z","True","15000","15001",,"0","0","0","1",,,,"435695",,"15008","102","17984","0.12"
"q5k-t5k-s5k-r01","server","latency-server","2026-09-04T10:37:20.011Z","2026-09-04T10:37:30.005Z","True","15000","15001",,"0","0","0","1",,,,"435737",,"15010","97","6251","0.11"
"q5k-t5k-s5k-r01","server","latency-server","2026-09-04T10:37:30.005Z","2026-09-04T10:37:40.016Z","True","15000","15001",,"0","0","0","1",,,,"434999",,"14984","94","6617","0.12"
"q5k-t5k-s5k-r01","server","latency-server","2026-09-04T10:37:40.016Z","2026-09-04T10:37:50.012Z","True","15000","15001",,"0","0","0","1",,,,"435650",,"15007","90","6401","0.10000000000000001"
"q5k-t5k-s5k-r01","server","latency-server","2026-09-04T10:37:50.012Z","2026-09-04T10:38:00.013Z","True","15000","15001",,"0","0","0","1",,,,"435434",,"14999","93","5601","0.11"
"q5k-t5k-s5k-r01","server","latency-server","2026-09-04T10:38:00.013Z","2026-09-04T10:38:10.011Z","True","15000","15001",,"0","0","0","1",,,,"435563",,"15004","93","5865","0.10000000000000001"
"q5k-t5k-s5k-r01","server","latency-server","2026-09-04T10:38:10.011Z","2026-09-04T10:38:20.013Z","True","15000","15001",,"0","0","0","1",,,,"435434",,"14999","96","7919","0.10000000000000001"
"q5k-t5k-s5k-r01","server","latency-server","2026-09-04T10:38:20.013Z","2026-09-04T10:38:30.006Z","True","15000","15001",,"0","0","0","1",,,,"435781",,"15011","89","8269","0.12"
"q5k-t5k-s5k-r01","server","latency-server","2026-09-04T10:38:30.006Z","2026-09-04T10:38:40.014Z","True","15000","15001",,"0","0","0","1",,,,"435129",,"14989","94","8637","0.080000000000000002"
"q5k-t5k-s5k-r01","server","latency-server","2026-09-04T10:38:40.014Z","2026-09-04T10:38:50.007Z","True","15000","15001",,"0","0","0","1",,,,"435738",,"15010","97","6626","0.11"
"q5k-t5k-s5k-r01","server","latency-server","2026-09-04T10:38:50.007Z","2026-09-04T10:39:00.012Z","True","15000","15001",,"0","0","0","1",,,,"435303",,"14995","91","8040","0.10000000000000001"
"q5k-t5k-s5k-r01","server","latency-server","2026-09-04T10:39:00.012Z","2026-09-04T10:39:10.012Z","True","15000","15001",,"0","0","0","1",,,,"435476",,"15001","100","7633","0.11"
"q5k-t5k-s5k-r01","server","latency-server","2026-09-04T10:39:10.012Z","2026-09-04T10:39:20.006Z","True","15000","15001",,"0","0","0","1",,,,"435695",,"15008","90","7312","0.11"
"q5k-t5k-s5k-r01","server","latency-server","2026-09-04T10:39:20.006Z","2026-09-04T10:39:30.015Z","True","15000","15001",,"0","0","0","1",,,,"435084",,"14987","99","7566","0.12"
"q5k-t5k-s5k-r01","server","latency-server","2026-09-04T10:39:30.015Z","2026-09-04T10:39:40.007Z","True","15000","15001",,"0","0","0","1",,,,"435826",,"15013","103","7024","0.11"
"q5k-t5k-s5k-r01","server","latency-server","2026-09-04T10:39:40.007Z","2026-09-04T10:39:50.005Z","True","15000","15001",,"0","0","0","1",,,,"435563",,"15004","93","7066","0.11"
"q5k-t5k-s5k-r01","server","latency-server","2026-09-04T10:39:50.005Z","2026-09-04T10:40:00.012Z","True","15000","15001",,"0","0","0","1",,,,"435173",,"14990","93","7674","0.11"
"q5k-t5k-s5k-r01","server","latency-server","2026-09-04T10:40:00.012Z","2026-09-04T10:40:10.012Z","True","15000","15001",,"0","0","0","1",,,,"435476",,"15001","104","7104","0.10000000000000001"
"q5k-t5k-s5k-r01","server","latency-server","2026-09-04T10:40:10.012Z","2026-09-04T10:40:20.011Z","True","15000","15001",,"0","0","0","1",,,,"435521",,"15002","89","6928","0.12"
"q5k-t5k-s5k-r01","server","latency-server","2026-09-04T10:40:20.011Z","2026-09-04T10:40:30.011Z","True","15000","15001",,"0","0","0","1",,,,"435476",,"15001","102","6244","0.11"
"q5k-t5k-s5k-r01","server","latency-server","2026-09-04T10:40:30.011Z","2026-09-04T10:40:40.013Z","True","15000","15001",,"0","0","0","1",,,,"435390",,"14998","88","7654","0.13"
"q5k-t5k-s5k-r01","server","latency-server","2026-09-04T10:40:40.013Z","2026-09-04T10:40:50.012Z","True","15000","15001",,"0","0","0","1",,,,"435514",,"15002","64","6873","0.11"
"q5k-t5k-s5k-r01","server","latency-server","2026-09-04T10:40:50.012Z","2026-09-04T10:41:00.002Z","True","15000","15001",,"0","0","0","1",,,,"435908",,"15016","64","5422","0.089999999999999997"
"q5k-t5k-s5k-r01","server","latency-server","2026-09-04T10:41:00.002Z","2026-09-04T10:41:10.003Z","True","15000","15001",,"0","0","0","1",,,,"435427",,"14999","64","5154","0.089999999999999997"
"q5k-t5k-s5k-r01","server","latency-server","2026-09-04T10:41:10.003Z","2026-09-04T10:41:20.003Z","True","15000","15001",,"0","0","0","1",,,,"435474",,"15001","72","5311","0.11"
"q5k-t5k-s5k-r01","server","latency-server","2026-09-04T10:41:20.003Z","2026-09-04T10:41:30.014Z","True","15000","15001",,"0","0","0","1",,,,"434997",,"14984","91","5888","0.11"
"q5k-t5k-s5k-r01","server","latency-server","2026-09-04T10:41:30.014Z","2026-09-04T10:41:40.003Z","True","15000","15001",,"0","0","0","1",,,,"435957",,"15017","102","6393","0.12"
"q5k-t5k-s5k-r01","server","latency-server","2026-09-04T10:41:40.003Z","2026-09-04T10:41:50.004Z","True","15000","15001",,"0","0","0","1",,,,"435432",,"14999","104","6400","0.14000000000000001"
"q5k-t5k-s5k-r01","server","latency-server","2026-09-04T10:41:50.004Z","2026-09-04T10:42:00.016Z","True","15000","15001",,"0","0","0","1",,,,"434942",,"14983","97","7591","0.12"
"q5k-t5k-s5k-r01","server","latency-server","2026-09-04T10:42:00.016Z","2026-09-04T10:42:10.013Z","True","15000","15001",,"0","0","0","1",,,,"435593",,"15005","95","8521","0.14000000000000001"
"q5k-t5k-s5k-r01","server","latency-server","2026-09-04T10:42:10.013Z","2026-09-04T10:42:20.015Z","True","15000","15001",,"0","0","0","1",,,,"435377",,"14998","96","8210","0.11"
"q5k-t5k-s5k-r01","server","latency-server","2026-09-04T10:42:20.015Z","2026-09-04T10:42:30.006Z","True","15000","15001",,"0","0","0","1",,,,"435898",,"15016","91","6476","0.13"
"q5k-t5k-s5k-r01","server","latency-server","2026-09-04T10:42:30.006Z","2026-09-04T10:42:40.015Z","True","15000","15001",,"0","0","0","1",,,,"435029",,"14986","92","6663","0.13"
"q5k-t5k-s5k-r01","server","latency-server","2026-09-04T10:42:40.015Z","2026-09-04T10:42:50.013Z","True","15000","15001",,"0","0","0","1",,,,"435593",,"15005","93","7273","0.12"
"q5k-t5k-s5k-r01","server","latency-server","2026-09-04T10:42:50.013Z","2026-09-04T10:43:00.006Z","True","15000","15001",,"0","0","0","1",,,,"435725",,"15010","87","9914","0.11"
"q5k-t5k-s5k-r01","server","latency-server","2026-09-04T10:43:00.006Z","2026-09-04T10:43:10.019Z","True","15000","15001",,"0","0","0","1",,,,"434940",,"14983","91","9436","0.11"
"q5k-t5k-s5k-r01","server","latency-server","2026-09-04T10:43:10.019Z","2026-09-04T10:43:20.001Z","True","15000","15001",,"0","0","0","1",,,,"436206",,"15026","103","9005","0.13"
"q5k-t5k-s5k-r01","server","latency-server","2026-09-04T10:43:20.001Z","2026-09-04T10:43:30.013Z","True","15000","15001",,"0","0","0","1",,,,"434983",,"14984","88","7194","0.12"
"q5k-t5k-s5k-r01","server","latency-server","2026-09-04T10:43:30.013Z","2026-09-04T10:43:40.006Z","True","15000","15001",,"0","0","0","1",,,,"435721",,"15010","70","7097","0.10000000000000001"
"q5k-t5k-s5k-r01","server","latency-server","2026-09-04T10:43:40.006Z","2026-09-04T10:43:50.005Z","True","15000","15001",,"0","0","0","1",,,,"435543",,"15004","62","5656","0.059999999999999998"
"q5k-t5k-s5k-r01","server","latency-server","2026-09-04T10:43:50.005Z","2026-09-04T10:44:00.014Z","True","15000","15001",,"0","0","0","1",,,,"435023",,"14986","63","6334","0.089999999999999997"
"q5k-t5k-s5k-r01","server","latency-server","2026-09-04T10:44:00.014Z","2026-09-04T10:44:10.015Z","True","15000","15001",,"0","0","0","1",,,,"435468",,"15001","96","6952","0.12"
"q5k-t5k-s5k-r01","server","latency-server","2026-09-04T10:44:10.015Z","2026-09-04T10:44:20.006Z","True","15000","15001",,"0","0","0","1",,,,"435870",,"15014","105","9143","0.13"
"q5k-t5k-s5k-r01","server","latency-server","2026-09-04T10:44:20.006Z","2026-09-04T10:44:30.016Z","True","15000","15001",,"0","0","0","1",,,,"434997",,"14984","101","6406","0.11"
"q5k-t5k-s5k-r01","server","latency-server","2026-09-04T10:44:30.016Z","2026-09-04T10:44:40.016Z","True","15000","15001",,"0","0","0","1",,,,"435477",,"15001","101","7320","0.12"
"q5k-t5k-s5k-r01","server","latency-server","2026-09-04T10:44:40.016Z","2026-09-04T10:44:50.015Z","True","15000","15001",,"0","0","0","1",,,,"435514",,"15002","63","6322","0.089999999999999997"
"q5k-t5k-s5k-r01","server","latency-server","2026-09-04T10:44:50.015Z","2026-09-04T10:45:00.009Z","True","15000","15001",,"0","0","0","1",,,,"435735",,"15010","65","6101","0.080000000000000002"
"q5k-t5k-s5k-r01","server","latency-server","2026-09-04T10:45:00.009Z","2026-09-04T10:45:10.009Z","True","15000","15001",,"0","0","0","1",,,,"435470",,"15001","63","5370","0.089999999999999997"
"q5k-t5k-s5k-r01","server","latency-server","2026-09-04T10:45:10.009Z","2026-09-04T10:45:20.016Z","True","15000","15001",,"0","0","0","1",,,,"435211",,"14992","64","5439","0.10000000000000001"
"q5k-t5k-s5k-r02","client","latency-client","2026-09-04T11:10:20.016Z","2026-09-04T11:10:30.016Z","False","15000","15001",,"0","0","0","455797",,"15880","7174","12788","1588",,,"6426","1.77"
"q5k-t5k-s5k-r02","client","latency-client","2026-09-04T11:10:30.016Z","2026-09-04T11:10:40.003Z","False","15000","15001",,"0","0","0","430986",,"15019","4373","1",,,,"4265","0.10000000000000001"
"q5k-t5k-s5k-r02","client","latency-client","2026-09-04T11:10:40.003Z","2026-09-04T11:10:50.005Z","False","15000","15001",,"0","0","0","430383",,"14998","6623","1",,,,"6512","0.080000000000000002"
"q5k-t5k-s5k-r02","client","latency-client","2026-09-04T11:10:50.005Z","2026-09-04T11:11:00.011Z","False","15000","15001",,"0","0","0","430211",,"14992","4955","1",,,,"4847","0.10000000000000001"
"q5k-t5k-s5k-r02","client","latency-client","2026-09-04T11:11:00.011Z","2026-09-04T11:11:10.013Z","False","15000","15001",,"0","0","0","430383",,"14998","4635","1",,,,"4530","0.080000000000000002"
"q5k-t5k-s5k-r02","client","latency-client","2026-09-04T11:11:10.013Z","2026-09-04T11:11:20.001Z","False","15000","15001",,"0","0","0","430986",,"15019","4326","1",,,,"4225","0.10000000000000001"
"q5k-t5k-s5k-r02","client","latency-client","2026-09-04T11:11:20.001Z","2026-09-04T11:11:30.010Z","False","15000","15001",,"0","0","0","433584",,"14987","4635","1",,,,"4533","0.10000000000000001"
"q5k-t5k-s5k-r02","client","latency-client","2026-09-04T11:11:30.010Z","2026-09-04T11:11:40.004Z","True","15000","15001",,"0","0","0","435739",,"15010","4012","1",,,,"3922","0.10000000000000001"
"q5k-t5k-s5k-r02","client","latency-client","2026-09-04T11:11:40.004Z","2026-09-04T11:11:50.011Z","True","15000","15001",,"0","0","0","435171",,"14990","4421","1",,,,"4331","0.089999999999999997"
"q5k-t5k-s5k-r02","client","latency-client","2026-09-04T11:11:50.011Z","2026-09-04T11:12:00.012Z","True","15000","15001",,"0","0","0","435434",,"14999","4212","1",,,,"4111","0.10000000000000001"
"q5k-t5k-s5k-r02","client","latency-client","2026-09-04T11:12:00.012Z","2026-09-04T11:12:10.005Z","True","15000","15001",,"0","0","0","435781",,"15011","4083","1",,,,"3996","0.10000000000000001"
"q5k-t5k-s5k-r02","client","latency-client","2026-09-04T11:12:10.005Z","2026-09-04T11:12:20.011Z","True","15000","15001",,"0","0","0","435216",,"14992","4267","1",,,,"4172","0.10000000000000001"
"q5k-t5k-s5k-r02","client","latency-client","2026-09-04T11:12:20.011Z","2026-09-04T11:12:30.003Z","True","15000","15001",,"0","0","0","435824",,"15013","4088","1",,,,"3985","0.10000000000000001"
"q5k-t5k-s5k-r02","client","latency-client","2026-09-04T11:12:30.003Z","2026-09-04T11:12:40.010Z","True","15000","15001",,"0","0","0","435173",,"14990","3804","1",,,,"3699","0.089999999999999997"
"q5k-t5k-s5k-r02","client","latency-client","2026-09-04T11:12:40.010Z","2026-09-04T11:12:50.001Z","True","15000","15001",,"0","0","0","435868",,"15014","3979","1",,,,"3879","0.10000000000000001"
"q5k-t5k-s5k-r02","client","latency-client","2026-09-04T11:12:50.001Z","2026-09-04T11:13:00.016Z","True","15000","15001",,"0","0","0","434825",,"14978","3961","1",,,,"3864","0.10000000000000001"
"q5k-t5k-s5k-r02","client","latency-client","2026-09-04T11:13:00.016Z","2026-09-04T11:13:10.015Z","True","15000","15001",,"0","0","0","435519",,"15002","4238","1",,,,"4137","0.11"
"q5k-t5k-s5k-r02","client","latency-client","2026-09-04T11:13:10.015Z","2026-09-04T11:13:20.002Z","True","15000","15001",,"0","0","0","436044",,"15020","3976","1",,,,"3876","0.10000000000000001"
"q5k-t5k-s5k-r02","client","latency-client","2026-09-04T11:13:20.002Z","2026-09-04T11:13:30.015Z","True","15000","15001",,"0","0","0","434910",,"14981","4114","1",,,,"4012","0.11"
"q5k-t5k-s5k-r02","client","latency-client","2026-09-04T11:13:30.015Z","2026-09-04T11:13:40.002Z","True","15000","15001",,"0","0","0","436044",,"15020","3946","1",,,,"3851","0.11"
"q5k-t5k-s5k-r02","client","latency-client","2026-09-04T11:13:40.002Z","2026-09-04T11:13:50.007Z","True","15000","15001",,"0","0","0","435258",,"14993","4639","1",,,,"4540","0.089999999999999997"
"q5k-t5k-s5k-r02","client","latency-client","2026-09-04T11:13:50.007Z","2026-09-04T11:14:00.010Z","True","15000","15001",,"0","0","0","435347",,"14996","3886","1",,,,"3790","0.11"
"q5k-t5k-s5k-r02","client","latency-client","2026-09-04T11:14:00.010Z","2026-09-04T11:14:10.013Z","True","15000","15001",,"0","0","0","435345",,"14996","3915","1",,,,"3821","0.11"
"q5k-t5k-s5k-r02","client","latency-client","2026-09-04T11:14:10.013Z","2026-09-04T11:14:20.007Z","True","15000","15001",,"0","0","0","435739",,"15010","3816","1",,,,"3715","0.089999999999999997"
"q5k-t5k-s5k-r02","client","latency-client","2026-09-04T11:14:20.007Z","2026-09-04T11:14:30.010Z","True","15000","15001",,"0","0","0","435345",,"14996","3618","1",,,,"3519","0.10000000000000001"
"q5k-t5k-s5k-r02","client","latency-client","2026-09-04T11:14:30.010Z","2026-09-04T11:14:40.002Z","True","15000","15001",,"0","0","0","435826",,"15013","4164","1",,,,"4069","0.10000000000000001"
"q5k-t5k-s5k-r02","client","latency-client","2026-09-04T11:14:40.002Z","2026-09-04T11:14:50.002Z","True","15000","15001",,"0","0","0","435476",,"15001","3940","1",,,,"3838","0.10000000000000001"
"q5k-t5k-s5k-r02","client","latency-client","2026-09-04T11:14:50.002Z","2026-09-04T11:15:00.013Z","True","15000","15001",,"0","0","0","434999",,"14984","4189","1",,,,"4099","0.10000000000000001"
"q5k-t5k-s5k-r02","client","latency-client","2026-09-04T11:15:00.013Z","2026-09-04T11:15:10.010Z","True","15000","15001",,"0","0","0","435606",,"15005","4233","1",,,,"4143","0.11"
"q5k-t5k-s5k-r02","client","latency-client","2026-09-04T11:15:10.010Z","2026-09-04T11:15:20.001Z","True","15000","15001",,"0","0","0","435870",,"15014","3889","1",,,,"3794","0.11"
"q5k-t5k-s5k-r02","client","latency-client","2026-09-04T11:15:20.001Z","2026-09-04T11:15:30.013Z","True","15000","15001",,"0","0","0","434954",,"14983","4124","1",,,,"4029","0.11"
"q5k-t5k-s5k-r02","client","latency-client","2026-09-04T11:15:30.013Z","2026-09-04T11:15:40.006Z","True","15000","15001",,"0","0","0","435783",,"15011","4371","1",,,,"4272","0.10000000000000001"
"q5k-t5k-s5k-r02","client","latency-client","2026-09-04T11:15:40.006Z","2026-09-04T11:15:50.011Z","True","15000","15001",,"0","0","0","435258",,"14993","4077","1",,,,"3981","0.089999999999999997"
"q5k-t5k-s5k-r02","client","latency-client","2026-09-04T11:15:50.011Z","2026-09-04T11:16:00.012Z","True","15000","15001",,"0","0","0","435434",,"14999","3874","1",,,,"3783","0.10000000000000001"
"q5k-t5k-s5k-r02","client","latency-client","2026-09-04T11:16:00.012Z","2026-09-04T11:16:10.000Z","True","15000","15001",,"0","0","0","435999",,"15019","4219","1",,,,"4121","0.11"
"q5k-t5k-s5k-r02","client","latency-client","2026-09-04T11:16:10.000Z","2026-09-04T11:16:20.011Z","True","15000","15001",,"0","0","0","434999",,"14984","4142","1",,,,"4054","0.10000000000000001"
"q5k-t5k-s5k-r02","client","latency-client","2026-09-04T11:16:20.011Z","2026-09-04T11:16:30.001Z","True","15000","15001",,"0","0","0","435912",,"15016","4047","1",,,,"3949","0.11"
"q5k-t5k-s5k-r02","client","latency-client","2026-09-04T11:16:30.001Z","2026-09-04T11:16:40.009Z","True","15000","15001",,"0","0","0","435129",,"14989","4337","1",,,,"4240","0.11"
"q5k-t5k-s5k-r02","client","latency-client","2026-09-04T11:16:40.009Z","2026-09-04T11:16:50.002Z","True","15000","15001",,"0","0","0","435781",,"15011","4008","1",,,,"3916","0.11"
"q5k-t5k-s5k-r02","client","latency-client","2026-09-04T11:16:50.002Z","2026-09-04T11:17:00.009Z","True","15000","15001",,"0","0","0","435173",,"14990","3890","1",,,,"3787","0.11"
"q5k-t5k-s5k-r02","client","latency-client","2026-09-04T11:17:00.009Z","2026-09-04T11:17:10.011Z","True","15000","15001",,"0","0","0","435389",,"14998","3995","1",,,,"3899","0.11"
"q5k-t5k-s5k-r02","client","latency-client","2026-09-04T11:17:10.011Z","2026-09-04T11:17:20.007Z","True","15000","15001",,"0","0","0","435652",,"15007","4354","1",,,,"4258","0.11"
"q5k-t5k-s5k-r02","client","latency-client","2026-09-04T11:17:20.007Z","2026-09-04T11:17:30.001Z","True","15000","15001",,"0","0","0","435737",,"15010","3751","1",,,,"3651","0.11"
"q5k-t5k-s5k-r02","client","latency-client","2026-09-04T11:17:30.001Z","2026-09-04T11:17:40.008Z","True","15000","15001",,"0","0","0","435170",,"14990","4410","1",,,,"4315","0.13"
"q5k-t5k-s5k-r02","client","latency-client","2026-09-04T11:17:40.008Z","2026-09-04T11:17:50.002Z","True","15000","15001",,"0","0","0","435723",,"15010","3856","1",,,,"3754","0.11"
"q5k-t5k-s5k-r02","client","latency-client","2026-09-04T11:17:50.002Z","2026-09-04T11:18:00.013Z","True","15000","15001",,"0","0","0","434985",,"14984","4177","1",,,,"4086","0.11"
"q5k-t5k-s5k-r02","client","latency-client","2026-09-04T11:18:00.013Z","2026-09-04T11:18:10.012Z","True","15000","15001",,"0","0","0","435506",,"15002","4255","1",,,,"4156","0.13"
"q5k-t5k-s5k-r02","client","latency-client","2026-09-04T11:18:10.012Z","2026-09-04T11:18:20.010Z","True","15000","15001",,"0","0","0","435551",,"15004","4276","1",,,,"4177","0.11"
"q5k-t5k-s5k-r02","client","latency-client","2026-09-04T11:18:20.010Z","2026-09-04T11:18:30.010Z","True","15000","15001",,"0","0","0","435462",,"15001","4128","1",,,,"4027","0.10000000000000001"
"q5k-t5k-s5k-r02","client","latency-client","2026-09-04T11:18:30.010Z","2026-09-04T11:18:40.013Z","True","15000","15001",,"0","0","0","435333",,"14996","4175","1",,,,"4074","0.11"
"q5k-t5k-s5k-r02","client","latency-client","2026-09-04T11:18:40.013Z","2026-09-04T11:18:50.002Z","True","15000","15001",,"0","0","0","435941",,"15017","4504","1",,,,"4409","0.10000000000000001"
"q5k-t5k-s5k-r02","client","latency-client","2026-09-04T11:18:50.002Z","2026-09-04T11:19:00.002Z","True","15000","15001",,"0","0","0","435464",,"15001","4865","1",,,,"4768","0.080000000000000002"
"q5k-t5k-s5k-r02","client","latency-client","2026-09-04T11:19:00.002Z","2026-09-04T11:19:10.002Z","True","15000","15001",,"0","0","0","435462",,"15001","4711","1",,,,"4613","0.12"
"q5k-t5k-s5k-r02","client","latency-client","2026-09-04T11:19:10.002Z","2026-09-04T11:19:20.009Z","True","15000","15001",,"0","0","0","435159",,"14990","5481","1",,,,"5393","0.11"
"q5k-t5k-s5k-r02","client","latency-client","2026-09-04T11:19:20.009Z","2026-09-04T11:19:30.009Z","True","15000","15001",,"0","0","0","435462",,"15001","4650","1",,,,"4552","0.12"
"q5k-t5k-s5k-r02","client","latency-client","2026-09-04T11:19:30.009Z","2026-09-04T11:19:40.003Z","True","15000","15001",,"0","0","0","435725",,"15010","5357","1",,,,"5260","0.11"
"q5k-t5k-s5k-r02","client","latency-client","2026-09-04T11:19:40.003Z","2026-09-04T11:19:50.012Z","True","15000","15001",,"0","0","0","435070",,"14987","5187","1",,,,"5091","0.11"
"q5k-t5k-s5k-r02","client","latency-client","2026-09-04T11:19:50.012Z","2026-09-04T11:20:00.001Z","True","15000","15001",,"0","0","0","435953",,"15017","5138","1",,,,"5050","0.11"
"q5k-t5k-s5k-r02","client","latency-client","2026-09-04T11:20:00.001Z","2026-09-04T11:20:10.001Z","True","15000","15001",,"0","0","0","435475",,"15001","5720","1",,,,"5629","0.12"
"q5k-t5k-s5k-r02","client","latency-client","2026-09-04T11:20:10.001Z","2026-09-04T11:20:20.009Z","True","15000","15001",,"0","0","0","435129",,"14989","5381","1",,,,"5282","0.14000000000000001"
"q5k-t5k-s5k-r02","client","latency-client","2026-09-04T11:20:20.009Z","2026-09-04T11:20:30.006Z","True","15000","15001",,"0","0","0","435602",,"15005","3649","1",,,,"3584","0.080000000000000002"
"q5k-t5k-s5k-r02","client","latency-client","2026-09-04T11:20:30.006Z","2026-09-04T11:20:40.006Z","True","15000","15001",,"0","0","0","435472",,"15001","4217","1",,,,"4154","0.10000000000000001"
"q5k-t5k-s5k-r02","client","latency-client","2026-09-04T11:20:40.006Z","2026-09-04T11:20:50.009Z","True","15000","15001",,"0","0","0","435343",,"14996","4274","1",,,,"4196","0.10000000000000001"
"q5k-t5k-s5k-r02","client","latency-client","2026-09-04T11:20:50.009Z","2026-09-04T11:21:00.010Z","True","15000","15001",,"0","0","0","435434",,"14999","5505","1",,,,"5405","0.11"
"q5k-t5k-s5k-r02","client","latency-client","2026-09-04T11:21:00.010Z","2026-09-04T11:21:10.005Z","True","15000","15001",,"0","0","0","435693",,"15008","5072","1",,,,"4972","0.14999999999999999"
"q5k-t5k-s5k-r02","client","latency-client","2026-09-04T11:21:10.005Z","2026-09-04T11:21:20.001Z","True","15000","15001",,"0","0","0","435652",,"15007","4373","1",,,,"4269","0.12"
"q5k-t5k-s5k-r02","server","latency-server","2026-09-04T11:10:10.008Z","2026-09-04T11:10:20.008Z","False","15000","0",,"0","0","0","0",,,,"0",,,,,"2.0699999999999998"
"q5k-t5k-s5k-r02","server","latency-server","2026-09-04T11:10:20.008Z","2026-09-04T11:10:30.015Z","False","15000","15001",,"0","0","0","12071","1499",,,"430245",,"14990","106","8352","0.089999999999999997"
"q5k-t5k-s5k-r02","server","latency-server","2026-09-04T11:10:30.015Z","2026-09-04T11:10:40.003Z","False","15000","15001",,"0","0","0","1",,,,"430986",,"15019","109","8200","0.12"
"q5k-t5k-s5k-r02","server","latency-server","2026-09-04T11:10:40.003Z","2026-09-04T11:10:50.007Z","False","15000","15001",,"0","0","0","1",,,,"430297",,"14995","111","8357","0.11"
"q5k-t5k-s5k-r02","server","latency-server","2026-09-04T11:10:50.007Z","2026-09-04T11:11:00.011Z","False","15000","15001",,"0","0","0","1",,,,"430297",,"14995","107","14291","0.080000000000000002"
"q5k-t5k-s5k-r02","server","latency-server","2026-09-04T11:11:00.011Z","2026-09-04T11:11:10.013Z","False","15000","15001",,"0","0","0","1",,,,"430383",,"14998","105","6438","0.089999999999999997"
"q5k-t5k-s5k-r02","server","latency-server","2026-09-04T11:11:10.013Z","2026-09-04T11:11:20.001Z","False","15000","15001",,"0","0","0","1",,,,"430986",,"15019","101","5709","0.089999999999999997"
"q5k-t5k-s5k-r02","server","latency-server","2026-09-04T11:11:20.001Z","2026-09-04T11:11:30.010Z","False","15000","15001",,"0","0","0","1",,,,"433584",,"14987","102","6180","0.10000000000000001"
"q5k-t5k-s5k-r02","server","latency-server","2026-09-04T11:11:30.010Z","2026-09-04T11:11:40.006Z","True","15000","15001",,"0","0","0","1",,,,"435652",,"15007","90","6473","0.089999999999999997"
"q5k-t5k-s5k-r02","server","latency-server","2026-09-04T11:11:40.006Z","2026-09-04T11:11:50.011Z","True","15000","15001",,"0","0","0","1",,,,"435258",,"14993","90","8665","0.080000000000000002"
"q5k-t5k-s5k-r02","server","latency-server","2026-09-04T11:11:50.011Z","2026-09-04T11:12:00.012Z","True","15000","15001",,"0","0","0","1",,,,"435434",,"14999","101","6614","0.10000000000000001"
"q5k-t5k-s5k-r02","server","latency-server","2026-09-04T11:12:00.012Z","2026-09-04T11:12:10.005Z","True","15000","15001",,"0","0","0","1",,,,"435781",,"15011","86","6621","0.089999999999999997"
"q5k-t5k-s5k-r02","server","latency-server","2026-09-04T11:12:10.005Z","2026-09-04T11:12:20.011Z","True","15000","15001",,"0","0","0","1",,,,"435216",,"14992","95","8469","0.11"
"q5k-t5k-s5k-r02","server","latency-server","2026-09-04T11:12:20.011Z","2026-09-04T11:12:30.003Z","True","15000","15001",,"0","0","0","1",,,,"435824",,"15013","103","6488","0.13"
"q5k-t5k-s5k-r02","server","latency-server","2026-09-04T11:12:30.003Z","2026-09-04T11:12:40.010Z","True","15000","15001",,"0","0","0","1",,,,"435173",,"14990","105","5668","0.10000000000000001"
"q5k-t5k-s5k-r02","server","latency-server","2026-09-04T11:12:40.010Z","2026-09-04T11:12:50.010Z","True","15000","15001",,"0","0","0","1",,,,"435476",,"15001","100","7501","0.080000000000000002"
"q5k-t5k-s5k-r02","server","latency-server","2026-09-04T11:12:50.010Z","2026-09-04T11:13:00.000Z","True","15000","15001",,"0","0","0","1",,,,"435913",,"15016","96","7712","0.089999999999999997"
"q5k-t5k-s5k-r02","server","latency-server","2026-09-04T11:13:00.000Z","2026-09-04T11:13:10.015Z","True","15000","15001",,"0","0","0","1",,,,"434823",,"14978","101","8845","0.12"
"q5k-t5k-s5k-r02","server","latency-server","2026-09-04T11:13:10.015Z","2026-09-04T11:13:20.003Z","True","15000","15001",,"0","0","0","1",,,,"436001",,"15019","100","7454","0.080000000000000002"
"q5k-t5k-s5k-r02","server","latency-server","2026-09-04T11:13:20.003Z","2026-09-04T11:13:30.025Z","True","15000","15001",,"0","0","0","1",,,,"434520",,"14968","103","7964","0.10000000000000001"
"q5k-t5k-s5k-r02","server","latency-server","2026-09-04T11:13:30.025Z","2026-09-04T11:13:40.002Z","True","15000","15001",,"0","0","0","1",,,,"436482",,"15035","95","8075","0.080000000000000002"
"q5k-t5k-s5k-r02","server","latency-server","2026-09-04T11:13:40.002Z","2026-09-04T11:13:50.008Z","True","15000","15001",,"0","0","0","1",,,,"435215",,"14992","99","6952","0.10000000000000001"
"q5k-t5k-s5k-r02","server","latency-server","2026-09-04T11:13:50.008Z","2026-09-04T11:14:00.011Z","True","15000","15001",,"0","0","0","1",,,,"435347",,"14996","96","6861","0.11"
"q5k-t5k-s5k-r02","server","latency-server","2026-09-04T11:14:00.011Z","2026-09-04T11:14:10.013Z","True","15000","15001",,"0","0","0","1",,,,"435389",,"14998","95","5762","0.089999999999999997"
"q5k-t5k-s5k-r02","server","latency-server","2026-09-04T11:14:10.013Z","2026-09-04T11:14:20.007Z","True","15000","15001",,"0","0","0","1",,,,"435739",,"15010","101","6094","0.11"
"q5k-t5k-s5k-r02","server","latency-server","2026-09-04T11:14:20.007Z","2026-09-04T11:14:30.010Z","True","15000","15001",,"0","0","0","1",,,,"435345",,"14996","99","6630","0.089999999999999997"
"q5k-t5k-s5k-r02","server","latency-server","2026-09-04T11:14:30.010Z","2026-09-04T11:14:40.009Z","True","15000","15001",,"0","0","0","1",,,,"435521",,"15002","95","6908","0.089999999999999997"
"q5k-t5k-s5k-r02","server","latency-server","2026-09-04T11:14:40.009Z","2026-09-04T11:14:50.003Z","True","15000","15001",,"0","0","0","1",,,,"435781",,"15011","102","9063","0.11"
"q5k-t5k-s5k-r02","server","latency-server","2026-09-04T11:14:50.003Z","2026-09-04T11:15:00.013Z","True","15000","15001",,"0","0","0","1",,,,"434999",,"14984","89","6259","0.10000000000000001"
"q5k-t5k-s5k-r02","server","latency-server","2026-09-04T11:15:00.013Z","2026-09-04T11:15:10.017Z","True","15000","15001",,"0","0","0","1",,,,"435302",,"14995","89","7027","0.089999999999999997"
"q5k-t5k-s5k-r02","server","latency-server","2026-09-04T11:15:10.017Z","2026-09-04T11:15:20.008Z","True","15000","15001",,"0","0","0","1",,,,"435870",,"15014","95","7940","0.11"
"q5k-t5k-s5k-r02","server","latency-server","2026-09-04T11:15:20.008Z","2026-09-04T11:15:30.014Z","True","15000","15001",,"0","0","0","1",,,,"435258",,"14993","95","7524","0.089999999999999997"
"q5k-t5k-s5k-r02","server","latency-server","2026-09-04T11:15:30.014Z","2026-09-04T11:15:40.011Z","True","15000","15001",,"0","0","0","1",,,,"435565",,"15004","99","7420","0.089999999999999997"
"q5k-t5k-s5k-r02","server","latency-server","2026-09-04T11:15:40.011Z","2026-09-04T11:15:50.011Z","True","15000","15001",,"0","0","0","1",,,,"435476",,"15001","96","7532","0.089999999999999997"
"q5k-t5k-s5k-r02","server","latency-server","2026-09-04T11:15:50.011Z","2026-09-04T11:16:00.013Z","True","15000","15001",,"0","0","0","1",,,,"435434",,"14999","92","7680","0.11"
"q5k-t5k-s5k-r02","server","latency-server","2026-09-04T11:16:00.013Z","2026-09-04T11:16:10.024Z","True","15000","15001",,"0","0","0","1",,,,"434954",,"14983","98","8789","0.11"
"q5k-t5k-s5k-r02","server","latency-server","2026-09-04T11:16:10.024Z","2026-09-04T11:16:20.011Z","True","15000","15001",,"0","0","0","1",,,,"436045",,"15020","88","7034","0.11"
"q5k-t5k-s5k-r02","server","latency-server","2026-09-04T11:16:20.011Z","2026-09-04T11:16:30.002Z","True","15000","15001",,"0","0","0","1",,,,"435912",,"15016","99","7806","0.11"
"q5k-t5k-s5k-r02","server","latency-server","2026-09-04T11:16:30.002Z","2026-09-04T11:16:40.011Z","True","15000","15001",,"0","0","0","1",,,,"435129",,"14989","97","8321","0.12"
"q5k-t5k-s5k-r02","server","latency-server","2026-09-04T11:16:40.011Z","2026-09-04T11:16:50.003Z","True","15000","15001",,"0","0","0","1",,,,"435737",,"15010","92","7105","0.11"
"q5k-t5k-s5k-r02","server","latency-server","2026-09-04T11:16:50.003Z","2026-09-04T11:17:00.017Z","True","15000","15001",,"0","0","0","1",,,,"434912",,"14981","104","7439","0.10000000000000001"
"q5k-t5k-s5k-r02","server","latency-server","2026-09-04T11:17:00.017Z","2026-09-04T11:17:10.012Z","True","15000","15001",,"0","0","0","1",,,,"435650",,"15007","96","7266","0.11"
"q5k-t5k-s5k-r02","server","latency-server","2026-09-04T11:17:10.012Z","2026-09-04T11:17:20.008Z","True","15000","15001",,"0","0","0","1",,,,"435695",,"15008","96","7738","0.13"
"q5k-t5k-s5k-r02","server","latency-server","2026-09-04T11:17:20.008Z","2026-09-04T11:17:30.002Z","True","15000","15001",,"0","0","0","1",,,,"435737",,"15010","100","7169","0.13"
"q5k-t5k-s5k-r02","server","latency-server","2026-09-04T11:17:30.002Z","2026-09-04T11:17:40.008Z","True","15000","15001",,"0","0","0","1",,,,"435170",,"14990","95","6989","0.10000000000000001"
"q5k-t5k-s5k-r02","server","latency-server","2026-09-04T11:17:40.008Z","2026-09-04T11:17:50.003Z","True","15000","15001",,"0","0","0","1",,,,"435723",,"15010","102","6919","0.11"
"q5k-t5k-s5k-r02","server","latency-server","2026-09-04T11:17:50.003Z","2026-09-04T11:18:00.014Z","True","15000","15001",,"0","0","0","1",,,,"434942",,"14983","90","6951","0.12"
"q5k-t5k-s5k-r02","server","latency-server","2026-09-04T11:18:00.014Z","2026-09-04T11:18:10.013Z","True","15000","15001",,"0","0","0","1",,,,"435506",,"15002","99","7889","0.12"
"q5k-t5k-s5k-r02","server","latency-server","2026-09-04T11:18:10.013Z","2026-09-04T11:18:20.011Z","True","15000","15001",,"0","0","0","1",,,,"435551",,"15004","99","8127","0.13"
"q5k-t5k-s5k-r02","server","latency-server","2026-09-04T11:18:20.011Z","2026-09-04T11:18:30.010Z","True","15000","15001",,"0","0","0","1",,,,"435506",,"15002","101","7252","0.11"
"q5k-t5k-s5k-r02","server","latency-server","2026-09-04T11:18:30.010Z","2026-09-04T11:18:40.013Z","True","15000","15001",,"0","0","0","1",,,,"435333",,"14996","101","7028","0.10000000000000001"
"q5k-t5k-s5k-r02","server","latency-server","2026-09-04T11:18:40.013Z","2026-09-04T11:18:50.002Z","True","15000","15001",,"0","0","0","1",,,,"435941",,"15017","95","7584","0.11"
"q5k-t5k-s5k-r02","server","latency-server","2026-09-04T11:18:50.002Z","2026-09-04T11:19:00.010Z","True","15000","15001",,"0","0","0","1",,,,"435116",,"14989","97","6456","0.11"
"q5k-t5k-s5k-r02","server","latency-server","2026-09-04T11:19:00.010Z","2026-09-04T11:19:10.002Z","True","15000","15001",,"0","0","0","1",,,,"435810",,"15013","97","8251","0.12"
"q5k-t5k-s5k-r02","server","latency-server","2026-09-04T11:19:10.002Z","2026-09-04T11:19:20.010Z","True","15000","15001",,"0","0","0","1",,,,"435116",,"14989","88","9480","0.12"
"q5k-t5k-s5k-r02","server","latency-server","2026-09-04T11:19:20.010Z","2026-09-04T11:19:30.010Z","True","15000","15001",,"0","0","0","1",,,,"435462",,"15001","99","6827","0.10000000000000001"
"q5k-t5k-s5k-r02","server","latency-server","2026-09-04T11:19:30.010Z","2026-09-04T11:19:40.009Z","True","15000","15001",,"0","0","0","1",,,,"435551",,"15004","98","7622","0.11"
"q5k-t5k-s5k-r02","server","latency-server","2026-09-04T11:19:40.009Z","2026-09-04T11:19:50.019Z","True","15000","15001",,"0","0","0","1",,,,"434983",,"14984","96","7553","0.12"
"q5k-t5k-s5k-r02","server","latency-server","2026-09-04T11:19:50.019Z","2026-09-04T11:20:00.002Z","True","15000","15001",,"0","0","0","1",,,,"436215",,"15026","88","8507","0.12"
"q5k-t5k-s5k-r02","server","latency-server","2026-09-04T11:20:00.002Z","2026-09-04T11:20:10.001Z","True","15000","15001",,"0","0","0","1",,,,"435519",,"15002","91","9513","0.11"
"q5k-t5k-s5k-r02","server","latency-server","2026-09-04T11:20:10.001Z","2026-09-04T11:20:20.010Z","True","15000","15001",,"0","0","0","1",,,,"435086",,"14987","99","8702","0.11"
"q5k-t5k-s5k-r02","server","latency-server","2026-09-04T11:20:20.010Z","2026-09-04T11:20:30.006Z","True","15000","15001",,"0","0","0","1",,,,"435646",,"15007","64","6595","0.10000000000000001"
"q5k-t5k-s5k-r02","server","latency-server","2026-09-04T11:20:30.006Z","2026-09-04T11:20:40.007Z","True","15000","15001",,"0","0","0","1",,,,"435429",,"14999","63","6089","0.080000000000000002"
"q5k-t5k-s5k-r02","server","latency-server","2026-09-04T11:20:40.007Z","2026-09-04T11:20:50.010Z","True","15000","15001",,"0","0","0","1",,,,"435343",,"14996","78","6352","0.11"
"q5k-t5k-s5k-r02","server","latency-server","2026-09-04T11:20:50.010Z","2026-09-04T11:21:00.010Z","True","15000","15001",,"0","0","0","1",,,,"435478",,"15001","100","7598","0.10000000000000001"
"q5k-t5k-s5k-r02","server","latency-server","2026-09-04T11:21:00.010Z","2026-09-04T11:21:10.006Z","True","15000","15001",,"0","0","0","1",,,,"435650",,"15007","100","8935","0.10000000000000001"
"q5k-t5k-s5k-r02","server","latency-server","2026-09-04T11:21:10.006Z","2026-09-04T11:21:20.002Z","True","15000","15001",,"0","0","0","1",,,,"435695",,"15008","104","7462","0.13"
"q5k-t5k-s5k-r03","client","latency-client","2026-09-04T12:33:20.011Z","2026-09-04T12:33:30.011Z","False","15000","15001",,"0","0","0","476155",,"16588","7910","19083","2369",,,"6830","2.5899999999999999"
"q5k-t5k-s5k-r03","client","latency-client","2026-09-04T12:33:30.011Z","2026-09-04T12:33:40.008Z","False","15000","15001",,"0","0","0","430555",,"15004","3578","1",,,,"3481","0.089999999999999997"
"q5k-t5k-s5k-r03","client","latency-client","2026-09-04T12:33:40.008Z","2026-09-04T12:33:50.004Z","False","15000","15001",,"0","0","0","430640",,"15007","4507","1",,,,"4435","0.059999999999999998"
"q5k-t5k-s5k-r03","client","latency-client","2026-09-04T12:33:50.004Z","2026-09-04T12:34:00.003Z","False","15000","15001",,"0","0","0","430511",,"15002","4413","1",,,,"4339","0.059999999999999998"
"q5k-t5k-s5k-r03","client","latency-client","2026-09-04T12:34:00.003Z","2026-09-04T12:34:10.002Z","False","15000","15001",,"0","0","0","430509",,"15002","3059","1",,,,"2993","0.070000000000000007"
"q5k-t5k-s5k-r03","client","latency-client","2026-09-04T12:34:10.002Z","2026-09-04T12:34:20.012Z","False","15000","15001",,"0","0","0","430037",,"14986","2631","1",,,,"2558","0.059999999999999998"
"q5k-t5k-s5k-r03","client","latency-client","2026-09-04T12:34:20.012Z","2026-09-04T12:34:30.007Z","False","15000","15001",,"0","0","0","432687",,"15008","2725","1",,,,"2652","0.040000000000000001"
"q5k-t5k-s5k-r03","client","latency-client","2026-09-04T12:34:30.007Z","2026-09-04T12:34:40.010Z","True","15000","15001",,"0","0","0","435344",,"14996","2976","1",,,,"2903","0.11"
"q5k-t5k-s5k-r03","client","latency-client","2026-09-04T12:34:40.010Z","2026-09-04T12:34:50.006Z","True","15000","15001",,"0","0","0","435652",,"15007","2642","1",,,,"2568","0.070000000000000007"
"q5k-t5k-s5k-r03","client","latency-client","2026-09-04T12:34:50.006Z","2026-09-04T12:35:00.001Z","True","15000","15001",,"0","0","0","435692",,"15008","2649","1",,,,"2575","0.080000000000000002"
"q5k-t5k-s5k-r03","client","latency-client","2026-09-04T12:35:00.001Z","2026-09-04T12:35:10.012Z","True","15000","15001",,"0","0","0","434997",,"14984","2942","1",,,,"2870","0.12"
"q5k-t5k-s5k-r03","client","latency-client","2026-09-04T12:35:10.012Z","2026-09-04T12:35:20.014Z","True","15000","15001",,"0","0","0","435388",,"14998","2728","1",,,,"2654","0.089999999999999997"
"q5k-t5k-s5k-r03","client","latency-client","2026-09-04T12:35:20.014Z","2026-09-04T12:35:30.009Z","True","15000","15001",,"0","0","0","435693",,"15008","2887","1",,,,"2816","0.10000000000000001"
"q5k-t5k-s5k-r03","client","latency-client","2026-09-04T12:35:30.009Z","2026-09-04T12:35:40.008Z","True","15000","15001",,"0","0","0","435517",,"15002","3130","1",,,,"3058","0.080000000000000002"
"q5k-t5k-s5k-r03","client","latency-client","2026-09-04T12:35:40.008Z","2026-09-04T12:35:50.007Z","True","15000","15001",,"0","0","0","435520",,"15002","2681","1",,,,"2609","0.10000000000000001"
"q5k-t5k-s5k-r03","client","latency-client","2026-09-04T12:35:50.007Z","2026-09-04T12:36:00.014Z","True","15000","15001",,"0","0","0","435169",,"14990","2753","1",,,,"2680","0.070000000000000007"
"q5k-t5k-s5k-r03","client","latency-client","2026-09-04T12:36:00.014Z","2026-09-04T12:36:10.015Z","True","15000","15001",,"0","0","0","435433",,"14999","2799","1",,,,"2726","0.11"
"q5k-t5k-s5k-r03","client","latency-client","2026-09-04T12:36:10.015Z","2026-09-04T12:36:20.003Z","True","15000","15001",,"0","0","0","435997",,"15019","2760","1",,,,"2687","0.10000000000000001"
"q5k-t5k-s5k-r03","client","latency-client","2026-09-04T12:36:20.003Z","2026-09-04T12:36:30.005Z","True","15000","15001",,"0","0","0","435388",,"14998","2868","1",,,,"2800","0.080000000000000002"
"q5k-t5k-s5k-r03","client","latency-client","2026-09-04T12:36:30.005Z","2026-09-04T12:36:40.002Z","True","15000","15001",,"0","0","0","435604",,"15005","2800","1",,,,"2727","0.10000000000000001"
"q5k-t5k-s5k-r03","client","latency-client","2026-09-04T12:36:40.002Z","2026-09-04T12:36:50.000Z","True","15000","15001",,"0","0","0","435563",,"15004","2945","1",,,,"2873","0.12"
"q5k-t5k-s5k-r03","client","latency-client","2026-09-04T12:36:50.000Z","2026-09-04T12:37:00.010Z","True","15000","15001",,"0","0","0","435039",,"14986","2815","1",,,,"2743","0.080000000000000002"
"q5k-t5k-s5k-r03","client","latency-client","2026-09-04T12:37:00.010Z","2026-09-04T12:37:10.013Z","True","15000","15001",,"0","0","0","435345",,"14996","2726","1",,,,"2655","0.080000000000000002"
"q5k-t5k-s5k-r03","client","latency-client","2026-09-04T12:37:10.013Z","2026-09-04T12:37:20.008Z","True","15000","15001",,"0","0","0","435692",,"15008","2823","1",,,,"2750","0.070000000000000007"
"q5k-t5k-s5k-r03","client","latency-client","2026-09-04T12:37:20.008Z","2026-09-04T12:37:30.013Z","True","15000","15001",,"0","0","0","435257",,"14993","2817","1",,,,"2746","0.089999999999999997"
"q5k-t5k-s5k-r03","client","latency-client","2026-09-04T12:37:30.013Z","2026-09-04T12:37:40.001Z","True","15000","15001",,"0","0","0","435996",,"15019","2848","1",,,,"2778","0.11"
"q5k-t5k-s5k-r03","client","latency-client","2026-09-04T12:37:40.001Z","2026-09-04T12:37:50.004Z","True","15000","15001",,"0","0","0","435345",,"14996","2892","1",,,,"2822","0.13"
"q5k-t5k-s5k-r03","client","latency-client","2026-09-04T12:37:50.004Z","2026-09-04T12:38:00.002Z","True","15000","15001",,"0","0","0","435561",,"15004","2852","1",,,,"2780","0.080000000000000002"
"q5k-t5k-s5k-r03","client","latency-client","2026-09-04T12:38:00.002Z","2026-09-04T12:38:10.011Z","True","15000","15001",,"0","0","0","435085",,"14987","2698","1",,,,"2625","0.059999999999999998"
"q5k-t5k-s5k-r03","client","latency-client","2026-09-04T12:38:10.011Z","2026-09-04T12:38:20.013Z","True","15000","15001",,"0","0","0","435387",,"14998","2749","1",,,,"2677","0.080000000000000002"
"q5k-t5k-s5k-r03","client","latency-client","2026-09-04T12:38:20.013Z","2026-09-04T12:38:30.013Z","True","15000","15001",,"0","0","0","435476",,"15001","2751","1",,,,"2679","0.089999999999999997"
"q5k-t5k-s5k-r03","client","latency-client","2026-09-04T12:38:30.013Z","2026-09-04T12:38:40.014Z","True","15000","15001",,"0","0","0","435430",,"14999","2750","1",,,,"2678","0.080000000000000002"
"q5k-t5k-s5k-r03","client","latency-client","2026-09-04T12:38:40.014Z","2026-09-04T12:38:50.014Z","True","15000","15001",,"0","0","0","435476",,"15001","2791","1",,,,"2719","0.050000000000000003"
"q5k-t5k-s5k-r03","client","latency-client","2026-09-04T12:38:50.014Z","2026-09-04T12:39:00.013Z","True","15000","15001",,"0","0","0","435517",,"15002","2889","1",,,,"2817","0.050000000000000003"
"q5k-t5k-s5k-r03","client","latency-client","2026-09-04T12:39:00.013Z","2026-09-04T12:39:10.004Z","True","15000","15001",,"0","0","0","435868",,"15014","2926","1",,,,"2854","0.029999999999999999"
"q5k-t5k-s5k-r03","client","latency-client","2026-09-04T12:39:10.004Z","2026-09-04T12:39:20.008Z","True","15000","15001",,"0","0","0","435301",,"14995","2832","1",,,,"2760","0.089999999999999997"
"q5k-t5k-s5k-r03","client","latency-client","2026-09-04T12:39:20.008Z","2026-09-04T12:39:30.002Z","True","15000","15001",,"0","0","0","435738",,"15010","2762","1",,,,"2688","0.059999999999999998"
"q5k-t5k-s5k-r03","client","latency-client","2026-09-04T12:39:30.002Z","2026-09-04T12:39:40.011Z","True","15000","15001",,"0","0","0","435082",,"14987","2949","1",,,,"2878","0.059999999999999998"
"q5k-t5k-s5k-r03","client","latency-client","2026-09-04T12:39:40.011Z","2026-09-04T12:39:50.001Z","True","15000","15001",,"0","0","0","435911",,"15016","2748","1",,,,"2678","0.070000000000000007"
"q5k-t5k-s5k-r03","client","latency-client","2026-09-04T12:39:50.001Z","2026-09-04T12:40:00.012Z","True","15000","15001",,"0","0","0","434996",,"14984","2783","1",,,,"2709","0.080000000000000002"
"q5k-t5k-s5k-r03","client","latency-client","2026-09-04T12:40:00.012Z","2026-09-04T12:40:10.010Z","True","15000","15001",,"0","0","0","435564",,"15004","2815","1",,,,"2742","0.080000000000000002"
"q5k-t5k-s5k-r03","client","latency-client","2026-09-04T12:40:10.010Z","2026-09-04T12:40:20.013Z","True","15000","15001",,"0","0","0","435343",,"14996","2873","1",,,,"2802","0.070000000000000007"
"q5k-t5k-s5k-r03","client","latency-client","2026-09-04T12:40:20.013Z","2026-09-04T12:40:30.013Z","True","15000","15001",,"0","0","0","435475",,"15001","2870","1",,,,"2799","0.080000000000000002"
"q5k-t5k-s5k-r03","client","latency-client","2026-09-04T12:40:30.013Z","2026-09-04T12:40:40.002Z","True","15000","15001",,"0","0","0","435954",,"15017","2835","1",,,,"2762","0.050000000000000003"
"q5k-t5k-s5k-r03","client","latency-client","2026-09-04T12:40:40.002Z","2026-09-04T12:40:50.002Z","True","15000","15001",,"0","0","0","435473",,"15001","3008","1",,,,"2940","0.059999999999999998"
"q5k-t5k-s5k-r03","client","latency-client","2026-09-04T12:40:50.002Z","2026-09-04T12:41:00.008Z","True","15000","15001",,"0","0","0","435213",,"14992","3678","1",,,,"3605","0.10000000000000001"
"q5k-t5k-s5k-r03","client","latency-client","2026-09-04T12:41:00.008Z","2026-09-04T12:41:10.010Z","True","15000","15001",,"0","0","0","435389",,"14998","2696","1",,,,"2624","0.089999999999999997"
"q5k-t5k-s5k-r03","client","latency-client","2026-09-04T12:41:10.010Z","2026-09-04T12:41:20.012Z","True","15000","15001",,"0","0","0","435387",,"14998","3044","1",,,,"2972","0.070000000000000007"
"q5k-t5k-s5k-r03","client","latency-client","2026-09-04T12:41:20.012Z","2026-09-04T12:41:30.006Z","True","15000","15001",,"0","0","0","435737",,"15010","2957","1",,,,"2886","0.11"
"q5k-t5k-s5k-r03","client","latency-client","2026-09-04T12:41:30.006Z","2026-09-04T12:41:40.013Z","True","15000","15001",,"0","0","0","435170",,"14990","3819","1",,,,"3747","0.059999999999999998"
"q5k-t5k-s5k-r03","client","latency-client","2026-09-04T12:41:40.013Z","2026-09-04T12:41:50.013Z","True","15000","15001",,"0","0","0","435476",,"15001","3326","1",,,,"3253","0.089999999999999997"
"q5k-t5k-s5k-r03","client","latency-client","2026-09-04T12:41:50.013Z","2026-09-04T12:42:00.000Z","True","15000","15001",,"0","0","0","436040",,"15020","3858","1",,,,"3787","0.10000000000000001"
"q5k-t5k-s5k-r03","client","latency-client","2026-09-04T12:42:00.000Z","2026-09-04T12:42:10.017Z","True","15000","15001",,"0","0","0","434737",,"14975","3756","1",,,,"3683","0.059999999999999998"
"q5k-t5k-s5k-r03","client","latency-client","2026-09-04T12:42:10.017Z","2026-09-04T12:42:20.009Z","True","15000","15001",,"0","0","0","435822",,"15013","3399","1",,,,"3329","0.089999999999999997"
"q5k-t5k-s5k-r03","client","latency-client","2026-09-04T12:42:20.009Z","2026-09-04T12:42:30.007Z","True","15000","15001",,"0","0","0","435563",,"15004","3898","1",,,,"3826","0.070000000000000007"
"q5k-t5k-s5k-r03","client","latency-client","2026-09-04T12:42:30.007Z","2026-09-04T12:42:40.008Z","True","15000","15001",,"0","0","0","435430",,"14999","3757","1",,,,"3686","0.080000000000000002"
"q5k-t5k-s5k-r03","client","latency-client","2026-09-04T12:42:40.008Z","2026-09-04T12:42:50.007Z","True","15000","15001",,"0","0","0","435519",,"15002","3077","1",,,,"3006","0.059999999999999998"
"q5k-t5k-s5k-r03","client","latency-client","2026-09-04T12:42:50.007Z","2026-09-04T12:43:00.004Z","True","15000","15001",,"0","0","0","435604",,"15005","3961","1",,,,"3889","0.089999999999999997"
"q5k-t5k-s5k-r03","client","latency-client","2026-09-04T12:43:00.004Z","2026-09-04T12:43:10.016Z","True","15000","15001",,"0","0","0","434953",,"14983","3804","1",,,,"3733","0.11"
"q5k-t5k-s5k-r03","client","latency-client","2026-09-04T12:43:10.016Z","2026-09-04T12:43:20.001Z","True","15000","15001",,"0","0","0","436129",,"15023","3208","1",,,,"3135","0.080000000000000002"
"q5k-t5k-s5k-r03","client","latency-client","2026-09-04T12:43:20.001Z","2026-09-04T12:43:30.003Z","True","15000","15001",,"0","0","0","435390",,"14998","3520","1",,,,"3446","0.089999999999999997"
"q5k-t5k-s5k-r03","client","latency-client","2026-09-04T12:43:30.003Z","2026-09-04T12:43:40.011Z","True","15000","15001",,"0","0","0","435125",,"14989","3681","1",,,,"3611","0.059999999999999998"
"q5k-t5k-s5k-r03","client","latency-client","2026-09-04T12:43:40.011Z","2026-09-04T12:43:50.003Z","True","15000","15001",,"0","0","0","435824",,"15013","3715","1",,,,"3645","0.070000000000000007"
"q5k-t5k-s5k-r03","client","latency-client","2026-09-04T12:43:50.003Z","2026-09-04T12:44:00.001Z","True","15000","15001",,"0","0","0","435561",,"15004","3464","1",,,,"3393","0.070000000000000007"
"q5k-t5k-s5k-r03","client","latency-client","2026-09-04T12:44:00.001Z","2026-09-04T12:44:10.008Z","True","15000","15001",,"0","0","0","435171",,"14990","3705","1",,,,"3635","0.070000000000000007"
"q5k-t5k-s5k-r03","client","latency-client","2026-09-04T12:44:10.008Z","2026-09-04T12:44:20.009Z","True","15000","15001",,"0","0","0","435430",,"14999","3895","1",,,,"3824","0.059999999999999998"
"q5k-t5k-s5k-r03","server","latency-server","2026-09-04T12:33:20.010Z","2026-09-04T12:33:30.010Z","False","15000","15001",,"0","0","0","8380","1040",,,"209106",,"7285","105","6281","1.1299999999999999"
"q5k-t5k-s5k-r03","server","latency-server","2026-09-04T12:33:30.010Z","2026-09-04T12:33:40.008Z","False","15000","15001",,"0","0","0","1",,,,"430555",,"15004","96","8614","0.089999999999999997"
"q5k-t5k-s5k-r03","server","latency-server","2026-09-04T12:33:40.008Z","2026-09-04T12:33:50.004Z","False","15000","15001",,"0","0","0","1",,,,"430640",,"15007","72","8015","0.080000000000000002"
"q5k-t5k-s5k-r03","server","latency-server","2026-09-04T12:33:50.004Z","2026-09-04T12:34:00.003Z","False","15000","15001",,"0","0","0","1",,,,"430511",,"15002","74","5983","0.080000000000000002"
"q5k-t5k-s5k-r03","server","latency-server","2026-09-04T12:34:00.003Z","2026-09-04T12:34:10.002Z","False","15000","15001",,"0","0","0","1",,,,"430509",,"15002","66","4543","0.070000000000000007"
"q5k-t5k-s5k-r03","server","latency-server","2026-09-04T12:34:10.002Z","2026-09-04T12:34:20.012Z","False","15000","15001",,"0","0","0","1",,,,"430037",,"14986","74","4812","0.10000000000000001"
"q5k-t5k-s5k-r03","server","latency-server","2026-09-04T12:34:20.012Z","2026-09-04T12:34:30.007Z","False","15000","15001",,"0","0","0","1",,,,"432687",,"15008","73","3940","0.059999999999999998"
"q5k-t5k-s5k-r03","server","latency-server","2026-09-04T12:34:30.007Z","2026-09-04T12:34:40.010Z","True","15000","15001",,"0","0","0","1",,,,"435344",,"14996","73","4324","0.080000000000000002"
"q5k-t5k-s5k-r03","server","latency-server","2026-09-04T12:34:40.010Z","2026-09-04T12:34:50.006Z","True","15000","15001",,"0","0","0","1",,,,"435652",,"15007","75","3826","0.070000000000000007"
"q5k-t5k-s5k-r03","server","latency-server","2026-09-04T12:34:50.006Z","2026-09-04T12:35:00.001Z","True","15000","15001",,"0","0","0","1",,,,"435692",,"15008","74","3653","0.080000000000000002"
"q5k-t5k-s5k-r03","server","latency-server","2026-09-04T12:35:00.001Z","2026-09-04T12:35:10.012Z","True","15000","15001",,"0","0","0","1",,,,"434997",,"14984","72","6945","0.070000000000000007"
"q5k-t5k-s5k-r03","server","latency-server","2026-09-04T12:35:10.012Z","2026-09-04T12:35:20.014Z","True","15000","15001",,"0","0","0","1",,,,"435388",,"14998","74","9070","0.080000000000000002"
"q5k-t5k-s5k-r03","server","latency-server","2026-09-04T12:35:20.014Z","2026-09-04T12:35:30.009Z","True","15000","15001",,"0","0","0","1",,,,"435693",,"15008","71","4652","0.089999999999999997"
"q5k-t5k-s5k-r03","server","latency-server","2026-09-04T12:35:30.009Z","2026-09-04T12:35:40.008Z","True","15000","15001",,"0","0","0","1",,,,"435517",,"15002","72","4822","0.080000000000000002"
"q5k-t5k-s5k-r03","server","latency-server","2026-09-04T12:35:40.008Z","2026-09-04T12:35:50.008Z","True","15000","15001",,"0","0","0","1",,,,"435476",,"15001","72","4183","0.080000000000000002"
"q5k-t5k-s5k-r03","server","latency-server","2026-09-04T12:35:50.008Z","2026-09-04T12:36:00.014Z","True","15000","15001",,"0","0","0","1",,,,"435213",,"14992","72","3861","0.070000000000000007"
"q5k-t5k-s5k-r03","server","latency-server","2026-09-04T12:36:00.014Z","2026-09-04T12:36:10.015Z","True","15000","15001",,"0","0","0","1",,,,"435433",,"14999","73","4219","0.080000000000000002"
"q5k-t5k-s5k-r03","server","latency-server","2026-09-04T12:36:10.015Z","2026-09-04T12:36:20.003Z","True","15000","15001",,"0","0","0","1",,,,"435997",,"15019","73","4179","0.10000000000000001"
"q5k-t5k-s5k-r03","server","latency-server","2026-09-04T12:36:20.003Z","2026-09-04T12:36:30.005Z","True","15000","15001",,"0","0","0","1",,,,"435388",,"14998","69","3768","0.10000000000000001"
"q5k-t5k-s5k-r03","server","latency-server","2026-09-04T12:36:30.005Z","2026-09-04T12:36:40.002Z","True","15000","15001",,"0","0","0","1",,,,"435604",,"15005","73","4029","0.080000000000000002"
"q5k-t5k-s5k-r03","server","latency-server","2026-09-04T12:36:40.002Z","2026-09-04T12:36:50.016Z","True","15000","15001",,"0","0","0","1",,,,"434867",,"14980","72","4738","0.070000000000000007"
"q5k-t5k-s5k-r03","server","latency-server","2026-09-04T12:36:50.016Z","2026-09-04T12:37:00.010Z","True","15000","15001",,"0","0","0","1",,,,"435735",,"15010","72","4736","0.089999999999999997"
"q5k-t5k-s5k-r03","server","latency-server","2026-09-04T12:37:00.010Z","2026-09-04T12:37:10.014Z","True","15000","15001",,"0","0","0","1",,,,"435345",,"14996","71","3722","0.080000000000000002"
"q5k-t5k-s5k-r03","server","latency-server","2026-09-04T12:37:10.014Z","2026-09-04T12:37:20.008Z","True","15000","15001",,"0","0","0","1",,,,"435692",,"15008","73","4142","0.10000000000000001"
"q5k-t5k-s5k-r03","server","latency-server","2026-09-04T12:37:20.008Z","2026-09-04T12:37:30.014Z","True","15000","15001",,"0","0","0","1",,,,"435257",,"14993","72","4097","0.089999999999999997"
"q5k-t5k-s5k-r03","server","latency-server","2026-09-04T12:37:30.014Z","2026-09-04T12:37:40.001Z","True","15000","15001",,"0","0","0","1",,,,"435996",,"15019","70","3943","0.070000000000000007"
"q5k-t5k-s5k-r03","server","latency-server","2026-09-04T12:37:40.001Z","2026-09-04T12:37:50.004Z","True","15000","15001",,"0","0","0","1",,,,"435345",,"14996","71","3666","0.089999999999999997"
"q5k-t5k-s5k-r03","server","latency-server","2026-09-04T12:37:50.004Z","2026-09-04T12:38:00.008Z","True","15000","15001",,"0","0","0","1",,,,"435300",,"14995","72","3868","0.059999999999999998"
"q5k-t5k-s5k-r03","server","latency-server","2026-09-04T12:38:00.008Z","2026-09-04T12:38:10.011Z","True","15000","15001",,"0","0","0","1",,,,"435346",,"14996","73","4096","0.089999999999999997"
"q5k-t5k-s5k-r03","server","latency-server","2026-09-04T12:38:10.011Z","2026-09-04T12:38:20.013Z","True","15000","15001",,"0","0","0","1",,,,"435387",,"14998","72","4312","0.070000000000000007"
"q5k-t5k-s5k-r03","server","latency-server","2026-09-04T12:38:20.013Z","2026-09-04T12:38:30.019Z","True","15000","15001",,"0","0","0","1",,,,"435215",,"14992","72","4270","0.10000000000000001"
"q5k-t5k-s5k-r03","server","latency-server","2026-09-04T12:38:30.019Z","2026-09-04T12:38:40.015Z","True","15000","15001",,"0","0","0","1",,,,"435648",,"15007","71","4234","0.070000000000000007"
"q5k-t5k-s5k-r03","server","latency-server","2026-09-04T12:38:40.015Z","2026-09-04T12:38:50.014Z","True","15000","15001",,"0","0","0","1",,,,"435519",,"15002","72","3837","0.089999999999999997"
"q5k-t5k-s5k-r03","server","latency-server","2026-09-04T12:38:50.014Z","2026-09-04T12:39:00.018Z","True","15000","15001",,"0","0","0","1",,,,"435300",,"14995","72","4382","0.070000000000000007"
"q5k-t5k-s5k-r03","server","latency-server","2026-09-04T12:39:00.018Z","2026-09-04T12:39:10.009Z","True","15000","15001",,"0","0","0","1",,,,"435868",,"15014","72","4691","0.080000000000000002"
"q5k-t5k-s5k-r03","server","latency-server","2026-09-04T12:39:10.009Z","2026-09-04T12:39:20.008Z","True","15000","15001",,"0","0","0","1",,,,"435518",,"15002","72","4246","0.089999999999999997"
"q5k-t5k-s5k-r03","server","latency-server","2026-09-04T12:39:20.008Z","2026-09-04T12:39:30.003Z","True","15000","15001",,"0","0","0","1",,,,"435695",,"15008","73","4196","0.089999999999999997"
"q5k-t5k-s5k-r03","server","latency-server","2026-09-04T12:39:30.003Z","2026-09-04T12:39:40.011Z","True","15000","15001",,"0","0","0","1",,,,"435125",,"14989","71","4329","0.089999999999999997"
"q5k-t5k-s5k-r03","server","latency-server","2026-09-04T12:39:40.011Z","2026-09-04T12:39:50.006Z","True","15000","15001",,"0","0","0","1",,,,"435693",,"15008","69","4532","0.11"
"q5k-t5k-s5k-r03","server","latency-server","2026-09-04T12:39:50.006Z","2026-09-04T12:40:00.013Z","True","15000","15001",,"0","0","0","1",,,,"435214",,"14992","74","3833","0.080000000000000002"
"q5k-t5k-s5k-r03","server","latency-server","2026-09-04T12:40:00.013Z","2026-09-04T12:40:10.011Z","True","15000","15001",,"0","0","0","1",,,,"435564",,"15004","72","3951","0.10000000000000001"
"q5k-t5k-s5k-r03","server","latency-server","2026-09-04T12:40:10.011Z","2026-09-04T12:40:20.014Z","True","15000","15001",,"0","0","0","1",,,,"435343",,"14996","71","4690","0.089999999999999997"
"q5k-t5k-s5k-r03","server","latency-server","2026-09-04T12:40:20.014Z","2026-09-04T12:40:30.018Z","True","15000","15001",,"0","0","0","1",,,,"435257",,"14993","71","4521","0.089999999999999997"
"q5k-t5k-s5k-r03","server","latency-server","2026-09-04T12:40:30.018Z","2026-09-04T12:40:40.003Z","True","15000","15001",,"0","0","0","1",,,,"436173",,"15025","73","4768","0.11"
"q5k-t5k-s5k-r03","server","latency-server","2026-09-04T12:40:40.003Z","2026-09-04T12:40:50.007Z","True","15000","15001",,"0","0","0","1",,,,"435255",,"14993","68","4235","0.10000000000000001"
"q5k-t5k-s5k-r03","server","latency-server","2026-09-04T12:40:50.007Z","2026-09-04T12:41:00.013Z","True","15000","15001",,"0","0","0","1",,,,"435213",,"14992","73","4132","0.11"
"q5k-t5k-s5k-r03","server","latency-server","2026-09-04T12:41:00.013Z","2026-09-04T12:41:10.011Z","True","15000","15001",,"0","0","0","1",,,,"435607",,"15005","73","3726","0.089999999999999997"
"q5k-t5k-s5k-r03","server","latency-server","2026-09-04T12:41:10.011Z","2026-09-04T12:41:20.017Z","True","15000","15001",,"0","0","0","1",,,,"435169",,"14990","71","3908","0.059999999999999998"
"q5k-t5k-s5k-r03","server","latency-server","2026-09-04T12:41:20.017Z","2026-09-04T12:41:30.006Z","True","15000","15001",,"0","0","0","1",,,,"435955",,"15017","71","4798","0.080000000000000002"
"q5k-t5k-s5k-r03","server","latency-server","2026-09-04T12:41:30.006Z","2026-09-04T12:41:40.013Z","True","15000","15001",,"0","0","0","1",,,,"435170",,"14990","71","4845","0.080000000000000002"
"q5k-t5k-s5k-r03","server","latency-server","2026-09-04T12:41:40.013Z","2026-09-04T12:41:50.014Z","True","15000","15001",,"0","0","0","1",,,,"435476",,"15001","73","4351","0.089999999999999997"
"q5k-t5k-s5k-r03","server","latency-server","2026-09-04T12:41:50.014Z","2026-09-04T12:42:00.000Z","True","15000","15001",,"0","0","0","1",,,,"436040",,"15020","70","4343","0.080000000000000002"
"q5k-t5k-s5k-r03","server","latency-server","2026-09-04T12:42:00.000Z","2026-09-04T12:42:10.017Z","True","15000","15001",,"0","0","0","1",,,,"434737",,"14975","73","4709","0.080000000000000002"
"q5k-t5k-s5k-r03","server","latency-server","2026-09-04T12:42:10.017Z","2026-09-04T12:42:20.010Z","True","15000","15001",,"0","0","0","1",,,,"435822",,"15013","70","4528","0.080000000000000002"
"q5k-t5k-s5k-r03","server","latency-server","2026-09-04T12:42:20.010Z","2026-09-04T12:42:30.007Z","True","15000","15001",,"0","0","0","1",,,,"435563",,"15004","72","4612","0.080000000000000002"
"q5k-t5k-s5k-r03","server","latency-server","2026-09-04T12:42:30.007Z","2026-09-04T12:42:40.008Z","True","15000","15001",,"0","0","0","1",,,,"435430",,"14999","71","4653","0.11"
"q5k-t5k-s5k-r03","server","latency-server","2026-09-04T12:42:40.008Z","2026-09-04T12:42:50.007Z","True","15000","15001",,"0","0","0","1",,,,"435519",,"15002","72","4303","0.10000000000000001"
"q5k-t5k-s5k-r03","server","latency-server","2026-09-04T12:42:50.007Z","2026-09-04T12:43:00.004Z","True","15000","15001",,"0","0","0","1",,,,"435604",,"15005","72","4075","0.080000000000000002"
"q5k-t5k-s5k-r03","server","latency-server","2026-09-04T12:43:00.004Z","2026-09-04T12:43:10.000Z","True","15000","15001",,"0","0","0","1",,,,"435650",,"15007","70","4984","0.089999999999999997"
"q5k-t5k-s5k-r03","server","latency-server","2026-09-04T12:43:10.000Z","2026-09-04T12:43:20.006Z","True","15000","15001",,"0","0","0","1",,,,"435214",,"14992","73","5724","0.089999999999999997"
"q5k-t5k-s5k-r03","server","latency-server","2026-09-04T12:43:20.006Z","2026-09-04T12:43:30.003Z","True","15000","15001",,"0","0","0","1",,,,"435608",,"15005","73","4807","0.080000000000000002"
"q5k-t5k-s5k-r03","server","latency-server","2026-09-04T12:43:30.003Z","2026-09-04T12:43:40.011Z","True","15000","15001",,"0","0","0","1",,,,"435125",,"14989","69","4645","0.080000000000000002"
"q5k-t5k-s5k-r03","server","latency-server","2026-09-04T12:43:40.011Z","2026-09-04T12:43:50.003Z","True","15000","15001",,"0","0","0","1",,,,"435824",,"15013","70","4691","0.089999999999999997"
"q5k-t5k-s5k-r03","server","latency-server","2026-09-04T12:43:50.003Z","2026-09-04T12:44:00.002Z","True","15000","15001",,"0","0","0","1",,,,"435518",,"15002","71","4744","0.089999999999999997"
"q5k-t5k-s5k-r03","server","latency-server","2026-09-04T12:44:00.002Z","2026-09-04T12:44:10.008Z","True","15000","15001",,"0","0","0","1",,,,"435214",,"14992","70","5214","0.10000000000000001"
"q5k-t5k-s5k-r03","server","latency-server","2026-09-04T12:44:10.008Z","2026-09-04T12:44:20.010Z","True","15000","15001",,"0","0","0","1",,,,"435430",,"14999","71","5026","0.070000000000000007"
