"profile","process","endpoint","interval_start_utc","interval_end_utc","in_measurement","nominal_events_per_second","subscription","sticky","storage","buffer","dropped","read_bps","read_subscription_rps","read_data_rps","read_data_lag_us","write_bps","write_subscription_rps","write_data_rps","write_data_lag_us","rtt_us","cpu_percent"
"150k-100ms-r01","client","latency-client","2026-09-05T08:25:20.014Z","2026-09-05T08:25:30.014Z","False","150000","18751",,"18750","0","0","4180178",,"150021","10975","14194","1407",,,"10712","1.98"
"150k-100ms-r01","client","latency-client","2026-09-05T08:25:30.014Z","2026-09-05T08:25:40.008Z","False","150000","18751",,"18750","0","0","4244821",,"150100","1868","1",,,,"1694","0.77000000000000002"
"150k-100ms-r01","client","latency-client","2026-09-05T08:25:40.008Z","2026-09-05T08:25:50.011Z","False","150000","18751",,"18750","0","0","4241002",,"149965","1914","1",,,,"1742","0.80000000000000004"
"150k-100ms-r01","client","latency-client","2026-09-05T08:25:50.011Z","2026-09-05T08:26:00.007Z","False","150000","18751",,"18750","0","0","4243972",,"150070","2188","1",,,,"2010","0.85999999999999999"
"150k-100ms-r01","client","latency-client","2026-09-05T08:26:00.007Z","2026-09-05T08:26:10.016Z","False","150000","18751",,"18750","0","0","4238460",,"149875","2246","1",,,,"2067","0.81999999999999995"
"150k-100ms-r01","client","latency-client","2026-09-05T08:26:10.016Z","2026-09-05T08:26:20.011Z","False","150000","18751",,"18750","0","0","4244397",,"150085","2133","1",,,,"1950","0.81000000000000005"
"150k-100ms-r01","client","latency-client","2026-09-05T08:26:20.011Z","2026-09-05T08:26:30.009Z","True","150000","18751",,"18750","0","0","4243123",,"150040","2374","1",,,,"2207","1.0700000000000001"
"150k-100ms-r01","client","latency-client","2026-09-05T08:26:30.009Z","2026-09-05T08:26:40.015Z","True","150000","18751",,"18750","0","0","4239731",,"149920","2486","1",,,,"2312","1.1599999999999999"
"150k-100ms-r01","client","latency-client","2026-09-05T08:26:40.015Z","2026-09-05T08:26:50.006Z","True","150000","18751",,"18750","0","0","4246096",,"150145","2436","1",,,,"2264","1"
"150k-100ms-r01","client","latency-client","2026-09-05T08:26:50.006Z","2026-09-05T08:27:00.009Z","True","150000","18751",,"18750","0","0","4241002",,"149965","2429","1",,,,"2245","1.04"
"150k-100ms-r01","client","latency-client","2026-09-05T08:27:00.009Z","2026-09-05T08:27:10.014Z","True","150000","18751",,"18750","0","0","4240154",,"149935","2459","1",,,,"2287","1.1599999999999999"
"150k-100ms-r01","client","latency-client","2026-09-05T08:27:10.014Z","2026-09-05T08:27:20.003Z","True","150000","18751",,"18750","0","0","4246946",,"150175","2566","1",,,,"2388","1.1399999999999999"
"150k-100ms-r01","client","latency-client","2026-09-05T08:27:20.003Z","2026-09-05T08:27:30.010Z","True","150000","18751",,"18750","0","0","4239307",,"149905","2643","1",,,,"2468","1.04"
"150k-100ms-r01","client","latency-client","2026-09-05T08:27:30.010Z","2026-09-05T08:27:40.009Z","True","150000","18751",,"18750","0","0","4242699",,"150025","2660","1",,,,"2485","1.0700000000000001"
"150k-100ms-r01","client","latency-client","2026-09-05T08:27:40.009Z","2026-09-05T08:27:50.015Z","True","150000","18751",,"18750","0","0","4239731",,"149920","2706","1",,,,"2530","1.1000000000000001"
"150k-100ms-r01","client","latency-client","2026-09-05T08:27:50.015Z","2026-09-05T08:28:00.013Z","True","150000","18751",,"18750","0","0","4243123",,"150040","2530","1",,,,"2365","1.04"
"150k-100ms-r01","client","latency-client","2026-09-05T08:28:00.013Z","2026-09-05T08:28:10.016Z","True","150000","18751",,"18750","0","0","4241002",,"149965","2477","1",,,,"2304","1.02"
"150k-100ms-r01","client","latency-client","2026-09-05T08:28:10.016Z","2026-09-05T08:28:20.010Z","True","150000","18751",,"18750","0","0","4244760",,"150100","2641","1",,,,"2460","1.1100000000000001"
"150k-100ms-r01","client","latency-client","2026-09-05T08:28:20.010Z","2026-09-05T08:28:30.012Z","True","150000","18751",,"18750","0","0","4241294",,"149980","2530","1",,,,"2366","1.1000000000000001"
"150k-100ms-r01","client","latency-client","2026-09-05T08:28:30.012Z","2026-09-05T08:28:40.004Z","True","150000","18751",,"18750","0","0","4245538",,"150130","2684","1",,,,"2507","1"
"150k-100ms-r01","client","latency-client","2026-09-05T08:28:40.004Z","2026-09-05T08:28:50.011Z","True","150000","18751",,"18750","0","0","4239175",,"149905","2502","1",,,,"2336","1.1100000000000001"
"150k-100ms-r01","client","latency-client","2026-09-05T08:28:50.011Z","2026-09-05T08:29:00.001Z","True","150000","18751",,"18750","0","0","4246388",,"150160","2733","1",,,,"2573","1.04"
"150k-100ms-r01","client","latency-client","2026-09-05T08:29:00.001Z","2026-09-05T08:29:10.012Z","True","150000","18751",,"18750","0","0","4237481",,"149845","2328","1",,,,"2158","0.98999999999999999"
"150k-100ms-r01","client","latency-client","2026-09-05T08:29:10.012Z","2026-09-05T08:29:20.007Z","True","150000","18751",,"18750","0","0","4244264",,"150085","2460","1",,,,"2278","0.97999999999999998"
"150k-100ms-r01","client","latency-client","2026-09-05T08:29:20.007Z","2026-09-05T08:29:30.007Z","True","150000","18751",,"18750","0","0","4242142",,"150010","2695","1",,,,"2526","1.0800000000000001"
"150k-100ms-r01","client","latency-client","2026-09-05T08:29:30.007Z","2026-09-05T08:29:40.005Z","True","150000","18751",,"18750","0","0","4242991",,"150040","2561","1",,,,"2394","1.1000000000000001"
"150k-100ms-r01","client","latency-client","2026-09-05T08:29:40.005Z","2026-09-05T08:29:50.009Z","True","150000","18751",,"18750","0","0","4240446",,"149950","2469","1",,,,"2300","1.0800000000000001"
"150k-100ms-r01","client","latency-client","2026-09-05T08:29:50.009Z","2026-09-05T08:30:00.014Z","True","150000","18751",,"18750","0","0","4240022",,"149935","2437","1",,,,"2256","1.04"
"150k-100ms-r01","client","latency-client","2026-09-05T08:30:00.014Z","2026-09-05T08:30:10.001Z","True","150000","18751",,"18750","0","0","4247664",,"150205","2317","1",,,,"2151","1"
"150k-100ms-r01","client","latency-client","2026-09-05T08:30:10.001Z","2026-09-05T08:30:20.015Z","True","150000","18751",,"18750","0","0","4236211",,"149800","2632","1",,,,"2459","1.05"
"150k-100ms-r01","client","latency-client","2026-09-05T08:30:20.015Z","2026-09-05T08:30:30.019Z","True","150000","18751",,"18750","0","0","4240446",,"149950","2475","1",,,,"2300","1.04"
"150k-100ms-r01","client","latency-client","2026-09-05T08:30:30.019Z","2026-09-05T08:30:40.013Z","True","150000","18751",,"18750","0","0","4244813",,"150100","2729","1",,,,"2549","1.1299999999999999"
"150k-100ms-r01","client","latency-client","2026-09-05T08:30:40.013Z","2026-09-05T08:30:50.011Z","True","150000","18751",,"18750","0","0","4243123",,"150040","2787","1",,,,"2614","1.1200000000000001"
"150k-100ms-r01","client","latency-client","2026-09-05T08:30:50.011Z","2026-09-05T08:31:00.003Z","True","150000","18751",,"18750","0","0","4245671",,"150130","2565","1",,,,"2385","1.0700000000000001"
"150k-100ms-r01","client","latency-client","2026-09-05T08:31:00.003Z","2026-09-05T08:31:10.009Z","True","150000","18751",,"18750","0","0","4239731",,"149920","2592","1",,,,"2424","1.02"
"150k-100ms-r01","client","latency-client","2026-09-05T08:31:10.009Z","2026-09-05T08:31:20.012Z","True","150000","18751",,"18750","0","0","4241002",,"149965","2642","1",,,,"2458","1.05"
"150k-100ms-r01","client","latency-client","2026-09-05T08:31:20.012Z","2026-09-05T08:31:30.003Z","True","150000","18751",,"18750","0","0","4246096",,"150145","2643","1",,,,"2460","1.1699999999999999"
"150k-100ms-r01","client","latency-client","2026-09-05T08:31:30.003Z","2026-09-05T08:31:40.014Z","True","150000","18751",,"18750","0","0","4237613",,"149845","2350","1",,,,"2176","1.1599999999999999"
"150k-100ms-r01","client","latency-client","2026-09-05T08:31:40.014Z","2026-09-05T08:31:50.010Z","True","150000","18751",,"18750","0","0","4243972",,"150070","2484","1",,,,"2314","1.1699999999999999"
"150k-100ms-r01","client","latency-client","2026-09-05T08:31:50.010Z","2026-09-05T08:32:00.012Z","True","150000","18751",,"18750","0","0","4241426",,"149980","2652","1",,,,"2484","1.1299999999999999"
"150k-100ms-r01","client","latency-client","2026-09-05T08:32:00.012Z","2026-09-05T08:32:10.003Z","True","150000","18751",,"18750","0","0","4260386",,"150145","2506","1",,,,"2337","1.0900000000000001"
"150k-100ms-r01","client","latency-client","2026-09-05T08:32:10.003Z","2026-09-05T08:32:20.008Z","True","150000","18751",,"18750","0","0","4277711",,"149935","2738","1",,,,"2579","0.97999999999999998"
"150k-100ms-r01","client","latency-client","2026-09-05T08:32:20.008Z","2026-09-05T08:32:30.009Z","True","150000","18751",,"18750","0","0","4279422",,"149995","2657","1",,,,"2484","1"
"150k-100ms-r01","client","latency-client","2026-09-05T08:32:30.009Z","2026-09-05T08:32:40.010Z","True","150000","18751",,"18750","0","0","4279422",,"149995","2767","1",,,,"2589","1.1399999999999999"
"150k-100ms-r01","client","latency-client","2026-09-05T08:32:40.010Z","2026-09-05T08:32:50.006Z","True","150000","18751",,"18750","0","0","4281562",,"150070","3105","1",,,,"2931","1.1299999999999999"
"150k-100ms-r01","client","latency-client","2026-09-05T08:32:50.006Z","2026-09-05T08:33:00.012Z","True","150000","18751",,"18750","0","0","4277283",,"149920","3074","1",,,,"2891","1.1200000000000001"
"150k-100ms-r01","client","latency-client","2026-09-05T08:33:00.012Z","2026-09-05T08:33:10.010Z","True","150000","18751",,"18750","0","0","4280706",,"150040","2813","1",,,,"2646","1.1100000000000001"
"150k-100ms-r01","client","latency-client","2026-09-05T08:33:10.010Z","2026-09-05T08:33:20.006Z","True","150000","18751",,"18750","0","0","4281562",,"150070","2710","1",,,,"2537","1.05"
"150k-100ms-r01","client","latency-client","2026-09-05T08:33:20.006Z","2026-09-05T08:33:30.008Z","True","150000","18751",,"18750","0","0","4278994",,"149980","2502","1",,,,"2334","1.0700000000000001"
"150k-100ms-r01","client","latency-client","2026-09-05T08:33:30.008Z","2026-09-05T08:33:40.010Z","True","150000","18751",,"18750","0","0","4278994",,"149980","2643","1",,,,"2469","1.0900000000000001"
"150k-100ms-r01","client","latency-client","2026-09-05T08:33:40.010Z","2026-09-05T08:33:50.015Z","True","150000","18751",,"18750","0","0","4277711",,"149935","2552","1",,,,"2383","1.1100000000000001"
"150k-100ms-r01","client","latency-client","2026-09-05T08:33:50.015Z","2026-09-05T08:34:00.008Z","True","150000","18751",,"18750","0","0","4282847",,"150115","2718","1",,,,"2554","1.1000000000000001"
"150k-100ms-r01","client","latency-client","2026-09-05T08:34:00.008Z","2026-09-05T08:34:10.004Z","True","150000","18751",,"18750","0","0","4281562",,"150070","2657","1",,,,"2488","1.0600000000000001"
"150k-100ms-r01","client","latency-client","2026-09-05T08:34:10.004Z","2026-09-05T08:34:20.015Z","True","150000","18751",,"18750","0","0","4275147",,"149845","2638","1",,,,"2469","0.97999999999999998"
"150k-100ms-r01","client","latency-client","2026-09-05T08:34:20.015Z","2026-09-05T08:34:30.009Z","True","150000","18751",,"18750","0","0","4282419",,"150100","2610","1",,,,"2445","0.97999999999999998"
"150k-100ms-r01","client","latency-client","2026-09-05T08:34:30.009Z","2026-09-05T08:34:40.009Z","True","150000","18751",,"18750","0","0","4279850",,"150010","2584","1",,,,"2409","1.01"
"150k-100ms-r01","client","latency-client","2026-09-05T08:34:40.009Z","2026-09-05T08:34:50.001Z","True","150000","18751",,"18750","0","0","4283276",,"150130","2400","1",,,,"2229","1.21"
"150k-100ms-r01","client","latency-client","2026-09-05T08:34:50.001Z","2026-09-05T08:35:00.010Z","True","150000","18751",,"18750","0","0","4276001",,"149875","2449","1",,,,"2270","1.0900000000000001"
"150k-100ms-r01","client","latency-client","2026-09-05T08:35:00.010Z","2026-09-05T08:35:10.003Z","True","150000","18751",,"18750","0","0","4282847",,"150115","2491","1",,,,"2312","1.04"
"150k-100ms-r01","client","latency-client","2026-09-05T08:35:10.003Z","2026-09-05T08:35:20.003Z","True","150000","18751",,"18750","0","0","4279850",,"150010","2564","1",,,,"2390","1.02"
"150k-100ms-r01","client","latency-client","2026-09-05T08:35:20.003Z","2026-09-05T08:35:30.008Z","True","150000","18751",,"18750","0","0","4277711",,"149935","2655","1",,,,"2494","1.0600000000000001"
"150k-100ms-r01","client","latency-client","2026-09-05T08:35:30.008Z","2026-09-05T08:35:40.004Z","True","150000","18751",,"18750","0","0","4281562",,"150070","2805","1",,,,"2638","1.0800000000000001"
"150k-100ms-r01","client","latency-client","2026-09-05T08:35:40.004Z","2026-09-05T08:35:50.001Z","True","150000","18751",,"18750","0","0","4281134",,"150055","2599","1",,,,"2421","1.02"
"150k-100ms-r01","client","latency-client","2026-09-05T08:35:50.001Z","2026-09-05T08:36:00.012Z","True","150000","18751",,"18750","0","0","4275147",,"149845","2740","1",,,,"2567","1.1699999999999999"
"150k-100ms-r01","client","latency-client","2026-09-05T08:36:00.012Z","2026-09-05T08:36:10.013Z","True","150000","18751",,"18750","0","0","4279422",,"149995","2802","1",,,,"2621","1.0900000000000001"
"150k-100ms-r01","client","latency-client","2026-09-05T08:36:10.013Z","2026-09-05T08:36:20.005Z","False","150000","18750",,"18750","0","0","3169616",,"111096","2561","5",,,,"2392","1.5600000000000001"
"150k-100ms-r01","server","latency-server","2026-09-05T08:25:10.010Z","2026-09-05T08:25:20.010Z","False","150000","18751",,"18750","0","0","15277","1514",,,"1099595",,"40295","157","11820","1.6599999999999999"
"150k-100ms-r01","server","latency-server","2026-09-05T08:25:20.010Z","2026-09-05T08:25:30.014Z","False","150000","18751",,"18750","0","0","1",,,,"4206908",,"149950","164","8902","1.6000000000000001"
"150k-100ms-r01","server","latency-server","2026-09-05T08:25:30.014Z","2026-09-05T08:25:40.008Z","False","150000","18751",,"18750","0","0","1",,,,"4244821",,"150100","174","2229","1.5900000000000001"
"150k-100ms-r01","server","latency-server","2026-09-05T08:25:40.008Z","2026-09-05T08:25:50.011Z","False","150000","18751",,"18750","0","0","1",,,,"4241002",,"149965","172","1956","1.52"
"150k-100ms-r01","server","latency-server","2026-09-05T08:25:50.011Z","2026-09-05T08:26:00.009Z","False","150000","18751",,"18750","0","0","1",,,,"4243548",,"150055","178","8643","1.55"
"150k-100ms-r01","server","latency-server","2026-09-05T08:26:00.009Z","2026-09-05T08:26:10.003Z","False","150000","18751",,"18750","0","0","1",,,,"4244821",,"150100","179","15105","1.55"
"150k-100ms-r01","server","latency-server","2026-09-05T08:26:10.003Z","2026-09-05T08:26:20.011Z","False","150000","18751",,"18750","0","0","1",,,,"4238460",,"149875","183","5873","1.53"
"150k-100ms-r01","server","latency-server","2026-09-05T08:26:20.011Z","2026-09-05T08:26:30.009Z","True","150000","18751",,"18750","0","0","1",,,,"4243123",,"150040","167","10279","1.55"
"150k-100ms-r01","server","latency-server","2026-09-05T08:26:30.009Z","2026-09-05T08:26:40.017Z","True","150000","18751",,"18750","0","0","1",,,,"4239307",,"149905","173","9927","1.5800000000000001"
"150k-100ms-r01","server","latency-server","2026-09-05T08:26:40.017Z","2026-09-05T08:26:50.006Z","True","150000","18751",,"18750","0","0","1",,,,"4246521",,"150160","172","1654","1.51"
"150k-100ms-r01","server","latency-server","2026-09-05T08:26:50.006Z","2026-09-05T08:27:00.009Z","True","150000","18751",,"18750","0","0","1",,,,"4241002",,"149965","184","1100","1.5600000000000001"
"150k-100ms-r01","server","latency-server","2026-09-05T08:27:00.009Z","2026-09-05T08:27:10.015Z","True","150000","18751",,"18750","0","0","1",,,,"4239731",,"149920","171","2154","1.6399999999999999"
"150k-100ms-r01","server","latency-server","2026-09-05T08:27:10.015Z","2026-09-05T08:27:20.012Z","True","150000","18751",,"18750","0","0","1",,,,"4243548",,"150055","178","2519","1.51"
"150k-100ms-r01","server","latency-server","2026-09-05T08:27:20.012Z","2026-09-05T08:27:30.010Z","True","150000","18751",,"18750","0","0","1",,,,"4243123",,"150040","175","3063","1.5600000000000001"
"150k-100ms-r01","server","latency-server","2026-09-05T08:27:30.010Z","2026-09-05T08:27:40.010Z","True","150000","18751",,"18750","0","0","1",,,,"4242275",,"150010","175","3352","1.6000000000000001"
"150k-100ms-r01","server","latency-server","2026-09-05T08:27:40.010Z","2026-09-05T08:27:50.016Z","True","150000","18751",,"18750","0","0","1",,,,"4239731",,"149920","175","2483","1.5900000000000001"
"150k-100ms-r01","server","latency-server","2026-09-05T08:27:50.016Z","2026-09-05T08:28:00.013Z","True","150000","18751",,"18750","0","0","1",,,,"4243548",,"150055","165","3804","1.55"
"150k-100ms-r01","server","latency-server","2026-09-05T08:28:00.013Z","2026-09-05T08:28:10.016Z","True","150000","18751",,"18750","0","0","1",,,,"4241002",,"149965","173","2919","1.55"
"150k-100ms-r01","server","latency-server","2026-09-05T08:28:10.016Z","2026-09-05T08:28:20.010Z","True","150000","18751",,"18750","0","0","1",,,,"4244760",,"150100","181","4402","1.54"
"150k-100ms-r01","server","latency-server","2026-09-05T08:28:20.010Z","2026-09-05T08:28:30.012Z","True","150000","18751",,"18750","0","0","1",,,,"4241294",,"149980","164","3553","1.6299999999999999"
"150k-100ms-r01","server","latency-server","2026-09-05T08:28:30.012Z","2026-09-05T08:28:40.004Z","True","150000","18751",,"18750","0","0","1",,,,"4245538",,"150130","177","4546","1.52"
"150k-100ms-r01","server","latency-server","2026-09-05T08:28:40.004Z","2026-09-05T08:28:50.011Z","True","150000","18751",,"18750","0","0","1",,,,"4239175",,"149905","166","6734","1.6200000000000001"
"150k-100ms-r01","server","latency-server","2026-09-05T08:28:50.011Z","2026-09-05T08:29:00.001Z","True","150000","18751",,"18750","0","0","1",,,,"4246388",,"150160","160","1103","1.6000000000000001"
"150k-100ms-r01","server","latency-server","2026-09-05T08:29:00.001Z","2026-09-05T08:29:10.012Z","True","150000","18751",,"18750","0","0","1",,,,"4237481",,"149845","170","1133","1.51"
"150k-100ms-r01","server","latency-server","2026-09-05T08:29:10.012Z","2026-09-05T08:29:20.007Z","True","150000","18751",,"18750","0","0","1",,,,"4244264",,"150085","181","1629","1.6599999999999999"
"150k-100ms-r01","server","latency-server","2026-09-05T08:29:20.007Z","2026-09-05T08:29:30.007Z","True","150000","18751",,"18750","0","0","1",,,,"4242142",,"150010","169","1330","1.6299999999999999"
"150k-100ms-r01","server","latency-server","2026-09-05T08:29:30.007Z","2026-09-05T08:29:40.005Z","True","150000","18751",,"18750","0","0","1",,,,"4242991",,"150040","167","2194","1.54"
"150k-100ms-r01","server","latency-server","2026-09-05T08:29:40.005Z","2026-09-05T08:29:50.009Z","True","150000","18751",,"18750","0","0","1",,,,"4240446",,"149950","169","2482","1.5600000000000001"
"150k-100ms-r01","server","latency-server","2026-09-05T08:29:50.009Z","2026-09-05T08:30:00.014Z","True","150000","18751",,"18750","0","0","1",,,,"4240022",,"149935","181","3740","1.48"
"150k-100ms-r01","server","latency-server","2026-09-05T08:30:00.014Z","2026-09-05T08:30:10.018Z","True","150000","18751",,"18750","0","0","1",,,,"4240446",,"149950","165","4595","1.54"
"150k-100ms-r01","server","latency-server","2026-09-05T08:30:10.018Z","2026-09-05T08:30:20.015Z","True","150000","18751",,"18750","0","0","1",,,,"4243415",,"150055","173","3069","1.48"
"150k-100ms-r01","server","latency-server","2026-09-05T08:30:20.015Z","2026-09-05T08:30:30.012Z","True","150000","18751",,"18750","0","0","1",,,,"4243415",,"150055","175","1983","1.5700000000000001"
"150k-100ms-r01","server","latency-server","2026-09-05T08:30:30.012Z","2026-09-05T08:30:40.013Z","True","150000","18751",,"18750","0","0","1",,,,"4241842",,"149995","180","2784","1.6000000000000001"
"150k-100ms-r01","server","latency-server","2026-09-05T08:30:40.013Z","2026-09-05T08:30:50.011Z","True","150000","18751",,"18750","0","0","1",,,,"4243123",,"150040","173","4808","1.5600000000000001"
"150k-100ms-r01","server","latency-server","2026-09-05T08:30:50.011Z","2026-09-05T08:31:00.003Z","True","150000","18751",,"18750","0","0","1",,,,"4245671",,"150130","179","4982","1.5800000000000001"
"150k-100ms-r01","server","latency-server","2026-09-05T08:31:00.003Z","2026-09-05T08:31:10.009Z","True","150000","18751",,"18750","0","0","1",,,,"4239731",,"149920","168","649","1.53"
"150k-100ms-r01","server","latency-server","2026-09-05T08:31:10.009Z","2026-09-05T08:31:20.012Z","True","150000","18751",,"18750","0","0","1",,,,"4241002",,"149965","184","420","1.5"
"150k-100ms-r01","server","latency-server","2026-09-05T08:31:20.012Z","2026-09-05T08:31:30.003Z","True","150000","18751",,"18750","0","0","1",,,,"4246096",,"150145","182","673","1.45"
"150k-100ms-r01","server","latency-server","2026-09-05T08:31:30.003Z","2026-09-05T08:31:40.014Z","True","150000","18751",,"18750","0","0","1",,,,"4237613",,"149845","174","2705","1.4099999999999999"
"150k-100ms-r01","server","latency-server","2026-09-05T08:31:40.014Z","2026-09-05T08:31:50.010Z","True","150000","18751",,"18750","0","0","1",,,,"4243972",,"150070","170","6889","1.51"
"150k-100ms-r01","server","latency-server","2026-09-05T08:31:50.010Z","2026-09-05T08:32:00.012Z","True","150000","18751",,"18750","0","0","1",,,,"4241426",,"149980","168","2842","1.6000000000000001"
"150k-100ms-r01","server","latency-server","2026-09-05T08:32:00.012Z","2026-09-05T08:32:10.003Z","True","150000","18751",,"18750","0","0","1",,,,"4260386",,"150145","169","2182","1.6000000000000001"
"150k-100ms-r01","server","latency-server","2026-09-05T08:32:10.003Z","2026-09-05T08:32:20.008Z","True","150000","18751",,"18750","0","0","1",,,,"4277711",,"149935","159","2744","1.6200000000000001"
"150k-100ms-r01","server","latency-server","2026-09-05T08:32:20.008Z","2026-09-05T08:32:30.001Z","True","150000","18751",,"18750","0","0","1",,,,"4282847",,"150115","173","2915","1.47"
"150k-100ms-r01","server","latency-server","2026-09-05T08:32:30.001Z","2026-09-05T08:32:40.010Z","True","150000","18751",,"18750","0","0","1",,,,"4276001",,"149875","178","4184","1.5600000000000001"
"150k-100ms-r01","server","latency-server","2026-09-05T08:32:40.010Z","2026-09-05T08:32:50.006Z","True","150000","18751",,"18750","0","0","1",,,,"4281562",,"150070","174","7271","1.53"
"150k-100ms-r01","server","latency-server","2026-09-05T08:32:50.006Z","2026-09-05T08:33:00.012Z","True","150000","18751",,"18750","0","0","1",,,,"4277283",,"149920","183","3589","1.6799999999999999"
"150k-100ms-r01","server","latency-server","2026-09-05T08:33:00.012Z","2026-09-05T08:33:10.010Z","True","150000","18751",,"18750","0","0","1",,,,"4280706",,"150040","167","1350","1.49"
"150k-100ms-r01","server","latency-server","2026-09-05T08:33:10.010Z","2026-09-05T08:33:20.006Z","True","150000","18751",,"18750","0","0","1",,,,"4281562",,"150070","172","1307","1.54"
"150k-100ms-r01","server","latency-server","2026-09-05T08:33:20.006Z","2026-09-05T08:33:30.008Z","True","150000","18751",,"18750","0","0","1",,,,"4278994",,"149980","168","2808","1.5700000000000001"
"150k-100ms-r01","server","latency-server","2026-09-05T08:33:30.008Z","2026-09-05T08:33:40.010Z","True","150000","18751",,"18750","0","0","1",,,,"4278994",,"149980","173","1334","1.6100000000000001"
"150k-100ms-r01","server","latency-server","2026-09-05T08:33:40.010Z","2026-09-05T08:33:50.015Z","True","150000","18751",,"18750","0","0","1",,,,"4277711",,"149935","169","2850","1.6100000000000001"
"150k-100ms-r01","server","latency-server","2026-09-05T08:33:50.015Z","2026-09-05T08:34:00.008Z","True","150000","18751",,"18750","0","0","1",,,,"4282847",,"150115","164","1010","1.6100000000000001"
"150k-100ms-r01","server","latency-server","2026-09-05T08:34:00.008Z","2026-09-05T08:34:10.004Z","True","150000","18751",,"18750","0","0","1",,,,"4281562",,"150070","168","1629","1.48"
"150k-100ms-r01","server","latency-server","2026-09-05T08:34:10.004Z","2026-09-05T08:34:20.015Z","True","150000","18751",,"18750","0","0","1",,,,"4275147",,"149845","169","3920","1.6100000000000001"
"150k-100ms-r01","server","latency-server","2026-09-05T08:34:20.015Z","2026-09-05T08:34:30.009Z","True","150000","18751",,"18750","0","0","1",,,,"4282419",,"150100","165","5316","1.53"
"150k-100ms-r01","server","latency-server","2026-09-05T08:34:30.009Z","2026-09-05T08:34:40.009Z","True","150000","18751",,"18750","0","0","1",,,,"4279850",,"150010","174","4838","1.53"
"150k-100ms-r01","server","latency-server","2026-09-05T08:34:40.009Z","2026-09-05T08:34:50.001Z","True","150000","18751",,"18750","0","0","1",,,,"4283276",,"150130","171","6646","1.54"
"150k-100ms-r01","server","latency-server","2026-09-05T08:34:50.001Z","2026-09-05T08:35:00.010Z","True","150000","18751",,"18750","0","0","1",,,,"4276001",,"149875","178","2177","1.5700000000000001"
"150k-100ms-r01","server","latency-server","2026-09-05T08:35:00.010Z","2026-09-05T08:35:10.003Z","True","150000","18751",,"18750","0","0","1",,,,"4282847",,"150115","179","7154","1.54"
"150k-100ms-r01","server","latency-server","2026-09-05T08:35:10.003Z","2026-09-05T08:35:20.003Z","True","150000","18751",,"18750","0","0","1",,,,"4279850",,"150010","173","18047","1.52"
"150k-100ms-r01","server","latency-server","2026-09-05T08:35:20.003Z","2026-09-05T08:35:30.008Z","True","150000","18751",,"18750","0","0","1",,,,"4277711",,"149935","162","2662","1.51"
"150k-100ms-r01","server","latency-server","2026-09-05T08:35:30.008Z","2026-09-05T08:35:40.004Z","True","150000","18751",,"18750","0","0","1",,,,"4281562",,"150070","167","1409","1.6000000000000001"
"150k-100ms-r01","server","latency-server","2026-09-05T08:35:40.004Z","2026-09-05T08:35:50.001Z","True","150000","18751",,"18750","0","0","1",,,,"4281134",,"150055","178","1621","1.5900000000000001"
"150k-100ms-r01","server","latency-server","2026-09-05T08:35:50.001Z","2026-09-05T08:36:00.012Z","True","150000","18751",,"18750","0","0","1",,,,"4275147",,"149845","173","2581","1.5700000000000001"
"150k-100ms-r01","server","latency-server","2026-09-05T08:36:00.012Z","2026-09-05T08:36:10.013Z","True","150000","18751",,"18750","0","0","1",,,,"4279422",,"149995","181","3178","1.6200000000000001"
"150k-100ms-r01","server","latency-server","2026-09-05T08:36:10.013Z","2026-09-05T08:36:20.005Z","False","150000","18750",,"18750","0","0","5",,,,"3169616",,"111096","169","2041","1.1799999999999999"
"150k-100ms-r02","client","latency-client","2026-09-05T09:00:50.014Z","2026-09-05T09:01:00.014Z","False","150000","18751",,"18750","0","0","4088736",,"149207","15973","29738","2948",,,"15494","3.3599999999999999"
"150k-100ms-r02","client","latency-client","2026-09-05T09:01:00.014Z","2026-09-05T09:01:10.008Z","False","150000","18751",,"18750","0","0","4244445",,"150085","7095","1",,,,"6927","0.87"
"150k-100ms-r02","client","latency-client","2026-09-05T09:01:10.008Z","2026-09-05T09:01:20.009Z","False","150000","18751",,"18750","0","0","4241849",,"149995","1781","1",,,,"1601","0.80000000000000004"
"150k-100ms-r02","client","latency-client","2026-09-05T09:01:20.009Z","2026-09-05T09:01:30.011Z","False","150000","18751",,"18750","0","0","4241849",,"149995","1862","1",,,,"1677","0.73999999999999999"
"150k-100ms-r02","client","latency-client","2026-09-05T09:01:30.011Z","2026-09-05T09:01:40.015Z","False","150000","18751",,"18750","0","0","4240153",,"149935","2322","1",,,,"2131","0.87"
"150k-100ms-r02","client","latency-client","2026-09-05T09:01:40.015Z","2026-09-05T09:01:50.007Z","False","150000","18751",,"18750","0","0","4245670",,"150130","2193","1",,,,"2000","0.83999999999999997"
"150k-100ms-r02","client","latency-client","2026-09-05T09:01:50.007Z","2026-09-05T09:02:00.006Z","False","150000","18751",,"18750","0","0","4242698",,"150025","2492","1",,,,"2318","0.91000000000000003"
"150k-100ms-r02","client","latency-client","2026-09-05T09:02:00.006Z","2026-09-05T09:02:10.002Z","True","150000","18751",,"18750","0","0","4243971",,"150070","2541","1",,,,"2361","1.1899999999999999"
"150k-100ms-r02","client","latency-client","2026-09-05T09:02:10.002Z","2026-09-05T09:02:20.013Z","True","150000","18751",,"18750","0","0","4237612",,"149845","2582","1",,,,"2403","0.97999999999999998"
"150k-100ms-r02","client","latency-client","2026-09-05T09:02:20.013Z","2026-09-05T09:02:30.008Z","True","150000","18751",,"18750","0","0","4244396",,"150085","2798","1",,,,"2611","1.1699999999999999"
"150k-100ms-r02","client","latency-client","2026-09-05T09:02:30.008Z","2026-09-05T09:02:40.008Z","True","150000","18751",,"18750","0","0","4242274",,"150010","2829","1",,,,"2644","1.1699999999999999"
"150k-100ms-r02","client","latency-client","2026-09-05T09:02:40.008Z","2026-09-05T09:02:50.010Z","True","150000","18751",,"18750","0","0","4241425",,"149980","2565","1",,,,"2376","1.05"
"150k-100ms-r02","client","latency-client","2026-09-05T09:02:50.010Z","2026-09-05T09:03:00.014Z","True","150000","18751",,"18750","0","0","4240577",,"149950","2888","1",,,,"2719","1.1100000000000001"
"150k-100ms-r02","client","latency-client","2026-09-05T09:03:00.014Z","2026-09-05T09:03:10.010Z","True","150000","18751",,"18750","0","0","4243971",,"150070","2845","1",,,,"2675","1.1000000000000001"
"150k-100ms-r02","client","latency-client","2026-09-05T09:03:10.010Z","2026-09-05T09:03:20.011Z","True","150000","18751",,"18750","0","0","4241849",,"149995","2393","1",,,,"2257","0.90000000000000002"
"150k-100ms-r02","client","latency-client","2026-09-05T09:03:20.011Z","2026-09-05T09:03:30.008Z","True","150000","18751",,"18750","0","0","4243547",,"150055","2432","1",,,,"2303","0.80000000000000004"
"150k-100ms-r02","client","latency-client","2026-09-05T09:03:30.008Z","2026-09-05T09:03:40.004Z","True","150000","18751",,"18750","0","0","4243971",,"150070","2331","1",,,,"2213","0.76000000000000001"
"150k-100ms-r02","client","latency-client","2026-09-05T09:03:40.004Z","2026-09-05T09:03:50.015Z","True","150000","18751",,"18750","0","0","4237612",,"149845","2420","1",,,,"2279","0.89000000000000001"
"150k-100ms-r02","client","latency-client","2026-09-05T09:03:50.015Z","2026-09-05T09:04:00.006Z","True","150000","18751",,"18750","0","0","4246095",,"150145","2467","1",,,,"2287","1.05"
"150k-100ms-r02","client","latency-client","2026-09-05T09:04:00.006Z","2026-09-05T09:04:10.001Z","True","150000","18751",,"18750","0","0","4244301",,"150085","2566","1",,,,"2388","1.05"
"150k-100ms-r02","client","latency-client","2026-09-05T09:04:10.001Z","2026-09-05T09:04:20.011Z","True","150000","18751",,"18750","0","0","4237903",,"149860","2481","1",,,,"2310","1.0900000000000001"
"150k-100ms-r02","client","latency-client","2026-09-05T09:04:20.011Z","2026-09-05T09:04:30.015Z","True","150000","18751",,"18750","0","0","4240445",,"149950","2417","1",,,,"2243","1.0800000000000001"
"150k-100ms-r02","client","latency-client","2026-09-05T09:04:30.015Z","2026-09-05T09:04:40.008Z","True","150000","18751",,"18750","0","0","4245113",,"150115","2469","1",,,,"2299","1.04"
"150k-100ms-r02","client","latency-client","2026-09-05T09:04:40.008Z","2026-09-05T09:04:50.015Z","True","150000","18751",,"18750","0","0","4239174",,"149905","2483","1",,,,"2317","1.1299999999999999"
"150k-100ms-r02","client","latency-client","2026-09-05T09:04:50.015Z","2026-09-05T09:05:00.008Z","True","150000","18751",,"18750","0","0","4245113",,"150115","2673","1",,,,"2503","1.1100000000000001"
"150k-100ms-r02","client","latency-client","2026-09-05T09:05:00.008Z","2026-09-05T09:05:10.004Z","True","150000","18751",,"18750","0","0","4243839",,"150070","2546","1",,,,"2371","1.1100000000000001"
"150k-100ms-r02","client","latency-client","2026-09-05T09:05:10.004Z","2026-09-05T09:05:20.012Z","True","150000","18751",,"18750","0","0","4238750",,"149890","2605","1",,,,"2423","1.1899999999999999"
"150k-100ms-r02","client","latency-client","2026-09-05T09:05:20.012Z","2026-09-05T09:05:30.006Z","True","150000","18751",,"18750","0","0","4244688",,"150100","2651","1",,,,"2479","1.04"
"150k-100ms-r02","client","latency-client","2026-09-05T09:05:30.006Z","2026-09-05T09:05:40.002Z","True","150000","18751",,"18750","0","0","4243839",,"150070","2545","1",,,,"2369","1.1299999999999999"
"150k-100ms-r02","client","latency-client","2026-09-05T09:05:40.002Z","2026-09-05T09:05:50.005Z","True","150000","18751",,"18750","0","0","4240869",,"149965","2421","1",,,,"2252","1.1899999999999999"
"150k-100ms-r02","client","latency-client","2026-09-05T09:05:50.005Z","2026-09-05T09:06:00.010Z","True","150000","18751",,"18750","0","0","4240021",,"149935","2661","1",,,,"2489","1.1200000000000001"
"150k-100ms-r02","client","latency-client","2026-09-05T09:06:00.010Z","2026-09-05T09:06:10.010Z","True","150000","18751",,"18750","0","0","4242141",,"150010","2545","1",,,,"2367","1.1699999999999999"
"150k-100ms-r02","client","latency-client","2026-09-05T09:06:10.010Z","2026-09-05T09:06:20.003Z","True","150000","18751",,"18750","0","0","4245138",,"150115","2826","1",,,,"2653","1.22"
"150k-100ms-r02","client","latency-client","2026-09-05T09:06:20.003Z","2026-09-05T09:06:30.016Z","True","150000","18751",,"18750","0","0","4236766",,"149815","2586","1",,,,"2422","1.1399999999999999"
"150k-100ms-r02","client","latency-client","2026-09-05T09:06:30.016Z","2026-09-05T09:06:40.004Z","True","150000","18751",,"18750","0","0","4247370",,"150190","2645","1",,,,"2462","1.1699999999999999"
"150k-100ms-r02","client","latency-client","2026-09-05T09:06:40.004Z","2026-09-05T09:06:50.007Z","True","150000","18751",,"18750","0","0","4241001",,"149965","2456","1",,,,"2275","1.1899999999999999"
"150k-100ms-r02","client","latency-client","2026-09-05T09:06:50.007Z","2026-09-05T09:07:00.013Z","True","150000","18751",,"18750","0","0","4239730",,"149920","2567","1",,,,"2404","1.0900000000000001"
"150k-100ms-r02","client","latency-client","2026-09-05T09:07:00.013Z","2026-09-05T09:07:10.014Z","True","150000","18751",,"18750","0","0","4241849",,"149995","2541","1",,,,"2356","1.1599999999999999"
"150k-100ms-r02","client","latency-client","2026-09-05T09:07:10.014Z","2026-09-05T09:07:20.005Z","True","150000","18751",,"18750","0","0","4246095",,"150145","2421","1",,,,"2252","1.1200000000000001"
"150k-100ms-r02","client","latency-client","2026-09-05T09:07:20.005Z","2026-09-05T09:07:30.009Z","True","150000","18751",,"18750","0","0","4240577",,"149950","2479","1",,,,"2302","1.1899999999999999"
"150k-100ms-r02","client","latency-client","2026-09-05T09:07:30.009Z","2026-09-05T09:07:40.001Z","True","150000","18751",,"18750","0","0","4245670",,"150130","2615","1",,,,"2441","1.1699999999999999"
"150k-100ms-r02","client","latency-client","2026-09-05T09:07:40.001Z","2026-09-05T09:07:50.014Z","True","150000","18751",,"18750","0","0","4262284",,"149815","2571","1",,,,"2400","1.1499999999999999"
"150k-100ms-r02","client","latency-client","2026-09-05T09:07:50.014Z","2026-09-05T09:08:00.008Z","True","150000","18751",,"18750","0","0","4282418",,"150100","2652","1",,,,"2483","1.04"
"150k-100ms-r02","client","latency-client","2026-09-05T09:08:00.008Z","2026-09-05T09:08:10.007Z","True","150000","18751",,"18750","0","0","4280277",,"150025","2653","1",,,,"2490","1.0600000000000001"
"150k-100ms-r02","client","latency-client","2026-09-05T09:08:10.007Z","2026-09-05T09:08:20.014Z","True","150000","18751",,"18750","0","0","4276855",,"149905","2489","1",,,,"2313","1.1299999999999999"
"150k-100ms-r02","client","latency-client","2026-09-05T09:08:20.014Z","2026-09-05T09:08:30.001Z","True","150000","18751",,"18750","0","0","4285420",,"150205","2672","1",,,,"2497","1.1200000000000001"
"150k-100ms-r02","client","latency-client","2026-09-05T09:08:30.001Z","2026-09-05T09:08:40.003Z","True","150000","18751",,"18750","0","0","4278993",,"149980","2670","1",,,,"2490","1.1699999999999999"
"150k-100ms-r02","client","latency-client","2026-09-05T09:08:40.003Z","2026-09-05T09:08:50.015Z","True","150000","18751",,"18750","0","0","4274719",,"149830","2443","1",,,,"2260","1.1299999999999999"
"150k-100ms-r02","client","latency-client","2026-09-05T09:08:50.015Z","2026-09-05T09:09:00.013Z","True","150000","18751",,"18750","0","0","4280705",,"150040","2543","1",,,,"2369","1.1200000000000001"
"150k-100ms-r02","client","latency-client","2026-09-05T09:09:00.013Z","2026-09-05T09:09:10.003Z","True","150000","18751",,"18750","0","0","4284133",,"150160","3438","1",,,,"3235","1.3700000000000001"
"150k-100ms-r02","client","latency-client","2026-09-05T09:09:10.003Z","2026-09-05T09:09:20.006Z","True","150000","18751",,"18750","0","0","4278565",,"149965","2534","1",,,,"2355","1.1000000000000001"
"150k-100ms-r02","client","latency-client","2026-09-05T09:09:20.006Z","2026-09-05T09:09:30.004Z","True","150000","18751",,"18750","0","0","4280705",,"150040","2495","1",,,,"2313","1.0700000000000001"
"150k-100ms-r02","client","latency-client","2026-09-05T09:09:30.004Z","2026-09-05T09:09:40.013Z","True","150000","18751",,"18750","0","0","4276000",,"149875","2607","1",,,,"2426","1.1699999999999999"
"150k-100ms-r02","client","latency-client","2026-09-05T09:09:40.013Z","2026-09-05T09:09:50.010Z","True","150000","18751",,"18750","0","0","4281133",,"150055","2645","1",,,,"2473","1.0900000000000001"
"150k-100ms-r02","client","latency-client","2026-09-05T09:09:50.010Z","2026-09-05T09:10:00.011Z","True","150000","18751",,"18750","0","0","4279849",,"150010","2586","1",,,,"2420","1.0700000000000001"
"150k-100ms-r02","client","latency-client","2026-09-05T09:10:00.011Z","2026-09-05T09:10:10.002Z","True","150000","18751",,"18750","0","0","4283275",,"150130","2783","1",,,,"2619","1.0700000000000001"
"150k-100ms-r02","client","latency-client","2026-09-05T09:10:10.002Z","2026-09-05T09:10:20.002Z","True","150000","18751",,"18750","0","0","4279849",,"150010","2651","1",,,,"2482","1.1000000000000001"
"150k-100ms-r02","client","latency-client","2026-09-05T09:10:20.002Z","2026-09-05T09:10:30.009Z","True","150000","18751",,"18750","0","0","4276855",,"149905","2442","1",,,,"2271","1.04"
"150k-100ms-r02","client","latency-client","2026-09-05T09:10:30.009Z","2026-09-05T09:10:40.003Z","True","150000","18751",,"18750","0","0","4282418",,"150100","2473","1",,,,"2294","1.03"
"150k-100ms-r02","client","latency-client","2026-09-05T09:10:40.003Z","2026-09-05T09:10:50.003Z","True","150000","18751",,"18750","0","0","4279849",,"150010","2285","1",,,,"2111","1.0700000000000001"
"150k-100ms-r02","client","latency-client","2026-09-05T09:10:50.003Z","2026-09-05T09:11:00.014Z","True","150000","18751",,"18750","0","0","4275146",,"149845","2636","1",,,,"2459","0.96999999999999997"
"150k-100ms-r02","client","latency-client","2026-09-05T09:11:00.014Z","2026-09-05T09:11:10.013Z","True","150000","18751",,"18750","0","0","4280277",,"150025","2687","1",,,,"2505","0.95999999999999996"
"150k-100ms-r02","client","latency-client","2026-09-05T09:11:10.013Z","2026-09-05T09:11:20.004Z","True","150000","18751",,"18750","0","0","4283704",,"150145","2479","1",,,,"2311","0.98999999999999999"
"150k-100ms-r02","client","latency-client","2026-09-05T09:11:20.004Z","2026-09-05T09:11:30.003Z","True","150000","18751",,"18750","0","0","4280277",,"150025","2419","1",,,,"2256","1"
"150k-100ms-r02","client","latency-client","2026-09-05T09:11:30.003Z","2026-09-05T09:11:40.004Z","True","150000","18751",,"18750","0","0","4279421",,"149995","2678","1",,,,"2512","1.0900000000000001"
"150k-100ms-r02","client","latency-client","2026-09-05T09:11:40.004Z","2026-09-05T09:11:50.012Z","True","150000","18751",,"18750","0","0","4276427",,"149890","2688","1",,,,"2515","1.0600000000000001"
"150k-100ms-r02","server","latency-server","2026-09-05T09:00:40.005Z","2026-09-05T09:00:50.005Z","False","150000","0",,"0","0","0","0",,,,"0",,,,,"2.8300000000000001"
"150k-100ms-r02","server","latency-server","2026-09-05T09:00:50.005Z","2026-09-05T09:01:00.013Z","False","150000","18751",,"18750","0","0","18895","1873",,,"2597949",,"94805","172","13928","0.95999999999999996"
"150k-100ms-r02","server","latency-server","2026-09-05T09:01:00.013Z","2026-09-05T09:01:10.008Z","False","150000","18751",,"18750","0","0","1",,,,"4244445",,"150085","168","6308","1.6599999999999999"
"150k-100ms-r02","server","latency-server","2026-09-05T09:01:10.008Z","2026-09-05T09:01:20.009Z","False","150000","18751",,"18750","0","0","1",,,,"4241849",,"149995","180","1828","1.6200000000000001"
"150k-100ms-r02","server","latency-server","2026-09-05T09:01:20.009Z","2026-09-05T09:01:30.010Z","False","150000","18751",,"18750","0","0","1",,,,"4241849",,"149995","185","2906","1.5900000000000001"
"150k-100ms-r02","server","latency-server","2026-09-05T09:01:30.010Z","2026-09-05T09:01:40.016Z","False","150000","18751",,"18750","0","0","1",,,,"4239730",,"149920","190","4069","1.6499999999999999"
"150k-100ms-r02","server","latency-server","2026-09-05T09:01:40.016Z","2026-09-05T09:01:50.009Z","False","150000","18751",,"18750","0","0","1",,,,"4245670",,"150130","192","2091","1.5700000000000001"
"150k-100ms-r02","server","latency-server","2026-09-05T09:01:50.009Z","2026-09-05T09:02:00.006Z","False","150000","18751",,"18750","0","0","1",,,,"4243122",,"150040","173","1697","1.5700000000000001"
"150k-100ms-r02","server","latency-server","2026-09-05T09:02:00.006Z","2026-09-05T09:02:10.002Z","True","150000","18751",,"18750","0","0","1",,,,"4243971",,"150070","180","4140","1.47"
"150k-100ms-r02","server","latency-server","2026-09-05T09:02:10.002Z","2026-09-05T09:02:20.013Z","True","150000","18751",,"18750","0","0","1",,,,"4237612",,"149845","178","4817","1.4399999999999999"
"150k-100ms-r02","server","latency-server","2026-09-05T09:02:20.013Z","2026-09-05T09:02:30.008Z","True","150000","18751",,"18750","0","0","1",,,,"4244396",,"150085","187","4486","1.5800000000000001"
"150k-100ms-r02","server","latency-server","2026-09-05T09:02:30.008Z","2026-09-05T09:02:40.008Z","True","150000","18751",,"18750","0","0","1",,,,"4242274",,"150010","185","4643","1.55"
"150k-100ms-r02","server","latency-server","2026-09-05T09:02:40.008Z","2026-09-05T09:02:50.010Z","True","150000","18751",,"18750","0","0","1",,,,"4241425",,"149980","189","2982","1.6000000000000001"
"150k-100ms-r02","server","latency-server","2026-09-05T09:02:50.010Z","2026-09-05T09:03:00.014Z","True","150000","18751",,"18750","0","0","1",,,,"4240577",,"149950","168","3987","1.5700000000000001"
"150k-100ms-r02","server","latency-server","2026-09-05T09:03:00.014Z","2026-09-05T09:03:10.010Z","True","150000","18751",,"18750","0","0","1",,,,"4243971",,"150070","169","5951","1.6000000000000001"
"150k-100ms-r02","server","latency-server","2026-09-05T09:03:10.010Z","2026-09-05T09:03:20.011Z","True","150000","18751",,"18750","0","0","1",,,,"4241849",,"149995","135","4582","1.1499999999999999"
"150k-100ms-r02","server","latency-server","2026-09-05T09:03:20.011Z","2026-09-05T09:03:30.008Z","True","150000","18751",,"18750","0","0","1",,,,"4243547",,"150055","128","3665","1.21"
"150k-100ms-r02","server","latency-server","2026-09-05T09:03:30.008Z","2026-09-05T09:03:40.004Z","True","150000","18751",,"18750","0","0","1",,,,"4243971",,"150070","118","3783","1.1799999999999999"
"150k-100ms-r02","server","latency-server","2026-09-05T09:03:40.004Z","2026-09-05T09:03:50.015Z","True","150000","18751",,"18750","0","0","1",,,,"4237612",,"149845","141","4085","1.3200000000000001"
"150k-100ms-r02","server","latency-server","2026-09-05T09:03:50.015Z","2026-09-05T09:04:00.006Z","True","150000","18751",,"18750","0","0","1",,,,"4246095",,"150145","180","4096","1.48"
"150k-100ms-r02","server","latency-server","2026-09-05T09:04:00.006Z","2026-09-05T09:04:10.017Z","True","150000","18751",,"18750","0","0","1",,,,"4237518",,"149845","177","4676","1.52"
"150k-100ms-r02","server","latency-server","2026-09-05T09:04:10.017Z","2026-09-05T09:04:20.011Z","True","150000","18751",,"18750","0","0","1",,,,"4244688",,"150100","171","5123","1.55"
"150k-100ms-r02","server","latency-server","2026-09-05T09:04:20.011Z","2026-09-05T09:04:30.015Z","True","150000","18751",,"18750","0","0","1",,,,"4240445",,"149950","174","5291","1.55"
"150k-100ms-r02","server","latency-server","2026-09-05T09:04:30.015Z","2026-09-05T09:04:40.008Z","True","150000","18751",,"18750","0","0","1",,,,"4245113",,"150115","170","3883","1.54"
"150k-100ms-r02","server","latency-server","2026-09-05T09:04:40.008Z","2026-09-05T09:04:50.017Z","True","150000","18751",,"18750","0","0","1",,,,"4238750",,"149890","165","2487","1.5"
"150k-100ms-r02","server","latency-server","2026-09-05T09:04:50.017Z","2026-09-05T09:05:00.007Z","True","150000","18751",,"18750","0","0","1",,,,"4245962",,"150145","170","2714","1.53"
"150k-100ms-r02","server","latency-server","2026-09-05T09:05:00.007Z","2026-09-05T09:05:10.004Z","True","150000","18751",,"18750","0","0","1",,,,"4243414",,"150055","175","3523","1.5900000000000001"
"150k-100ms-r02","server","latency-server","2026-09-05T09:05:10.004Z","2026-09-05T09:05:20.012Z","True","150000","18751",,"18750","0","0","1",,,,"4238750",,"149890","182","1977","1.5600000000000001"
"150k-100ms-r02","server","latency-server","2026-09-05T09:05:20.012Z","2026-09-05T09:05:30.006Z","True","150000","18751",,"18750","0","0","1",,,,"4244688",,"150100","172","1694","1.5800000000000001"
"150k-100ms-r02","server","latency-server","2026-09-05T09:05:30.006Z","2026-09-05T09:05:40.002Z","True","150000","18751",,"18750","0","0","1",,,,"4243839",,"150070","176","4216","1.6200000000000001"
"150k-100ms-r02","server","latency-server","2026-09-05T09:05:40.002Z","2026-09-05T09:05:50.005Z","True","150000","18751",,"18750","0","0","1",,,,"4240869",,"149965","169","4528","1.5800000000000001"
"150k-100ms-r02","server","latency-server","2026-09-05T09:05:50.005Z","2026-09-05T09:06:00.010Z","True","150000","18751",,"18750","0","0","1",,,,"4240021",,"149935","172","4099","1.5700000000000001"
"150k-100ms-r02","server","latency-server","2026-09-05T09:06:00.010Z","2026-09-05T09:06:10.010Z","True","150000","18751",,"18750","0","0","1",,,,"4242141",,"150010","178","3743","1.54"
"150k-100ms-r02","server","latency-server","2026-09-05T09:06:10.010Z","2026-09-05T09:06:20.003Z","True","150000","18751",,"18750","0","0","1",,,,"4245138",,"150115","173","4510","1.6100000000000001"
"150k-100ms-r02","server","latency-server","2026-09-05T09:06:20.003Z","2026-09-05T09:06:30.016Z","True","150000","18751",,"18750","0","0","1",,,,"4236766",,"149815","164","3127","1.5"
"150k-100ms-r02","server","latency-server","2026-09-05T09:06:30.016Z","2026-09-05T09:06:40.004Z","True","150000","18751",,"18750","0","0","1",,,,"4247370",,"150190","182","3086","1.5700000000000001"
"150k-100ms-r02","server","latency-server","2026-09-05T09:06:40.004Z","2026-09-05T09:06:50.007Z","True","150000","18751",,"18750","0","0","1",,,,"4241001",,"149965","181","2089","1.5600000000000001"
"150k-100ms-r02","server","latency-server","2026-09-05T09:06:50.007Z","2026-09-05T09:07:00.013Z","True","150000","18751",,"18750","0","0","1",,,,"4239730",,"149920","163","1222","1.6200000000000001"
"150k-100ms-r02","server","latency-server","2026-09-05T09:07:00.013Z","2026-09-05T09:07:10.014Z","True","150000","18751",,"18750","0","0","1",,,,"4241849",,"149995","185","1765","1.6499999999999999"
"150k-100ms-r02","server","latency-server","2026-09-05T09:07:10.014Z","2026-09-05T09:07:20.005Z","True","150000","18751",,"18750","0","0","1",,,,"4246095",,"150145","169","938","1.52"
"150k-100ms-r02","server","latency-server","2026-09-05T09:07:20.005Z","2026-09-05T09:07:30.010Z","True","150000","18751",,"18750","0","0","1",,,,"4240153",,"149935","177","4147","1.5900000000000001"
"150k-100ms-r02","server","latency-server","2026-09-05T09:07:30.010Z","2026-09-05T09:07:40.016Z","True","150000","18751",,"18750","0","0","1",,,,"4239730",,"149920","173","7294","1.6799999999999999"
"150k-100ms-r02","server","latency-server","2026-09-05T09:07:40.016Z","2026-09-05T09:07:50.014Z","True","150000","18751",,"18750","0","0","1",,,,"4268678",,"150040","171","4876","1.54"
"150k-100ms-r02","server","latency-server","2026-09-05T09:07:50.014Z","2026-09-05T09:08:00.012Z","True","150000","18751",,"18750","0","0","1",,,,"4280705",,"150040","168","1687","1.5"
"150k-100ms-r02","server","latency-server","2026-09-05T09:08:00.012Z","2026-09-05T09:08:10.007Z","True","150000","18751",,"18750","0","0","1",,,,"4281989",,"150085","163","3598","1.55"
"150k-100ms-r02","server","latency-server","2026-09-05T09:08:10.007Z","2026-09-05T09:08:20.015Z","True","150000","18751",,"18750","0","0","1",,,,"4276427",,"149890","175","2799","1.54"
"150k-100ms-r02","server","latency-server","2026-09-05T09:08:20.015Z","2026-09-05T09:08:30.001Z","True","150000","18751",,"18750","0","0","1",,,,"4285849",,"150220","175","2372","1.6000000000000001"
"150k-100ms-r02","server","latency-server","2026-09-05T09:08:30.001Z","2026-09-05T09:08:40.003Z","True","150000","18751",,"18750","0","0","1",,,,"4278993",,"149980","179","4581","1.6000000000000001"
"150k-100ms-r02","server","latency-server","2026-09-05T09:08:40.003Z","2026-09-05T09:08:50.015Z","True","150000","18751",,"18750","0","0","1",,,,"4274719",,"149830","182","3533","1.52"
"150k-100ms-r02","server","latency-server","2026-09-05T09:08:50.015Z","2026-09-05T09:09:00.013Z","True","150000","18751",,"18750","0","0","1",,,,"4280705",,"150040","175","2110","1.5800000000000001"
"150k-100ms-r02","server","latency-server","2026-09-05T09:09:00.013Z","2026-09-05T09:09:10.003Z","True","150000","18751",,"18750","0","0","1",,,,"4284133",,"150160","203","5492","1.79"
"150k-100ms-r02","server","latency-server","2026-09-05T09:09:10.003Z","2026-09-05T09:09:20.008Z","True","150000","18751",,"18750","0","0","1",,,,"4277710",,"149935","179","4947","1.55"
"150k-100ms-r02","server","latency-server","2026-09-05T09:09:20.008Z","2026-09-05T09:09:30.004Z","True","150000","18751",,"18750","0","0","1",,,,"4281561",,"150070","181","1674","1.6299999999999999"
"150k-100ms-r02","server","latency-server","2026-09-05T09:09:30.004Z","2026-09-05T09:09:40.013Z","True","150000","18751",,"18750","0","0","1",,,,"4276000",,"149875","181","2479","1.6799999999999999"
"150k-100ms-r02","server","latency-server","2026-09-05T09:09:40.013Z","2026-09-05T09:09:50.010Z","True","150000","18751",,"18750","0","0","1",,,,"4281133",,"150055","171","3235","1.47"
"150k-100ms-r02","server","latency-server","2026-09-05T09:09:50.010Z","2026-09-05T09:10:00.010Z","True","150000","18751",,"18750","0","0","1",,,,"4279849",,"150010","166","2419","1.6000000000000001"
"150k-100ms-r02","server","latency-server","2026-09-05T09:10:00.010Z","2026-09-05T09:10:10.004Z","True","150000","18751",,"18750","0","0","1",,,,"4282418",,"150100","164","3562","1.6100000000000001"
"150k-100ms-r02","server","latency-server","2026-09-05T09:10:10.004Z","2026-09-05T09:10:20.002Z","True","150000","18751",,"18750","0","0","1",,,,"4280705",,"150040","168","3098","1.4399999999999999"
"150k-100ms-r02","server","latency-server","2026-09-05T09:10:20.002Z","2026-09-05T09:10:30.010Z","True","150000","18751",,"18750","0","0","1",,,,"4276427",,"149890","171","2048","1.51"
"150k-100ms-r02","server","latency-server","2026-09-05T09:10:30.010Z","2026-09-05T09:10:40.003Z","True","150000","18751",,"18750","0","0","1",,,,"4282846",,"150115","179","2059","1.48"
"150k-100ms-r02","server","latency-server","2026-09-05T09:10:40.003Z","2026-09-05T09:10:50.003Z","True","150000","18751",,"18750","0","0","1",,,,"4279849",,"150010","174","3199","1.46"
"150k-100ms-r02","server","latency-server","2026-09-05T09:10:50.003Z","2026-09-05T09:11:00.014Z","True","150000","18751",,"18750","0","0","1",,,,"4275146",,"149845","177","4188","1.49"
"150k-100ms-r02","server","latency-server","2026-09-05T09:11:00.014Z","2026-09-05T09:11:10.013Z","True","150000","18751",,"18750","0","0","1",,,,"4280277",,"150025","181","5674","1.5700000000000001"
"150k-100ms-r02","server","latency-server","2026-09-05T09:11:10.013Z","2026-09-05T09:11:20.004Z","True","150000","18751",,"18750","0","0","1",,,,"4283704",,"150145","167","3901","1.6100000000000001"
"150k-100ms-r02","server","latency-server","2026-09-05T09:11:20.004Z","2026-09-05T09:11:30.003Z","True","150000","18751",,"18750","0","0","1",,,,"4280277",,"150025","163","3226","1.4399999999999999"
"150k-100ms-r02","server","latency-server","2026-09-05T09:11:30.003Z","2026-09-05T09:11:40.004Z","True","150000","18751",,"18750","0","0","1",,,,"4279421",,"149995","165","4481","1.53"
"150k-100ms-r02","server","latency-server","2026-09-05T09:11:40.004Z","2026-09-05T09:11:50.012Z","True","150000","18751",,"18750","0","0","1",,,,"4276427",,"149890","172","3927","1.54"
"150k-100ms-r03","client","latency-client","2026-09-05T10:24:00.013Z","2026-09-05T10:24:10.013Z","False","150000","18751",,"18750","0","0","4149904",,"149400","12364","17084","1693",,,"12060","2.2999999999999998"
"150k-100ms-r03","client","latency-client","2026-09-05T10:24:10.013Z","2026-09-05T10:24:20.013Z","False","150000","18751",,"18750","0","0","4242649",,"150026","2034","1",,,,"1864","0.77000000000000002"
"150k-100ms-r03","client","latency-client","2026-09-05T10:24:20.013Z","2026-09-05T10:24:30.001Z","False","150000","18751",,"18750","0","0","4246567",,"150158","1935","1",,,,"1767","0.77000000000000002"
"150k-100ms-r03","client","latency-client","2026-09-05T10:24:30.001Z","2026-09-05T10:24:40.010Z","False","150000","18751",,"18750","0","0","4238458",,"149875","2099","1",,,,"1924","0.77000000000000002"
"150k-100ms-r03","client","latency-client","2026-09-05T10:24:40.010Z","2026-09-05T10:24:50.006Z","False","150000","18751",,"18750","0","0","4243970",,"150070","2500","1",,,,"2324","0.79000000000000004"
"150k-100ms-r03","client","latency-client","2026-09-05T10:24:50.006Z","2026-09-05T10:25:00.012Z","False","150000","18751",,"18750","0","0","4239728",,"149920","2333","1",,,,"2157","0.82999999999999996"
"150k-100ms-r03","client","latency-client","2026-09-05T10:25:00.012Z","2026-09-05T10:25:10.016Z","True","150000","18751",,"18750","0","0","4240576",,"149950","2631","1",,,,"2456","1.22"
"150k-100ms-r03","client","latency-client","2026-09-05T10:25:10.016Z","2026-09-05T10:25:20.010Z","True","150000","18751",,"18750","0","0","4244819",,"150100","2599","1",,,,"2423","1.03"
"150k-100ms-r03","client","latency-client","2026-09-05T10:25:20.010Z","2026-09-05T10:25:30.002Z","True","150000","18751",,"18750","0","0","4245669",,"150130","2613","1",,,,"2441","1"
"150k-100ms-r03","client","latency-client","2026-09-05T10:25:30.002Z","2026-09-05T10:25:40.010Z","True","150000","18751",,"18750","0","0","4238881",,"149890","2589","1",,,,"2415","1"
"150k-100ms-r03","client","latency-client","2026-09-05T10:25:40.010Z","2026-09-05T10:25:50.006Z","True","150000","18751",,"18750","0","0","4243970",,"150070","2672","1",,,,"2498","1.1499999999999999"
"150k-100ms-r03","client","latency-client","2026-09-05T10:25:50.006Z","2026-09-05T10:26:00.006Z","True","150000","18751",,"18750","0","0","4242272",,"150010","2747","1",,,,"2577","1.05"
"150k-100ms-r03","client","latency-client","2026-09-05T10:26:00.006Z","2026-09-05T10:26:10.008Z","True","150000","18751",,"18750","0","0","4241424",,"149980","2560","1",,,,"2395","1.01"
"150k-100ms-r03","client","latency-client","2026-09-05T10:26:10.008Z","2026-09-05T10:26:20.015Z","True","150000","18751",,"18750","0","0","4259329",,"150619","2657","1",,,,"2492","1.1000000000000001"
"150k-100ms-r03","client","latency-client","2026-09-05T10:26:20.015Z","2026-09-05T10:26:30.013Z","True","150000","18751",,"18750","0","0","4223078",,"149324","2637","1",,,,"2457","1.0700000000000001"
"150k-100ms-r03","client","latency-client","2026-09-05T10:26:30.013Z","2026-09-05T10:26:40.010Z","True","150000","18751",,"18750","0","0","4243970",,"150070","2624","1",,,,"2456","1.2"
"150k-100ms-r03","client","latency-client","2026-09-05T10:26:40.010Z","2026-09-05T10:26:50.009Z","True","150000","18751",,"18750","0","0","4242272",,"150010","2413","1",,,,"2239","1.05"
"150k-100ms-r03","client","latency-client","2026-09-05T10:26:50.009Z","2026-09-05T10:27:00.003Z","True","150000","18751",,"18750","0","0","4244819",,"150100","2666","1",,,,"2491","1.1699999999999999"
"150k-100ms-r03","client","latency-client","2026-09-05T10:27:00.003Z","2026-09-05T10:27:10.003Z","True","150000","18751",,"18750","0","0","4242272",,"150010","2490","1",,,,"2322","1.0900000000000001"
"150k-100ms-r03","client","latency-client","2026-09-05T10:27:10.003Z","2026-09-05T10:27:20.008Z","True","150000","18751",,"18750","0","0","4240152",,"149935","2771","1",,,,"2604","1.04"
"150k-100ms-r03","client","latency-client","2026-09-05T10:27:20.008Z","2026-09-05T10:27:30.005Z","True","150000","18751",,"18750","0","0","4243545",,"150055","2665","1",,,,"2499","1.1399999999999999"
"150k-100ms-r03","client","latency-client","2026-09-05T10:27:30.005Z","2026-09-05T10:27:40.006Z","True","150000","18751",,"18750","0","0","4241848",,"149995","2726","1",,,,"2564","1.1000000000000001"
"150k-100ms-r03","client","latency-client","2026-09-05T10:27:40.006Z","2026-09-05T10:27:50.001Z","True","150000","18751",,"18750","0","0","4244394",,"150085","2508","1",,,,"2340","1.05"
"150k-100ms-r03","client","latency-client","2026-09-05T10:27:50.001Z","2026-09-05T10:28:00.007Z","True","150000","18751",,"18750","0","0","4239728",,"149920","2545","1",,,,"2375","1.1299999999999999"
"150k-100ms-r03","client","latency-client","2026-09-05T10:28:00.007Z","2026-09-05T10:28:10.010Z","True","150000","18751",,"18750","0","0","4241000",,"149965","2562","1",,,,"2395","1.0700000000000001"
"150k-100ms-r03","client","latency-client","2026-09-05T10:28:10.010Z","2026-09-05T10:28:20.010Z","True","150000","18751",,"18750","0","0","4242272",,"150010","2732","1",,,,"2562","1.1299999999999999"
"150k-100ms-r03","client","latency-client","2026-09-05T10:28:20.010Z","2026-09-05T10:28:30.001Z","True","150000","18751",,"18750","0","0","4246094",,"150145","2575","1",,,,"2401","1.0800000000000001"
"150k-100ms-r03","client","latency-client","2026-09-05T10:28:30.001Z","2026-09-05T10:28:40.001Z","True","150000","18751",,"18750","0","0","4242272",,"150010","2542","1",,,,"2367","1.1100000000000001"
"150k-100ms-r03","client","latency-client","2026-09-05T10:28:40.001Z","2026-09-05T10:28:50.008Z","True","150000","18751",,"18750","0","0","4239304",,"149905","2438","1",,,,"2266","0.98999999999999999"
"150k-100ms-r03","client","latency-client","2026-09-05T10:28:50.008Z","2026-09-05T10:29:00.002Z","True","150000","18751",,"18750","0","0","4244819",,"150100","2592","1",,,,"2417","1.1399999999999999"
"150k-100ms-r03","client","latency-client","2026-09-05T10:29:00.002Z","2026-09-05T10:29:10.005Z","True","150000","18751",,"18750","0","0","4241000",,"149965","2703","1",,,,"2524","1.0800000000000001"
"150k-100ms-r03","client","latency-client","2026-09-05T10:29:10.005Z","2026-09-05T10:29:20.001Z","True","150000","18751",,"18750","0","0","4243969",,"150070","2520","1",,,,"2348","1.02"
"150k-100ms-r03","client","latency-client","2026-09-05T10:29:20.001Z","2026-09-05T10:29:30.015Z","True","150000","18751",,"18750","0","0","4237941",,"149857","2665","1",,,,"2500","1.0700000000000001"
"150k-100ms-r03","client","latency-client","2026-09-05T10:29:30.015Z","2026-09-05T10:29:40.013Z","True","150000","18751",,"18750","0","0","4242319",,"150011","2712","1",,,,"2540","1.1200000000000001"
"150k-100ms-r03","client","latency-client","2026-09-05T10:29:40.013Z","2026-09-05T10:29:50.013Z","True","150000","18751",,"18750","0","0","4241471",,"149981","2905","1",,,,"2739","1.1000000000000001"
"150k-100ms-r03","client","latency-client","2026-09-05T10:29:50.013Z","2026-09-05T10:30:00.002Z","True","150000","18751",,"18750","0","0","4246943",,"150175","2690","1",,,,"2501","1.1399999999999999"
"150k-100ms-r03","client","latency-client","2026-09-05T10:30:00.002Z","2026-09-05T10:30:10.014Z","True","150000","18751",,"18750","0","0","4237187",,"149830","2476","1",,,,"2298","1.02"
"150k-100ms-r03","client","latency-client","2026-09-05T10:30:10.014Z","2026-09-05T10:30:20.002Z","True","150000","18751",,"18750","0","0","4247369",,"150190","2642","1",,,,"2468","1.1000000000000001"
"150k-100ms-r03","client","latency-client","2026-09-05T10:30:20.002Z","2026-09-05T10:30:30.001Z","True","150000","18751",,"18750","0","0","4242696",,"150025","2577","1",,,,"2408","1.2"
"150k-100ms-r03","client","latency-client","2026-09-05T10:30:30.001Z","2026-09-05T10:30:40.004Z","True","150000","18751",,"18750","0","0","4241000",,"149965","2483","1",,,,"2303","1.03"
"150k-100ms-r03","client","latency-client","2026-09-05T10:30:40.004Z","2026-09-05T10:30:50.001Z","True","150000","18751",,"18750","0","0","4249184",,"150055","2638","1",,,,"2469","0.97999999999999998"
"150k-100ms-r03","client","latency-client","2026-09-05T10:30:50.001Z","2026-09-05T10:31:00.016Z","True","150000","18751",,"18750","0","0","4273437",,"149785","2611","1",,,,"2438","1.1499999999999999"
"150k-100ms-r03","client","latency-client","2026-09-05T10:31:00.016Z","2026-09-05T10:31:10.013Z","True","150000","18751",,"18750","0","0","4281132",,"150055","2747","1",,,,"2573","0.95999999999999996"
"150k-100ms-r03","client","latency-client","2026-09-05T10:31:10.013Z","2026-09-05T10:31:20.003Z","True","150000","18751",,"18750","0","0","4284131",,"150160","2911","1",,,,"2730","1.1499999999999999"
"150k-100ms-r03","client","latency-client","2026-09-05T10:31:20.003Z","2026-09-05T10:31:30.012Z","True","150000","18751",,"18750","0","0","4277598",,"149930","2810","1",,,,"2638","1.1499999999999999"
"150k-100ms-r03","client","latency-client","2026-09-05T10:31:30.012Z","2026-09-05T10:31:40.009Z","True","150000","18751",,"18750","0","0","4279530",,"149999","2651","1",,,,"2480","1.1399999999999999"
"150k-100ms-r03","client","latency-client","2026-09-05T10:31:40.009Z","2026-09-05T10:31:50.006Z","True","150000","18751",,"18750","0","0","4281131",,"150055","2411","1",,,,"2244","1.0700000000000001"
"150k-100ms-r03","client","latency-client","2026-09-05T10:31:50.006Z","2026-09-05T10:32:00.014Z","True","150000","18751",,"18750","0","0","4276426",,"149890","2513","1",,,,"2341","1.04"
"150k-100ms-r03","client","latency-client","2026-09-05T10:32:00.014Z","2026-09-05T10:32:10.006Z","True","150000","18751",,"18750","0","0","4283274",,"150130","2747","1",,,,"2565","1.01"
"150k-100ms-r03","client","latency-client","2026-09-05T10:32:10.006Z","2026-09-05T10:32:20.000Z","True","150000","18751",,"18750","0","0","4282416",,"150100","4948","1",,,,"4781","1.1799999999999999"
"150k-100ms-r03","client","latency-client","2026-09-05T10:32:20.000Z","2026-09-05T10:32:30.014Z","True","150000","18751",,"18750","0","0","4273864",,"149800","2599","1",,,,"2428","1.1200000000000001"
"150k-100ms-r03","client","latency-client","2026-09-05T10:32:30.014Z","2026-09-05T10:32:40.003Z","True","150000","18751",,"18750","0","0","4284560",,"150175","2563","1",,,,"2389","1.05"
"150k-100ms-r03","client","latency-client","2026-09-05T10:32:40.003Z","2026-09-05T10:32:50.003Z","True","150000","18751",,"18750","0","0","4279847",,"150010","2842","1",,,,"2665","1.1200000000000001"
"150k-100ms-r03","client","latency-client","2026-09-05T10:32:50.003Z","2026-09-05T10:33:00.006Z","True","150000","18751",,"18750","0","0","4278563",,"149965","2712","1",,,,"2544","1.0700000000000001"
"150k-100ms-r03","client","latency-client","2026-09-05T10:33:00.006Z","2026-09-05T10:33:10.008Z","True","150000","18751",,"18750","0","0","4278992",,"149980","2967","1",,,,"2790","1.1299999999999999"
"150k-100ms-r03","client","latency-client","2026-09-05T10:33:10.008Z","2026-09-05T10:33:20.004Z","True","150000","18751",,"18750","0","0","4281560",,"150070","3081","1",,,,"2916","1.0600000000000001"
"150k-100ms-r03","client","latency-client","2026-09-05T10:33:20.004Z","2026-09-05T10:33:30.001Z","True","150000","18751",,"18750","0","0","4281132",,"150055","2484","1",,,,"2343","0.81000000000000005"
"150k-100ms-r03","client","latency-client","2026-09-05T10:33:30.001Z","2026-09-05T10:33:40.002Z","True","150000","18751",,"18750","0","0","4279305",,"149995","2603","1",,,,"2482","0.80000000000000004"
"150k-100ms-r03","client","latency-client","2026-09-05T10:33:40.002Z","2026-09-05T10:33:50.009Z","True","150000","18751",,"18750","0","0","4277519",,"149932","2584","1",,,,"2466","0.84999999999999998"
"150k-100ms-r03","client","latency-client","2026-09-05T10:33:50.009Z","2026-09-05T10:34:00.000Z","True","150000","18751",,"18750","0","0","4282766",,"150117","2466","1",,,,"2348","0.76000000000000001"
"150k-100ms-r03","client","latency-client","2026-09-05T10:34:00.000Z","2026-09-05T10:34:10.012Z","True","150000","18751",,"18750","0","0","4279384",,"149995","2411","1",,,,"2295","0.79000000000000004"
"150k-100ms-r03","client","latency-client","2026-09-05T10:34:10.012Z","2026-09-05T10:34:20.012Z","True","150000","18751",,"18750","0","0","4279713",,"150010","2613","1",,,,"2498","0.83999999999999997"
"150k-100ms-r03","client","latency-client","2026-09-05T10:34:20.012Z","2026-09-05T10:34:30.005Z","True","150000","18751",,"18750","0","0","4277902",,"149949","2377","1",,,,"2252","0.78000000000000003"
"150k-100ms-r03","client","latency-client","2026-09-05T10:34:30.005Z","2026-09-05T10:34:40.010Z","True","150000","18751",,"18750","0","0","4279975",,"150017","2440","1",,,,"2320","0.81000000000000005"
"150k-100ms-r03","client","latency-client","2026-09-05T10:34:40.010Z","2026-09-05T10:34:50.002Z","True","150000","18751",,"18750","0","0","4280736",,"150047","2371","1",,,,"2245","0.75"
"150k-100ms-r03","client","latency-client","2026-09-05T10:34:50.002Z","2026-09-05T10:35:00.001Z","False","150000","18750",,"18750","0","0","4023325",,"141023","2376","5",,,,"2261","0.79000000000000004"
"150k-100ms-r03","server","latency-server","2026-09-05T10:23:50.014Z","2026-09-05T10:24:00.014Z","False","150000","18751",,"18750","0","0","20682","2050",,,"461915",,"16973","169","10849","1.96"
"150k-100ms-r03","server","latency-server","2026-09-05T10:24:00.014Z","2026-09-05T10:24:10.012Z","False","150000","18751",,"18750","0","0","1",,,,"4172031",,"149882","167","10608","1.47"
"150k-100ms-r03","server","latency-server","2026-09-05T10:24:10.012Z","2026-09-05T10:24:20.013Z","False","150000","18751",,"18750","0","0","1",,,,"4244261",,"150094","170","3434","1.54"
"150k-100ms-r03","server","latency-server","2026-09-05T10:24:20.013Z","2026-09-05T10:24:30.016Z","False","150000","18751",,"18750","0","0","1",,,,"4238587",,"149865","168","3461","1.52"
"150k-100ms-r03","server","latency-server","2026-09-05T10:24:30.016Z","2026-09-05T10:24:40.010Z","False","150000","18751",,"18750","0","0","1",,,,"4244820",,"150100","175","2213","1.55"
"150k-100ms-r03","server","latency-server","2026-09-05T10:24:40.010Z","2026-09-05T10:24:50.006Z","False","150000","18751",,"18750","0","0","1",,,,"4243970",,"150070","176","3457","1.55"
"150k-100ms-r03","server","latency-server","2026-09-05T10:24:50.006Z","2026-09-05T10:25:00.012Z","False","150000","18751",,"18750","0","0","1",,,,"4239728",,"149920","176","2349","1.53"
"150k-100ms-r03","server","latency-server","2026-09-05T10:25:00.012Z","2026-09-05T10:25:10.016Z","True","150000","18751",,"18750","0","0","1",,,,"4240576",,"149950","174","388","1.5900000000000001"
"150k-100ms-r03","server","latency-server","2026-09-05T10:25:10.016Z","2026-09-05T10:25:20.010Z","True","150000","18751",,"18750","0","0","1",,,,"4244819",,"150100","176","2195","1.6000000000000001"
"150k-100ms-r03","server","latency-server","2026-09-05T10:25:20.010Z","2026-09-05T10:25:30.002Z","True","150000","18751",,"18750","0","0","1",,,,"4245669",,"150130","172","1821","1.4299999999999999"
"150k-100ms-r03","server","latency-server","2026-09-05T10:25:30.002Z","2026-09-05T10:25:40.010Z","True","150000","18751",,"18750","0","0","1",,,,"4238881",,"149890","174","3929","1.6000000000000001"
"150k-100ms-r03","server","latency-server","2026-09-05T10:25:40.010Z","2026-09-05T10:25:50.009Z","True","150000","18751",,"18750","0","0","1",,,,"4242697",,"150025","174","4556","1.6499999999999999"
"150k-100ms-r03","server","latency-server","2026-09-05T10:25:50.009Z","2026-09-05T10:26:00.006Z","True","150000","18751",,"18750","0","0","1",,,,"4243545",,"150055","170","3187","1.6000000000000001"
"150k-100ms-r03","server","latency-server","2026-09-05T10:26:00.006Z","2026-09-05T10:26:10.008Z","True","150000","18751",,"18750","0","0","1",,,,"4241424",,"149980","165","3061","1.5600000000000001"
"150k-100ms-r03","server","latency-server","2026-09-05T10:26:10.008Z","2026-09-05T10:26:20.000Z","True","150000","18751",,"18750","0","0","1",,,,"4245668",,"150130","166","5617","1.4399999999999999"
"150k-100ms-r03","server","latency-server","2026-09-05T10:26:20.000Z","2026-09-05T10:26:30.013Z","True","150000","18751",,"18750","0","0","1",,,,"4236764",,"149815","180","6009","1.6000000000000001"
"150k-100ms-r03","server","latency-server","2026-09-05T10:26:30.013Z","2026-09-05T10:26:40.017Z","True","150000","18751",,"18750","0","0","1",,,,"4240576",,"149950","168","4871","1.5600000000000001"
"150k-100ms-r03","server","latency-server","2026-09-05T10:26:40.017Z","2026-09-05T10:26:50.009Z","True","150000","18751",,"18750","0","0","1",,,,"4245668",,"150130","174","859","1.6399999999999999"
"150k-100ms-r03","server","latency-server","2026-09-05T10:26:50.009Z","2026-09-05T10:27:00.003Z","True","150000","18751",,"18750","0","0","1",,,,"4244819",,"150100","174","2640","1.6100000000000001"
"150k-100ms-r03","server","latency-server","2026-09-05T10:27:00.003Z","2026-09-05T10:27:10.005Z","True","150000","18751",,"18750","0","0","1",,,,"4242272",,"150010","168","2052","1.5900000000000001"
"150k-100ms-r03","server","latency-server","2026-09-05T10:27:10.005Z","2026-09-05T10:27:20.009Z","True","150000","18751",,"18750","0","0","1",,,,"4239728",,"149920","167","2636","1.5800000000000001"
"150k-100ms-r03","server","latency-server","2026-09-05T10:27:20.009Z","2026-09-05T10:27:30.005Z","True","150000","18751",,"18750","0","0","1",,,,"4243970",,"150070","166","967","1.6000000000000001"
"150k-100ms-r03","server","latency-server","2026-09-05T10:27:30.005Z","2026-09-05T10:27:40.006Z","True","150000","18751",,"18750","0","0","1",,,,"4241848",,"149995","162","930","1.5600000000000001"
"150k-100ms-r03","server","latency-server","2026-09-05T10:27:40.006Z","2026-09-05T10:27:50.001Z","True","150000","18751",,"18750","0","0","1",,,,"4244394",,"150085","167","2168","1.52"
"150k-100ms-r03","server","latency-server","2026-09-05T10:27:50.001Z","2026-09-05T10:28:00.007Z","True","150000","18751",,"18750","0","0","1",,,,"4239728",,"149920","169","1772","1.5700000000000001"
"150k-100ms-r03","server","latency-server","2026-09-05T10:28:00.007Z","2026-09-05T10:28:10.010Z","True","150000","18751",,"18750","0","0","1",,,,"4241000",,"149965","166","3455","1.5800000000000001"
"150k-100ms-r03","server","latency-server","2026-09-05T10:28:10.010Z","2026-09-05T10:28:20.010Z","True","150000","18751",,"18750","0","0","1",,,,"4242272",,"150010","170","4106","1.6000000000000001"
"150k-100ms-r03","server","latency-server","2026-09-05T10:28:20.010Z","2026-09-05T10:28:30.001Z","True","150000","18751",,"18750","0","0","1",,,,"4246094",,"150145","173","5777","1.5900000000000001"
"150k-100ms-r03","server","latency-server","2026-09-05T10:28:30.001Z","2026-09-05T10:28:40.001Z","True","150000","18751",,"18750","0","0","1",,,,"4242272",,"150010","174","5616","1.48"
"150k-100ms-r03","server","latency-server","2026-09-05T10:28:40.001Z","2026-09-05T10:28:50.008Z","True","150000","18751",,"18750","0","0","1",,,,"4239304",,"149905","172","3512","1.5"
"150k-100ms-r03","server","latency-server","2026-09-05T10:28:50.008Z","2026-09-05T10:29:00.002Z","True","150000","18751",,"18750","0","0","1",,,,"4244819",,"150100","174","4073","1.55"
"150k-100ms-r03","server","latency-server","2026-09-05T10:29:00.002Z","2026-09-05T10:29:10.005Z","True","150000","18751",,"18750","0","0","1",,,,"4241000",,"149965","178","7852","1.55"
"150k-100ms-r03","server","latency-server","2026-09-05T10:29:10.005Z","2026-09-05T10:29:20.009Z","True","150000","18751",,"18750","0","0","1",,,,"4243969",,"150070","172","4167","1.5800000000000001"
"150k-100ms-r03","server","latency-server","2026-09-05T10:29:20.009Z","2026-09-05T10:29:30.015Z","True","150000","18751",,"18750","0","0","1",,,,"4237941",,"149868","165","498","1.5700000000000001"
"150k-100ms-r03","server","latency-server","2026-09-05T10:29:30.015Z","2026-09-05T10:29:40.013Z","True","150000","18751",,"18750","0","0","1",,,,"4243923",,"150057","171","1903","1.5900000000000001"
"150k-100ms-r03","server","latency-server","2026-09-05T10:29:40.013Z","2026-09-05T10:29:50.013Z","True","150000","18751",,"18750","0","0","1",,,,"4239867",,"149924","166","1577","1.5700000000000001"
"150k-100ms-r03","server","latency-server","2026-09-05T10:29:50.013Z","2026-09-05T10:30:00.002Z","True","150000","18751",,"18750","0","0","1",,,,"4246943",,"150175","189","2075","1.6499999999999999"
"150k-100ms-r03","server","latency-server","2026-09-05T10:30:00.002Z","2026-09-05T10:30:10.014Z","True","150000","18751",,"18750","0","0","1",,,,"4237187",,"149830","178","9542","1.55"
"150k-100ms-r03","server","latency-server","2026-09-05T10:30:10.014Z","2026-09-05T10:30:20.009Z","True","150000","18751",,"18750","0","0","1",,,,"4244394",,"150085","174","2940","1.53"
"150k-100ms-r03","server","latency-server","2026-09-05T10:30:20.009Z","2026-09-05T10:30:30.001Z","True","150000","18751",,"18750","0","0","1",,,,"4245669",,"150130","169","2733","1.47"
"150k-100ms-r03","server","latency-server","2026-09-05T10:30:30.001Z","2026-09-05T10:30:40.006Z","True","150000","18751",,"18750","0","0","1",,,,"4240152",,"149935","180","4279","1.5600000000000001"
"150k-100ms-r03","server","latency-server","2026-09-05T10:30:40.006Z","2026-09-05T10:30:50.001Z","True","150000","18751",,"18750","0","0","1",,,,"4250034",,"150085","168","3663","1.55"
"150k-100ms-r03","server","latency-server","2026-09-05T10:30:50.001Z","2026-09-05T10:31:00.016Z","True","150000","18751",,"18750","0","0","1",,,,"4273437",,"149785","173","2205","1.48"
"150k-100ms-r03","server","latency-server","2026-09-05T10:31:00.016Z","2026-09-05T10:31:10.013Z","True","150000","18751",,"18750","0","0","1",,,,"4281132",,"150055","174","2414","1.47"
"150k-100ms-r03","server","latency-server","2026-09-05T10:31:10.013Z","2026-09-05T10:31:20.003Z","True","150000","18751",,"18750","0","0","1",,,,"4284131",,"150160","180","1895","1.55"
"150k-100ms-r03","server","latency-server","2026-09-05T10:31:20.003Z","2026-09-05T10:31:30.012Z","True","150000","18751",,"18750","0","0","1",,,,"4280009",,"150018","171","8071","1.5600000000000001"
"150k-100ms-r03","server","latency-server","2026-09-05T10:31:30.012Z","2026-09-05T10:31:40.009Z","True","150000","18751",,"18750","0","0","1",,,,"4277116",,"149910","171","1908","1.6299999999999999"
"150k-100ms-r03","server","latency-server","2026-09-05T10:31:40.009Z","2026-09-05T10:31:50.006Z","True","150000","18751",,"18750","0","0","1",,,,"4281131",,"150055","166","976","1.55"
"150k-100ms-r03","server","latency-server","2026-09-05T10:31:50.006Z","2026-09-05T10:32:00.017Z","True","150000","18751",,"18750","0","0","1",,,,"4275144",,"149845","172","1794","1.52"
"150k-100ms-r03","server","latency-server","2026-09-05T10:32:00.017Z","2026-09-05T10:32:10.009Z","True","150000","18751",,"18750","0","0","1",,,,"4283274",,"150130","181","1441","1.52"
"150k-100ms-r03","server","latency-server","2026-09-05T10:32:10.009Z","2026-09-05T10:32:20.000Z","True","150000","18751",,"18750","0","0","1",,,,"4283702",,"150145","166","3883","1.5600000000000001"
"150k-100ms-r03","server","latency-server","2026-09-05T10:32:20.000Z","2026-09-05T10:32:30.014Z","True","150000","18751",,"18750","0","0","1",,,,"4273864",,"149800","171","2931","1.6599999999999999"
"150k-100ms-r03","server","latency-server","2026-09-05T10:32:30.014Z","2026-09-05T10:32:40.003Z","True","150000","18751",,"18750","0","0","1",,,,"4284560",,"150175","173","4091","1.5600000000000001"
"150k-100ms-r03","server","latency-server","2026-09-05T10:32:40.003Z","2026-09-05T10:32:50.004Z","True","150000","18751",,"18750","0","0","1",,,,"4279419",,"149995","177","3278","1.5600000000000001"
"150k-100ms-r03","server","latency-server","2026-09-05T10:32:50.004Z","2026-09-05T10:33:00.006Z","True","150000","18751",,"18750","0","0","1",,,,"4278991",,"149980","168","5499","1.5"
"150k-100ms-r03","server","latency-server","2026-09-05T10:33:00.006Z","2026-09-05T10:33:10.008Z","True","150000","18751",,"18750","0","0","1",,,,"4278992",,"149980","177","3528","1.53"
"150k-100ms-r03","server","latency-server","2026-09-05T10:33:10.008Z","2026-09-05T10:33:20.004Z","True","150000","18751",,"18750","0","0","1",,,,"4281560",,"150070","164","4313","1.4199999999999999"
"150k-100ms-r03","server","latency-server","2026-09-05T10:33:20.004Z","2026-09-05T10:33:30.001Z","True","150000","18751",,"18750","0","0","1",,,,"4281132",,"150055","139","5082","1.3400000000000001"
"150k-100ms-r03","server","latency-server","2026-09-05T10:33:30.001Z","2026-09-05T10:33:40.004Z","True","150000","18751",,"18750","0","0","1",,,,"4279305",,"149995","120","3647","1.2"
"150k-100ms-r03","server","latency-server","2026-09-05T10:33:40.004Z","2026-09-05T10:33:50.012Z","True","150000","18751",,"18750","0","0","1",,,,"4277037",,"149915","119","5122","1.24"
"150k-100ms-r03","server","latency-server","2026-09-05T10:33:50.012Z","2026-09-05T10:34:00.001Z","True","150000","18751",,"18750","0","0","1",,,,"4282822",,"150119","117","5640","1.1599999999999999"
"150k-100ms-r03","server","latency-server","2026-09-05T10:34:00.001Z","2026-09-05T10:34:10.021Z","True","150000","18751",,"18750","0","0","1",,,,"4283972",,"150165","115","3237","1.29"
"150k-100ms-r03","server","latency-server","2026-09-05T10:34:10.021Z","2026-09-05T10:34:20.014Z","True","150000","18751",,"18750","0","0","1",,,,"4283504",,"150131","115","3307","1.25"
"150k-100ms-r03","server","latency-server","2026-09-05T10:34:20.014Z","2026-09-05T10:34:30.006Z","True","150000","18751",,"18750","0","0","1",,,,"4269509",,"149657","123","3564","1.23"
"150k-100ms-r03","server","latency-server","2026-09-05T10:34:30.006Z","2026-09-05T10:34:40.010Z","True","150000","18751",,"18750","0","0","1",,,,"4282820",,"150132","120","3372","1.21"
"150k-100ms-r03","server","latency-server","2026-09-05T10:34:40.010Z","2026-09-05T10:34:50.002Z","True","150000","18751",,"18750","0","0","1",,,,"4278316",,"149947","125","3067","1.3"
"150k-100ms-r03","server","latency-server","2026-09-05T10:34:50.002Z","2026-09-05T10:35:00.018Z","False","150000","18750",,"18750","0","0","5",,,,"4016496",,"140784","114","2911","1.1299999999999999"
"150k-10ms-r01","client","latency-client","2026-09-05T08:37:10.008Z","2026-09-05T08:37:20.008Z","False","150000","1876",,"1875","0","0","4083771",,"149818","432","1771","180",,,"318","2.23"
"150k-10ms-r01","client","latency-client","2026-09-05T08:37:20.008Z","2026-09-05T08:37:30.002Z","False","150000","1876",,"1875","0","0","4089241",,"149724","438","1",,,,"301","0.81999999999999995"
"150k-10ms-r01","client","latency-client","2026-09-05T08:37:30.002Z","2026-09-05T08:37:40.002Z","False","150000","1876",,"1875","0","0","4074807",,"149196","441","1",,,,"298","0.68000000000000005"
"150k-10ms-r01","client","latency-client","2026-09-05T08:37:40.002Z","2026-09-05T08:37:50.010Z","False","150000","1876",,"1875","0","0","4051246",,"148333","438","1",,,,"282","0.76000000000000001"
"150k-10ms-r01","client","latency-client","2026-09-05T08:37:50.010Z","2026-09-05T08:38:00.010Z","False","150000","1876",,"1875","0","0","4113347",,"149349","530","1",,,,"393","0.80000000000000004"
"150k-10ms-r01","client","latency-client","2026-09-05T08:38:00.010Z","2026-09-05T08:38:10.002Z","False","150000","1876",,"1875","0","0","4113731",,"149256","517","1",,,,"364","0.89000000000000001"
"150k-10ms-r01","client","latency-client","2026-09-05T08:38:10.002Z","2026-09-05T08:38:20.014Z","True","150000","1876",,"1875","0","0","4121368",,"149532","587","1",,,,"411","1.1699999999999999"
"150k-10ms-r01","client","latency-client","2026-09-05T08:38:20.014Z","2026-09-05T08:38:30.002Z","True","150000","1876",,"1875","0","0","4105489",,"148956","572","1",,,,"425","1.1899999999999999"
"150k-10ms-r01","client","latency-client","2026-09-05T08:38:30.002Z","2026-09-05T08:38:40.001Z","True","150000","1876",,"1875","0","0","4197091",,"149035","592","1",,,,"423","1.26"
"150k-10ms-r01","client","latency-client","2026-09-05T08:38:40.001Z","2026-09-05T08:38:50.013Z","True","150000","1876",,"1875","0","0","4214691",,"148870","545","1",,,,"413","1.26"
"150k-10ms-r01","client","latency-client","2026-09-05T08:38:50.013Z","2026-09-05T08:39:00.014Z","True","150000","1876",,"1875","0","0","4244819",,"149934","570","1",,,,"414","1.1899999999999999"
"150k-10ms-r01","client","latency-client","2026-09-05T08:39:00.014Z","2026-09-05T08:39:10.011Z","True","150000","1876",,"1875","0","0","4225265",,"149244","575","1",,,,"446","1.21"
"150k-10ms-r01","client","latency-client","2026-09-05T08:39:10.011Z","2026-09-05T08:39:20.014Z","True","150000","1876",,"1875","0","0","4218483",,"149004","569","1",,,,"440","1.3100000000000001"
"150k-10ms-r01","client","latency-client","2026-09-05T08:39:20.014Z","2026-09-05T08:39:30.012Z","True","150000","1876",,"1875","0","0","4186589",,"147878","654","1",,,,"460","1.3799999999999999"
"150k-10ms-r01","client","latency-client","2026-09-05T08:39:30.012Z","2026-09-05T08:39:40.012Z","True","150000","1876",,"1875","0","0","4195053",,"148182","685","1",,,,"524","1.25"
"150k-10ms-r01","client","latency-client","2026-09-05T08:39:40.012Z","2026-09-05T08:39:50.003Z","True","150000","1876",,"1875","0","0","4205733",,"148548","627","1",,,,"473","1.3400000000000001"
"150k-10ms-r01","client","latency-client","2026-09-05T08:39:50.003Z","2026-09-05T08:40:00.008Z","True","150000","1876",,"1875","0","0","4192156",,"148074","649","1",,,,"454","1.3799999999999999"
"150k-10ms-r01","client","latency-client","2026-09-05T08:40:00.008Z","2026-09-05T08:40:10.001Z","True","150000","1876",,"1875","0","0","4205693",,"148552","551","1",,,,"383","1.1200000000000001"
"150k-10ms-r01","client","latency-client","2026-09-05T08:40:10.001Z","2026-09-05T08:40:20.016Z","True","150000","1876",,"1875","0","0","4204942",,"148526","539","1",,,,"409","1.2"
"150k-10ms-r01","client","latency-client","2026-09-05T08:40:20.016Z","2026-09-05T08:40:30.011Z","True","150000","1876",,"1875","0","0","4214960",,"148883","559","1",,,,"395","1.2"
"150k-10ms-r01","client","latency-client","2026-09-05T08:40:30.011Z","2026-09-05T08:40:40.008Z","True","150000","1876",,"1875","0","0","4206657",,"148583","543","1",,,,"400","1.1899999999999999"
"150k-10ms-r01","client","latency-client","2026-09-05T08:40:40.008Z","2026-09-05T08:40:50.003Z","True","150000","1876",,"1875","0","0","4230363",,"149424","550","1",,,,"421","1.2"
"150k-10ms-r01","client","latency-client","2026-09-05T08:40:50.003Z","2026-09-05T08:41:00.006Z","True","150000","1876",,"1875","0","0","4218481",,"149004","585","1",,,,"405","1.23"
"150k-10ms-r01","client","latency-client","2026-09-05T08:41:00.006Z","2026-09-05T08:41:10.016Z","True","150000","1876",,"1875","0","0","4215464",,"148900","549","1",,,,"420","1.1799999999999999"
"150k-10ms-r01","client","latency-client","2026-09-05T08:41:10.016Z","2026-09-05T08:41:20.009Z","True","150000","1876",,"1875","0","0","4231128",,"149454","526","1",,,,"383","1.23"
"150k-10ms-r01","client","latency-client","2026-09-05T08:41:20.009Z","2026-09-05T08:41:30.004Z","True","150000","1876",,"1875","0","0","4221860",,"149123","516","1",,,,"368","1.1599999999999999"
"150k-10ms-r01","client","latency-client","2026-09-05T08:41:30.004Z","2026-09-05T08:41:40.006Z","True","150000","1876",,"1875","0","0","4235898",,"149619","816","1",,,,"671","1.25"
"150k-10ms-r01","client","latency-client","2026-09-05T08:41:40.006Z","2026-09-05T08:41:50.005Z","True","150000","1876",,"1875","0","0","4224420",,"149214","871","1",,,,"701","1.2"
"150k-10ms-r01","client","latency-client","2026-09-05T08:41:50.005Z","2026-09-05T08:42:00.006Z","True","150000","1876",,"1875","0","0","4223575",,"149184","508","1",,,,"372","1.1899999999999999"
"150k-10ms-r01","client","latency-client","2026-09-05T08:42:00.006Z","2026-09-05T08:42:10.014Z","True","150000","1876",,"1875","0","0","4220621",,"149080","517","1",,,,"363","1.1299999999999999"
"150k-10ms-r01","client","latency-client","2026-09-05T08:42:10.014Z","2026-09-05T08:42:20.011Z","True","150000","1876",,"1875","0","0","4217565",,"148972","536","1",,,,"390","1.21"
"150k-10ms-r01","client","latency-client","2026-09-05T08:42:20.011Z","2026-09-05T08:42:30.006Z","True","150000","1876",,"1875","0","0","4216806",,"148945","797","1",,,,"641","1.1200000000000001"
"150k-10ms-r01","client","latency-client","2026-09-05T08:42:30.006Z","2026-09-05T08:42:40.006Z","True","150000","1876",,"1875","0","0","4223998",,"149199","851","1",,,,"696","1.1599999999999999"
"150k-10ms-r01","client","latency-client","2026-09-05T08:42:40.006Z","2026-09-05T08:42:50.002Z","True","150000","1876",,"1875","0","0","4210288",,"148715","552","1",,,,"403","1.26"
"150k-10ms-r01","client","latency-client","2026-09-05T08:42:50.002Z","2026-09-05T08:43:00.016Z","True","150000","1876",,"1875","0","0","4220735",,"149083","532","1",,,,"405","1.1100000000000001"
"150k-10ms-r01","client","latency-client","2026-09-05T08:43:00.016Z","2026-09-05T08:43:10.014Z","True","150000","1876",,"1875","0","0","4212091",,"148778","568","1",,,,"401","1.22"
"150k-10ms-r01","client","latency-client","2026-09-05T08:43:10.014Z","2026-09-05T08:43:20.006Z","True","150000","1876",,"1875","0","0","4206116",,"148567","550","1",,,,"402","1.1799999999999999"
"150k-10ms-r01","client","latency-client","2026-09-05T08:43:20.006Z","2026-09-05T08:43:30.002Z","True","150000","1876",,"1875","0","0","4212693",,"148800","506","1",,,,"350","1.1000000000000001"
"150k-10ms-r01","client","latency-client","2026-09-05T08:43:30.002Z","2026-09-05T08:43:40.009Z","True","150000","1876",,"1875","0","0","4200051",,"148353","544","1",,,,"411","1.23"
"150k-10ms-r01","client","latency-client","2026-09-05T08:43:40.009Z","2026-09-05T08:43:50.003Z","True","150000","1876",,"1875","0","0","4201021",,"148387","621","1",,,,"450","1.27"
"150k-10ms-r01","client","latency-client","2026-09-05T08:43:50.003Z","2026-09-05T08:44:00.002Z","True","150000","1876",,"1875","0","0","4208155",,"148642","535","1",,,,"374","1.1799999999999999"
"150k-10ms-r01","client","latency-client","2026-09-05T08:44:00.002Z","2026-09-05T08:44:10.004Z","True","150000","1876",,"1875","0","0","4218020",,"148990","546","1",,,,"402","1.1699999999999999"
"150k-10ms-r01","client","latency-client","2026-09-05T08:44:10.004Z","2026-09-05T08:44:20.003Z","True","150000","1876",,"1875","0","0","4220171",,"149064","561","1",,,,"403","1.25"
"150k-10ms-r01","client","latency-client","2026-09-05T08:44:20.003Z","2026-09-05T08:44:30.012Z","True","150000","1876",,"1875","0","0","4216772",,"148962","566","1",,,,"411","1.21"
"150k-10ms-r01","client","latency-client","2026-09-05T08:44:30.012Z","2026-09-05T08:44:40.009Z","True","150000","1876",,"1875","0","0","4215944",,"148896","572","1",,,,"429","1.25"
"150k-10ms-r01","client","latency-client","2026-09-05T08:44:40.009Z","2026-09-05T08:44:50.011Z","True","150000","1876",,"1875","0","0","4193413",,"148119","594","1",,,,"439","1.3200000000000001"
"150k-10ms-r01","client","latency-client","2026-09-05T08:44:50.011Z","2026-09-05T08:45:00.006Z","True","150000","1876",,"1875","0","0","4217607",,"148973","564","1",,,,"417","1.25"
"150k-10ms-r01","client","latency-client","2026-09-05T08:45:00.006Z","2026-09-05T08:45:10.003Z","True","150000","1876",,"1875","0","0","4195509",,"148193","590","1",,,,"418","1.3"
"150k-10ms-r01","client","latency-client","2026-09-05T08:45:10.003Z","2026-09-05T08:45:20.001Z","True","150000","1876",,"1875","0","0","4195091",,"148178","589","1",,,,"460","1.3"
"150k-10ms-r01","client","latency-client","2026-09-05T08:45:20.001Z","2026-09-05T08:45:30.001Z","True","150000","1876",,"1875","0","0","4211248",,"148749","644","1",,,,"478","1.21"
"150k-10ms-r01","client","latency-client","2026-09-05T08:45:30.001Z","2026-09-05T08:45:40.012Z","True","150000","1876",,"1875","0","0","4223602",,"149185","574","1",,,,"429","1.29"
"150k-10ms-r01","client","latency-client","2026-09-05T08:45:40.012Z","2026-09-05T08:45:50.010Z","True","150000","1876",,"1875","0","0","4195089",,"148178","594","1",,,,"442","1.3200000000000001"
"150k-10ms-r01","client","latency-client","2026-09-05T08:45:50.010Z","2026-09-05T08:46:00.006Z","True","150000","1876",,"1875","0","0","4200181",,"148358","601","1",,,,"413","1.1599999999999999"
"150k-10ms-r01","client","latency-client","2026-09-05T08:46:00.006Z","2026-09-05T08:46:10.009Z","True","150000","1876",,"1875","0","0","4214234",,"148854","598","1",,,,"449","1.25"
"150k-10ms-r01","client","latency-client","2026-09-05T08:46:10.009Z","2026-09-05T08:46:20.001Z","True","150000","1876",,"1875","0","0","4189745",,"147995","572","1",,,,"428","1.1599999999999999"
"150k-10ms-r01","client","latency-client","2026-09-05T08:46:20.001Z","2026-09-05T08:46:30.016Z","True","150000","1876",,"1875","0","0","4208236",,"148647","539","1",,,,"391","1.1899999999999999"
"150k-10ms-r01","client","latency-client","2026-09-05T08:46:30.016Z","2026-09-05T08:46:40.007Z","True","150000","1876",,"1875","0","0","4197880",,"148282","592","1",,,,"397","1.1499999999999999"
"150k-10ms-r01","client","latency-client","2026-09-05T08:46:40.007Z","2026-09-05T08:46:50.002Z","True","150000","1876",,"1875","0","0","4200453",,"148372","570","1",,,,"427","1.1299999999999999"
"150k-10ms-r01","client","latency-client","2026-09-05T08:46:50.002Z","2026-09-05T08:47:00.008Z","True","150000","1876",,"1875","0","0","4187341",,"147909","624","1",,,,"459","1.21"
"150k-10ms-r01","client","latency-client","2026-09-05T08:47:00.008Z","2026-09-05T08:47:10.004Z","True","150000","1876",,"1875","0","0","4195566",,"148207","577","1",,,,"428","1.29"
"150k-10ms-r01","client","latency-client","2026-09-05T08:47:10.004Z","2026-09-05T08:47:20.006Z","True","150000","1876",,"1875","0","0","4189232",,"147969","607","1",,,,"419","1.26"
"150k-10ms-r01","client","latency-client","2026-09-05T08:47:20.006Z","2026-09-05T08:47:30.003Z","True","150000","1876",,"1875","0","0","4192714",,"148129","611","1",,,,"453","1.1899999999999999"
"150k-10ms-r01","client","latency-client","2026-09-05T08:47:30.003Z","2026-09-05T08:47:40.012Z","True","150000","1876",,"1875","0","0","4199624",,"148315","609","1",,,,"430","1.3600000000000001"
"150k-10ms-r01","client","latency-client","2026-09-05T08:47:40.012Z","2026-09-05T08:47:50.007Z","True","150000","1876",,"1875","0","0","4193796",,"148136","630","1",,,,"474","1.1799999999999999"
"150k-10ms-r01","client","latency-client","2026-09-05T08:47:50.007Z","2026-09-05T08:48:00.008Z","True","150000","1876",,"1875","0","0","4206430",,"148584","611","1",,,,"429","1.28"
"150k-10ms-r01","client","latency-client","2026-09-05T08:48:00.008Z","2026-09-05T08:48:10.011Z","True","150000","1876",,"1875","0","0","4188597",,"147954","581","1",,,,"431","1.3899999999999999"
"150k-10ms-r01","server","latency-server","2026-09-05T08:37:00.003Z","2026-09-05T08:37:10.003Z","False","150000","1876",,"1875","0","0","1942","198",,,"156207",,"5926","100",,"1.8"
"150k-10ms-r01","server","latency-server","2026-09-05T08:37:10.003Z","2026-09-05T08:37:20.007Z","False","150000","1876",,"1875","0","0","6",,,,"4090344",,"149874","116","221","3.3799999999999999"
"150k-10ms-r01","server","latency-server","2026-09-05T08:37:20.007Z","2026-09-05T08:37:30.002Z","False","150000","1876",,"1875","0","0","1",,,,"4089241",,"149724","138","267","3.46"
"150k-10ms-r01","server","latency-server","2026-09-05T08:37:30.002Z","2026-09-05T08:37:40.002Z","False","150000","1876",,"1875","0","0","1",,,,"4074897",,"149199","141","267","3.4500000000000002"
"150k-10ms-r01","server","latency-server","2026-09-05T08:37:40.002Z","2026-09-05T08:37:50.010Z","False","150000","1876",,"1875","0","0","1",,,,"4051157",,"148330","152","292","3.4500000000000002"
"150k-10ms-r01","server","latency-server","2026-09-05T08:37:50.010Z","2026-09-05T08:38:00.010Z","False","150000","1876",,"1875","0","0","1",,,,"4113347",,"149349","140","568","3.4300000000000002"
"150k-10ms-r01","server","latency-server","2026-09-05T08:38:00.010Z","2026-09-05T08:38:10.002Z","False","150000","1876",,"1875","0","0","1",,,,"4115334",,"149314","158","503","3.4300000000000002"
"150k-10ms-r01","server","latency-server","2026-09-05T08:38:10.002Z","2026-09-05T08:38:20.014Z","True","150000","1876",,"1875","0","0","1",,,,"4119767",,"149474","168","507","3.4199999999999999"
"150k-10ms-r01","server","latency-server","2026-09-05T08:38:20.014Z","2026-09-05T08:38:30.003Z","True","150000","1876",,"1875","0","0","1",,,,"4105880",,"148970","152","893","3.4100000000000001"
"150k-10ms-r01","server","latency-server","2026-09-05T08:38:30.003Z","2026-09-05T08:38:40.001Z","True","150000","1876",,"1875","0","0","1",,,,"4196710",,"149021","180","958","3.4199999999999999"
"150k-10ms-r01","server","latency-server","2026-09-05T08:38:40.001Z","2026-09-05T08:38:50.013Z","True","150000","1876",,"1875","0","0","1",,,,"4214691",,"148870","133","952","3.4300000000000002"
"150k-10ms-r01","server","latency-server","2026-09-05T08:38:50.013Z","2026-09-05T08:39:00.014Z","True","150000","1876",,"1875","0","0","1",,,,"4244819",,"149934","152","674","3.3900000000000001"
"150k-10ms-r01","server","latency-server","2026-09-05T08:39:00.014Z","2026-09-05T08:39:10.011Z","True","150000","1876",,"1875","0","0","1",,,,"4226067",,"149272","130","379","3.4700000000000002"
"150k-10ms-r01","server","latency-server","2026-09-05T08:39:10.011Z","2026-09-05T08:39:20.014Z","True","150000","1876",,"1875","0","0","1",,,,"4217682",,"148976","130","238","3.46"
"150k-10ms-r01","server","latency-server","2026-09-05T08:39:20.014Z","2026-09-05T08:39:30.012Z","True","150000","1876",,"1875","0","0","1",,,,"4186589",,"147878","185","518","3.4300000000000002"
"150k-10ms-r01","server","latency-server","2026-09-05T08:39:30.012Z","2026-09-05T08:39:40.012Z","True","150000","1876",,"1875","0","0","1",,,,"4195871",,"148226","165","656","3.4199999999999999"
"150k-10ms-r01","server","latency-server","2026-09-05T08:39:40.012Z","2026-09-05T08:39:50.003Z","True","150000","1876",,"1875","0","0","1",,,,"4204915",,"148504","153","611","3.4100000000000001"
"150k-10ms-r01","server","latency-server","2026-09-05T08:39:50.003Z","2026-09-05T08:40:00.008Z","True","150000","1876",,"1875","0","0","1",,,,"4192156",,"148074","187","561","3.4700000000000002"
"150k-10ms-r01","server","latency-server","2026-09-05T08:40:00.008Z","2026-09-05T08:40:10.001Z","True","150000","1876",,"1875","0","0","1",,,,"4205710",,"148576","178","244","3.4500000000000002"
"150k-10ms-r01","server","latency-server","2026-09-05T08:40:10.001Z","2026-09-05T08:40:20.016Z","True","150000","1876",,"1875","0","0","1",,,,"4204926",,"148502","131","368","3.4199999999999999"
"150k-10ms-r01","server","latency-server","2026-09-05T08:40:20.016Z","2026-09-05T08:40:30.011Z","True","150000","1876",,"1875","0","0","1",,,,"4215779",,"148936","158","717","3.3799999999999999"
"150k-10ms-r01","server","latency-server","2026-09-05T08:40:30.011Z","2026-09-05T08:40:40.008Z","True","150000","1876",,"1875","0","0","1",,,,"4205838",,"148530","148","509","3.3799999999999999"
"150k-10ms-r01","server","latency-server","2026-09-05T08:40:40.008Z","2026-09-05T08:40:50.003Z","True","150000","1876",,"1875","0","0","1",,,,"4230363",,"149424","131","287","3.3700000000000001"
"150k-10ms-r01","server","latency-server","2026-09-05T08:40:50.003Z","2026-09-05T08:41:00.006Z","True","150000","1876",,"1875","0","0","1",,,,"4218481",,"149004","172","303","3.4199999999999999"
"150k-10ms-r01","server","latency-server","2026-09-05T08:41:00.006Z","2026-09-05T08:41:10.016Z","True","150000","1876",,"1875","0","0","1",,,,"4215464",,"148900","131","177","3.3900000000000001"
"150k-10ms-r01","server","latency-server","2026-09-05T08:41:10.016Z","2026-09-05T08:41:20.009Z","True","150000","1876",,"1875","0","0","1",,,,"4231128",,"149454","147","198","3.4100000000000001"
"150k-10ms-r01","server","latency-server","2026-09-05T08:41:20.009Z","2026-09-05T08:41:30.004Z","True","150000","1876",,"1875","0","0","1",,,,"4221860",,"149123","154","231","3.3700000000000001"
"150k-10ms-r01","server","latency-server","2026-09-05T08:41:30.004Z","2026-09-05T08:41:40.006Z","True","150000","1876",,"1875","0","0","1",,,,"4235898",,"149619","143","516","3.4199999999999999"
"150k-10ms-r01","server","latency-server","2026-09-05T08:41:40.006Z","2026-09-05T08:41:50.005Z","True","150000","1876",,"1875","0","0","1",,,,"4224420",,"149214","163","804","3.3799999999999999"
"150k-10ms-r01","server","latency-server","2026-09-05T08:41:50.005Z","2026-09-05T08:42:00.006Z","True","150000","1876",,"1875","0","0","1",,,,"4223575",,"149184","140","701","3.3900000000000001"
"150k-10ms-r01","server","latency-server","2026-09-05T08:42:00.006Z","2026-09-05T08:42:10.014Z","True","150000","1876",,"1875","0","0","1",,,,"4220621",,"149080","161","447","3.3799999999999999"
"150k-10ms-r01","server","latency-server","2026-09-05T08:42:10.014Z","2026-09-05T08:42:20.012Z","True","150000","1876",,"1875","0","0","1",,,,"4217946",,"148986","144","216","3.3999999999999999"
"150k-10ms-r01","server","latency-server","2026-09-05T08:42:20.012Z","2026-09-05T08:42:30.006Z","True","150000","1876",,"1875","0","0","1",,,,"4216424",,"148931","152","470","3.3700000000000001"
"150k-10ms-r01","server","latency-server","2026-09-05T08:42:30.006Z","2026-09-05T08:42:40.006Z","True","150000","1876",,"1875","0","0","1",,,,"4223998",,"149199","151","703","3.4300000000000002"
"150k-10ms-r01","server","latency-server","2026-09-05T08:42:40.006Z","2026-09-05T08:42:50.002Z","True","150000","1876",,"1875","0","0","1",,,,"4212935",,"148808","147","565","3.3799999999999999"
"150k-10ms-r01","server","latency-server","2026-09-05T08:42:50.002Z","2026-09-05T08:43:00.016Z","True","150000","1876",,"1875","0","0","1",,,,"4218092",,"148990","128","384","3.3500000000000001"
"150k-10ms-r01","server","latency-server","2026-09-05T08:43:00.016Z","2026-09-05T08:43:10.014Z","True","150000","1876",,"1875","0","0","1",,,,"4212091",,"148778","161","252","3.3900000000000001"
"150k-10ms-r01","server","latency-server","2026-09-05T08:43:10.014Z","2026-09-05T08:43:20.006Z","True","150000","1876",,"1875","0","0","1",,,,"4206116",,"148567","146","482","3.4199999999999999"
"150k-10ms-r01","server","latency-server","2026-09-05T08:43:20.006Z","2026-09-05T08:43:30.002Z","True","150000","1876",,"1875","0","0","1",,,,"4212933",,"148808","164","708","3.3500000000000001"
"150k-10ms-r01","server","latency-server","2026-09-05T08:43:30.002Z","2026-09-05T08:43:40.009Z","True","150000","1876",,"1875","0","0","1",,,,"4199811",,"148345","135","482","3.4300000000000002"
"150k-10ms-r01","server","latency-server","2026-09-05T08:43:40.009Z","2026-09-05T08:43:50.003Z","True","150000","1876",,"1875","0","0","1",,,,"4201021",,"148387","165","302","3.46"
"150k-10ms-r01","server","latency-server","2026-09-05T08:43:50.003Z","2026-09-05T08:44:00.002Z","True","150000","1876",,"1875","0","0","1",,,,"4208956",,"148671","170","261","3.3999999999999999"
"150k-10ms-r01","server","latency-server","2026-09-05T08:44:00.002Z","2026-09-05T08:44:10.004Z","True","150000","1876",,"1875","0","0","1",,,,"4217219",,"148962","148","411","3.4199999999999999"
"150k-10ms-r01","server","latency-server","2026-09-05T08:44:10.004Z","2026-09-05T08:44:20.003Z","True","150000","1876",,"1875","0","0","1",,,,"4220171",,"149064","154","608","3.4399999999999999"
"150k-10ms-r01","server","latency-server","2026-09-05T08:44:20.003Z","2026-09-05T08:44:30.012Z","True","150000","1876",,"1875","0","0","1",,,,"4217555",,"149001","152","522","3.4100000000000001"
"150k-10ms-r01","server","latency-server","2026-09-05T08:44:30.012Z","2026-09-05T08:44:40.009Z","True","150000","1876",,"1875","0","0","1",,,,"4215159",,"148857","148","407","3.3599999999999999"
"150k-10ms-r01","server","latency-server","2026-09-05T08:44:40.009Z","2026-09-05T08:44:50.011Z","True","150000","1876",,"1875","0","0","1",,,,"4193413",,"148119","161","668","3.4500000000000002"
"150k-10ms-r01","server","latency-server","2026-09-05T08:44:50.011Z","2026-09-05T08:45:00.006Z","True","150000","1876",,"1875","0","0","1",,,,"4217607",,"148973","145","810","3.4500000000000002"
"150k-10ms-r01","server","latency-server","2026-09-05T08:45:00.006Z","2026-09-05T08:45:10.003Z","True","150000","1876",,"1875","0","0","1",,,,"4195509",,"148193","165","598","3.4700000000000002"
"150k-10ms-r01","server","latency-server","2026-09-05T08:45:10.003Z","2026-09-05T08:45:20.016Z","True","150000","1876",,"1875","0","0","1",,,,"4197294",,"148256","131","366","3.4199999999999999"
"150k-10ms-r01","server","latency-server","2026-09-05T08:45:20.016Z","2026-09-05T08:45:30.001Z","True","150000","1876",,"1875","0","0","1",,,,"4209865",,"148700","177","310","3.4199999999999999"
"150k-10ms-r01","server","latency-server","2026-09-05T08:45:30.001Z","2026-09-05T08:45:40.012Z","True","150000","1876",,"1875","0","0","1",,,,"4222801",,"149156","149","441","3.4500000000000002"
"150k-10ms-r01","server","latency-server","2026-09-05T08:45:40.012Z","2026-09-05T08:45:50.010Z","True","150000","1876",,"1875","0","0","1",,,,"4195089",,"148178","149","934","3.4100000000000001"
"150k-10ms-r01","server","latency-server","2026-09-05T08:45:50.010Z","2026-09-05T08:46:00.006Z","True","150000","1876",,"1875","0","0","1",,,,"4200181",,"148358","179","1028","3.3799999999999999"
"150k-10ms-r01","server","latency-server","2026-09-05T08:46:00.006Z","2026-09-05T08:46:10.009Z","True","150000","1876",,"1875","0","0","1",,,,"4214234",,"148854","154","518","3.4700000000000002"
"150k-10ms-r01","server","latency-server","2026-09-05T08:46:10.009Z","2026-09-05T08:46:20.001Z","True","150000","1876",,"1875","0","0","1",,,,"4190575",,"148027","149","250","3.3599999999999999"
"150k-10ms-r01","server","latency-server","2026-09-05T08:46:20.001Z","2026-09-05T08:46:30.016Z","True","150000","1876",,"1875","0","0","1",,,,"4207408",,"148615","146","291","3.4500000000000002"
"150k-10ms-r01","server","latency-server","2026-09-05T08:46:30.016Z","2026-09-05T08:46:40.007Z","True","150000","1876",,"1875","0","0","1",,,,"4197880",,"148282","186","180","3.3799999999999999"
"150k-10ms-r01","server","latency-server","2026-09-05T08:46:40.007Z","2026-09-05T08:46:50.010Z","True","150000","1876",,"1875","0","0","1",,,,"4197093",,"148254","142","434","3.4100000000000001"
"150k-10ms-r01","server","latency-server","2026-09-05T08:46:50.010Z","2026-09-05T08:47:00.008Z","True","150000","1876",,"1875","0","0","1",,,,"4190692",,"148028","174","506","3.3700000000000001"
"150k-10ms-r01","server","latency-server","2026-09-05T08:47:00.008Z","2026-09-05T08:47:10.004Z","True","150000","1876",,"1875","0","0","1",,,,"4195782",,"148207","153","240","3.4199999999999999"
"150k-10ms-r01","server","latency-server","2026-09-05T08:47:10.004Z","2026-09-05T08:47:20.006Z","True","150000","1876",,"1875","0","0","1",,,,"4189016",,"147969","179","403","3.4500000000000002"
"150k-10ms-r01","server","latency-server","2026-09-05T08:47:20.006Z","2026-09-05T08:47:30.003Z","True","150000","1876",,"1875","0","0","1",,,,"4194319",,"148158","156","479","3.3900000000000001"
"150k-10ms-r01","server","latency-server","2026-09-05T08:47:30.003Z","2026-09-05T08:47:40.012Z","True","150000","1876",,"1875","1","0","1",,,,"4198841",,"148335","191","530","3.4300000000000002"
"150k-10ms-r01","server","latency-server","2026-09-05T08:47:40.012Z","2026-09-05T08:47:50.007Z","True","150000","1876",,"1875","0","0","1",,,,"4192974",,"148087","156","578","3.4100000000000001"
"150k-10ms-r01","server","latency-server","2026-09-05T08:47:50.007Z","2026-09-05T08:48:00.008Z","True","150000","1876",,"1875","0","0","1",,,,"4206430",,"148584","173","649","3.4300000000000002"
"150k-10ms-r01","server","latency-server","2026-09-05T08:48:00.008Z","2026-09-05T08:48:10.011Z","True","150000","1876",,"1875","0","0","1",,,,"4188597",,"147954","149","797","3.4500000000000002"
"150k-10ms-r02","client","latency-client","2026-09-05T09:12:50.004Z","2026-09-05T09:13:00.004Z","False","150000","1876",,"1875","0","0","4074074",,"149379","420","1270","129",,,"282","1.8999999999999999"
"150k-10ms-r02","client","latency-client","2026-09-05T09:13:00.004Z","2026-09-05T09:13:10.012Z","False","150000","1876",,"1875","0","0","4092123",,"149830","389","1",,,,"251","0.77000000000000002"
"150k-10ms-r02","client","latency-client","2026-09-05T09:13:10.012Z","2026-09-05T09:13:20.010Z","False","150000","1876",,"1875","0","0","4063412",,"148778","405","1",,,,"260","0.73999999999999999"
"150k-10ms-r02","client","latency-client","2026-09-05T09:13:20.010Z","2026-09-05T09:13:30.014Z","False","150000","1876",,"1875","0","0","4085602",,"149139","451","1",,,,"288","0.72999999999999998"
"150k-10ms-r02","client","latency-client","2026-09-05T09:13:30.014Z","2026-09-05T09:13:40.007Z","False","150000","1876",,"1875","0","0","4102635",,"148853","583","1",,,,"431","0.91000000000000003"
"150k-10ms-r02","client","latency-client","2026-09-05T09:13:40.007Z","2026-09-05T09:13:50.014Z","False","150000","1876",,"1875","0","0","4113430",,"149245","616","1",,,,"464","0.94999999999999996"
"150k-10ms-r02","client","latency-client","2026-09-05T09:13:50.014Z","2026-09-05T09:14:00.013Z","True","150000","1876",,"1875","0","0","4100174",,"148763","640","1",,,,"442","1.1499999999999999"
"150k-10ms-r02","client","latency-client","2026-09-05T09:14:00.013Z","2026-09-05T09:14:10.006Z","True","150000","1876",,"1875","0","0","4121010",,"148703","642","1",,,,"471","1.21"
"150k-10ms-r02","client","latency-client","2026-09-05T09:14:10.006Z","2026-09-05T09:14:20.010Z","True","150000","1876",,"1875","0","0","4222310",,"149139","588","1",,,,"444","1.23"
"150k-10ms-r02","client","latency-client","2026-09-05T09:14:20.010Z","2026-09-05T09:14:30.011Z","True","150000","1876",,"1875","0","0","4215078",,"148884","593","1",,,,"419","1.3700000000000001"
"150k-10ms-r02","client","latency-client","2026-09-05T09:14:30.011Z","2026-09-05T09:14:40.016Z","True","150000","1876",,"1875","0","0","4221888",,"149124","516","1",,,,"383","1.24"
"150k-10ms-r02","client","latency-client","2026-09-05T09:14:40.016Z","2026-09-05T09:14:50.002Z","True","150000","1876",,"1875","0","0","4225664",,"149258","556","1",,,,"411","1.23"
"150k-10ms-r02","client","latency-client","2026-09-05T09:14:50.002Z","2026-09-05T09:15:00.007Z","True","150000","1876",,"1875","0","0","4224308",,"149219","547","1",,,,"406","1.1899999999999999"
"150k-10ms-r02","client","latency-client","2026-09-05T09:15:00.007Z","2026-09-05T09:15:10.008Z","True","150000","1876",,"1875","0","0","4224362",,"149204","532","1",,,,"405","1.25"
"150k-10ms-r02","client","latency-client","2026-09-05T09:15:10.008Z","2026-09-05T09:15:20.004Z","True","150000","1876",,"1875","0","0","4218230",,"148993","554","1",,,,"391","1.28"
"150k-10ms-r02","client","latency-client","2026-09-05T09:15:20.004Z","2026-09-05T09:15:30.001Z","True","150000","1876",,"1875","0","0","4216634",,"148943","504","1",,,,"363","1.23"
"150k-10ms-r02","client","latency-client","2026-09-05T09:15:30.001Z","2026-09-05T09:15:40.007Z","True","150000","1876",,"1875","0","0","4243495",,"149896","527","1",,,,"382","1.1399999999999999"
"150k-10ms-r02","client","latency-client","2026-09-05T09:15:40.007Z","2026-09-05T09:15:50.006Z","True","150000","1876",,"1875","0","0","4240606",,"149778","561","1",,,,"392","1.23"
"150k-10ms-r02","client","latency-client","2026-09-05T09:15:50.006Z","2026-09-05T09:16:00.009Z","True","150000","1876",,"1875","0","0","4214235",,"148854","576","1",,,,"423","1.1200000000000001"
"150k-10ms-r02","client","latency-client","2026-09-05T09:16:00.009Z","2026-09-05T09:16:10.008Z","True","150000","1876",,"1875","0","0","4203974",,"148492","534","1",,,,"384","1.2"
"150k-10ms-r02","client","latency-client","2026-09-05T09:16:10.008Z","2026-09-05T09:16:20.013Z","True","150000","1876",,"1875","0","0","4221087",,"149096","560","1",,,,"430","1.21"
"150k-10ms-r02","client","latency-client","2026-09-05T09:16:20.013Z","2026-09-05T09:16:30.010Z","True","150000","1876",,"1875","0","0","4221014",,"149094","546","1",,,,"417","1.1399999999999999"
"150k-10ms-r02","client","latency-client","2026-09-05T09:16:30.010Z","2026-09-05T09:16:40.003Z","True","150000","1876",,"1875","0","0","4214071",,"148853","518","1",,,,"372","1.1100000000000001"
"150k-10ms-r02","client","latency-client","2026-09-05T09:16:40.003Z","2026-09-05T09:16:50.001Z","True","150000","1876",,"1875","0","0","4224825",,"149229","535","1",,,,"379","1.1699999999999999"
"150k-10ms-r02","client","latency-client","2026-09-05T09:16:50.001Z","2026-09-05T09:17:00.010Z","True","150000","1876",,"1875","0","0","4220200",,"149065","548","1",,,,"395","1.21"
"150k-10ms-r02","client","latency-client","2026-09-05T09:17:00.010Z","2026-09-05T09:17:10.009Z","True","150000","1876",,"1875","0","0","4220170",,"149064","640","1",,,,"472","1.1699999999999999"
"150k-10ms-r02","client","latency-client","2026-09-05T09:17:10.009Z","2026-09-05T09:17:20.006Z","True","150000","1876",,"1875","0","0","4233768",,"149544","539","1",,,,"414","1.23"
"150k-10ms-r02","client","latency-client","2026-09-05T09:17:20.006Z","2026-09-05T09:17:30.014Z","True","150000","1876",,"1875","0","0","4216377",,"148930","560","1",,,,"400","1.1699999999999999"
"150k-10ms-r02","client","latency-client","2026-09-05T09:17:30.014Z","2026-09-05T09:17:40.001Z","True","150000","1876",,"1875","0","0","4212477",,"148792","538","1",,,,"391","1.24"
"150k-10ms-r02","client","latency-client","2026-09-05T09:17:40.001Z","2026-09-05T09:17:50.003Z","True","150000","1876",,"1875","0","0","4218904",,"149019","532","1",,,,"400","1.21"
"150k-10ms-r02","client","latency-client","2026-09-05T09:17:50.003Z","2026-09-05T09:18:00.012Z","True","150000","1876",,"1875","0","0","4224447",,"149215","497","1",,,,"351","1.22"
"150k-10ms-r02","client","latency-client","2026-09-05T09:18:00.012Z","2026-09-05T09:18:10.013Z","True","150000","1876",,"1875","0","0","4210828",,"148734","515","1",,,,"355","1.2"
"150k-10ms-r02","client","latency-client","2026-09-05T09:18:10.013Z","2026-09-05T09:18:20.013Z","True","150000","1876",,"1875","0","0","4219750",,"149049","515","1",,,,"386","1.21"
"150k-10ms-r02","client","latency-client","2026-09-05T09:18:20.013Z","2026-09-05T09:18:30.011Z","True","150000","1876",,"1875","0","0","4212092",,"148778","905","1",,,,"747","1.22"
"150k-10ms-r02","client","latency-client","2026-09-05T09:18:30.011Z","2026-09-05T09:18:40.013Z","True","150000","1876",,"1875","0","0","4223154",,"149169","603","1",,,,"441","1.23"
"150k-10ms-r02","client","latency-client","2026-09-05T09:18:40.013Z","2026-09-05T09:18:50.002Z","True","150000","1876",,"1875","0","0","4224397",,"149213","540","1",,,,"387","1.2"
"150k-10ms-r02","client","latency-client","2026-09-05T09:18:50.002Z","2026-09-05T09:19:00.015Z","True","150000","1876",,"1875","0","0","4214270",,"148855","567","1",,,,"426","1.24"
"150k-10ms-r02","client","latency-client","2026-09-05T09:19:00.015Z","2026-09-05T09:19:10.010Z","True","150000","1876",,"1875","0","0","4213358",,"148823","576","1",,,,"420","1.29"
"150k-10ms-r02","client","latency-client","2026-09-05T09:19:10.010Z","2026-09-05T09:19:20.012Z","True","150000","1876",,"1875","0","0","4218904",,"149019","584","1",,,,"427","1.28"
"150k-10ms-r02","client","latency-client","2026-09-05T09:19:20.012Z","2026-09-05T09:19:30.004Z","True","150000","1876",,"1875","0","0","4218875",,"149018","604","1",,,,"455","1.1499999999999999"
"150k-10ms-r02","client","latency-client","2026-09-05T09:19:30.004Z","2026-09-05T09:19:40.004Z","True","150000","1876",,"1875","0","0","4211251",,"148749","578","1",,,,"393","1.3400000000000001"
"150k-10ms-r02","client","latency-client","2026-09-05T09:19:40.004Z","2026-09-05T09:19:50.015Z","True","150000","1876",,"1875","0","0","4210867",,"148735","583","1",,,,"413","1.21"
"150k-10ms-r02","client","latency-client","2026-09-05T09:19:50.015Z","2026-09-05T09:20:00.002Z","True","150000","1876",,"1875","0","0","4220987",,"149093","567","1",,,,"387","1.27"
"150k-10ms-r02","client","latency-client","2026-09-05T09:20:00.002Z","2026-09-05T09:20:10.013Z","True","150000","1876",,"1875","0","0","4210868",,"148735","571","1",,,,"421","1.22"
"150k-10ms-r02","client","latency-client","2026-09-05T09:20:10.013Z","2026-09-05T09:20:20.012Z","True","150000","1876",,"1875","0","0","4215921",,"148914","600","1",,,,"461","1.26"
"150k-10ms-r02","client","latency-client","2026-09-05T09:20:20.012Z","2026-09-05T09:20:30.008Z","True","150000","1876",,"1875","0","0","4207640",,"148627","621","1",,,,"492","1.1499999999999999"
"150k-10ms-r02","client","latency-client","2026-09-05T09:20:30.008Z","2026-09-05T09:20:40.013Z","True","150000","1876",,"1875","0","0","4205941",,"148555","592","1",,,,"444","1.25"
"150k-10ms-r02","client","latency-client","2026-09-05T09:20:40.013Z","2026-09-05T09:20:50.006Z","True","150000","1876",,"1875","0","0","4209948",,"148703","594","1",,,,"453","1.28"
"150k-10ms-r02","client","latency-client","2026-09-05T09:20:50.006Z","2026-09-05T09:21:00.002Z","True","150000","1876",,"1875","0","0","4238441",,"149709","589","1",,,,"424","1.21"
"150k-10ms-r02","client","latency-client","2026-09-05T09:21:00.002Z","2026-09-05T09:21:10.000Z","True","150000","1876",,"1875","0","0","4241845",,"149829","4830","1",,,,"4657","1.28"
"150k-10ms-r02","client","latency-client","2026-09-05T09:21:10.000Z","2026-09-05T09:21:20.011Z","True","150000","1876",,"1875","0","0","4223476",,"149185","1296","1",,,,"1144","1.1299999999999999"
"150k-10ms-r02","client","latency-client","2026-09-05T09:21:20.011Z","2026-09-05T09:21:30.006Z","True","150000","1876",,"1875","0","0","4226089",,"149274","513","1",,,,"358","1.1499999999999999"
"150k-10ms-r02","client","latency-client","2026-09-05T09:21:30.006Z","2026-09-05T09:21:40.009Z","True","150000","1876",,"1875","0","0","4212390",,"148790","547","1",,,,"406","1.1399999999999999"
"150k-10ms-r02","client","latency-client","2026-09-05T09:21:40.009Z","2026-09-05T09:21:50.001Z","True","150000","1876",,"1875","0","0","4224973",,"149232","579","1",,,,"410","1.0800000000000001"
"150k-10ms-r02","client","latency-client","2026-09-05T09:21:50.001Z","2026-09-05T09:22:00.004Z","True","150000","1876",,"1875","0","0","4214185",,"148854","593","1",,,,"435","1.27"
"150k-10ms-r02","client","latency-client","2026-09-05T09:22:00.004Z","2026-09-05T09:22:10.015Z","True","150000","1876",,"1875","0","0","4197986",,"148285","554","1",,,,"422","1.24"
"150k-10ms-r02","client","latency-client","2026-09-05T09:22:10.015Z","2026-09-05T09:22:20.004Z","True","150000","1876",,"1875","0","0","4219993",,"149063","537","1",,,,"402","1.1499999999999999"
"150k-10ms-r02","client","latency-client","2026-09-05T09:22:20.004Z","2026-09-05T09:22:30.003Z","True","150000","1876",,"1875","0","0","4211522",,"148763","583","1",,,,"419","1.2"
"150k-10ms-r02","client","latency-client","2026-09-05T09:22:30.003Z","2026-09-05T09:22:40.005Z","True","150000","1876",,"1875","0","0","4227254",,"149319","567","1",,,,"422","1.3100000000000001"
"150k-10ms-r02","client","latency-client","2026-09-05T09:22:40.005Z","2026-09-05T09:22:50.007Z","True","150000","1876",,"1875","0","0","4231502",,"149469","629","1",,,,"463","1.3799999999999999"
"150k-10ms-r02","client","latency-client","2026-09-05T09:22:50.007Z","2026-09-05T09:23:00.011Z","True","150000","1876",,"1875","0","0","4209417",,"148689","526","1",,,,"392","1.1899999999999999"
"150k-10ms-r02","client","latency-client","2026-09-05T09:23:00.011Z","2026-09-05T09:23:10.010Z","True","150000","1876",,"1875","0","0","4237022",,"149664","550","1",,,,"396","1.28"
"150k-10ms-r02","client","latency-client","2026-09-05T09:23:10.010Z","2026-09-05T09:23:20.003Z","True","150000","1876",,"1875","0","0","4205546",,"148552","534","1",,,,"380","1.29"
"150k-10ms-r02","client","latency-client","2026-09-05T09:23:20.003Z","2026-09-05T09:23:30.006Z","True","150000","1876",,"1875","0","0","4218335",,"149004","566","1",,,,"413","1.2"
"150k-10ms-r02","client","latency-client","2026-09-05T09:23:30.006Z","2026-09-05T09:23:40.009Z","True","150000","1876",,"1875","0","0","4222583",,"149154","548","1",,,,"413","1.3300000000000001"
"150k-10ms-r02","client","latency-client","2026-09-05T09:23:40.009Z","2026-09-05T09:23:50.012Z","False","150000","1875",,"1875","0","0","2625308",,"92733","3895","4",,,,"3730","1.8200000000000001"
"150k-10ms-r02","server","latency-server","2026-09-05T09:12:40.006Z","2026-09-05T09:12:50.006Z","False","150000","1876",,"1875","0","0","1463","149",,,"1443393",,"53090","134","233","2.4100000000000001"
"150k-10ms-r02","server","latency-server","2026-09-05T09:12:50.006Z","2026-09-05T09:13:00.004Z","False","150000","1876",,"1875","0","0","1",,,,"4083914",,"149529","141","271","3.3799999999999999"
"150k-10ms-r02","server","latency-server","2026-09-05T09:13:00.004Z","2026-09-05T09:13:10.012Z","False","150000","1876",,"1875","0","0","1",,,,"4092123",,"149830","139","204","3.3599999999999999"
"150k-10ms-r02","server","latency-server","2026-09-05T09:13:10.012Z","2026-09-05T09:13:20.010Z","False","150000","1876",,"1875","0","0","1",,,,"4063412",,"148778","147","290","3.2999999999999998"
"150k-10ms-r02","server","latency-server","2026-09-05T09:13:20.010Z","2026-09-05T09:13:30.014Z","False","150000","1876",,"1875","0","0","1",,,,"4085602",,"149139","158","531","3.3700000000000001"
"150k-10ms-r02","server","latency-server","2026-09-05T09:13:30.014Z","2026-09-05T09:13:40.007Z","False","150000","1876",,"1875","0","0","1",,,,"4102635",,"148853","159","283","3.3599999999999999"
"150k-10ms-r02","server","latency-server","2026-09-05T09:13:40.007Z","2026-09-05T09:13:50.014Z","False","150000","1876",,"1875","0","0","1",,,,"4113430",,"149245","161","569","3.3199999999999998"
"150k-10ms-r02","server","latency-server","2026-09-05T09:13:50.014Z","2026-09-05T09:14:00.013Z","True","150000","1876",,"1875","0","0","1",,,,"4100174",,"148763","185","159","3.3999999999999999"
"150k-10ms-r02","server","latency-server","2026-09-05T09:14:00.013Z","2026-09-05T09:14:10.006Z","True","150000","1876",,"1875","0","0","1",,,,"4121010",,"148703","164","741","3.3799999999999999"
"150k-10ms-r02","server","latency-server","2026-09-05T09:14:10.006Z","2026-09-05T09:14:20.010Z","True","150000","1876",,"1875","0","0","1",,,,"4222310",,"149139","148","473","3.3399999999999999"
"150k-10ms-r02","server","latency-server","2026-09-05T09:14:20.010Z","2026-09-05T09:14:30.011Z","True","150000","1876",,"1875","0","0","1",,,,"4215078",,"148884","170","214","3.4500000000000002"
"150k-10ms-r02","server","latency-server","2026-09-05T09:14:30.011Z","2026-09-05T09:14:40.000Z","True","150000","1876",,"1875","0","0","1",,,,"4224395",,"149213","136","496","3.4199999999999999"
"150k-10ms-r02","server","latency-server","2026-09-05T09:14:40.000Z","2026-09-05T09:14:50.002Z","True","150000","1876",,"1875","0","0","1",,,,"4223154",,"149169","150","391","3.3599999999999999"
"150k-10ms-r02","server","latency-server","2026-09-05T09:14:50.002Z","2026-09-05T09:15:00.007Z","True","150000","1876",,"1875","0","0","1",,,,"4225892",,"149266","140","638","3.3700000000000001"
"150k-10ms-r02","server","latency-server","2026-09-05T09:15:00.007Z","2026-09-05T09:15:10.008Z","True","150000","1876",,"1875","0","0","1",,,,"4223587",,"149192","128","380","3.4399999999999999"
"150k-10ms-r02","server","latency-server","2026-09-05T09:15:10.008Z","2026-09-05T09:15:20.004Z","True","150000","1876",,"1875","0","0","1",,,,"4217420",,"148958","158","714","3.4100000000000001"
"150k-10ms-r02","server","latency-server","2026-09-05T09:15:20.004Z","2026-09-05T09:15:30.001Z","True","150000","1876",,"1875","0","0","1",,,,"4216634",,"148943","141","819","3.3900000000000001"
"150k-10ms-r02","server","latency-server","2026-09-05T09:15:30.001Z","2026-09-05T09:15:40.007Z","True","150000","1876",,"1875","0","0","1",,,,"4245101",,"149955","151","417","3.3999999999999999"
"150k-10ms-r02","server","latency-server","2026-09-05T09:15:40.007Z","2026-09-05T09:15:50.006Z","True","150000","1876",,"1875","0","0","1",,,,"4238999",,"149718","163","628","3.3799999999999999"
"150k-10ms-r02","server","latency-server","2026-09-05T09:15:50.006Z","2026-09-05T09:16:00.009Z","True","150000","1876",,"1875","0","0","1",,,,"4214235",,"148854","149","711","3.3399999999999999"
"150k-10ms-r02","server","latency-server","2026-09-05T09:16:00.009Z","2026-09-05T09:16:10.008Z","True","150000","1876",,"1875","0","0","1",,,,"4204775",,"148520","156","654","3.4700000000000002"
"150k-10ms-r02","server","latency-server","2026-09-05T09:16:10.008Z","2026-09-05T09:16:20.013Z","True","150000","1876",,"1875","0","0","1",,,,"4220286",,"149067","131","793","3.3700000000000001"
"150k-10ms-r02","server","latency-server","2026-09-05T09:16:20.013Z","2026-09-05T09:16:30.010Z","True","150000","1876",,"1875","0","0","1",,,,"4221014",,"149094","131","471","3.3599999999999999"
"150k-10ms-r02","server","latency-server","2026-09-05T09:16:30.010Z","2026-09-05T09:16:40.003Z","True","150000","1876",,"1875","0","0","1",,,,"4214071",,"148853","151","274","3.3700000000000001"
"150k-10ms-r02","server","latency-server","2026-09-05T09:16:40.003Z","2026-09-05T09:16:50.001Z","True","150000","1876",,"1875","0","0","1",,,,"4224825",,"149229","165","3125","3.4100000000000001"
"150k-10ms-r02","server","latency-server","2026-09-05T09:16:50.001Z","2026-09-05T09:17:00.010Z","True","150000","1876",,"1875","0","0","1",,,,"4220200",,"149065","149","693","3.3799999999999999"
"150k-10ms-r02","server","latency-server","2026-09-05T09:17:00.010Z","2026-09-05T09:17:10.009Z","True","150000","1876",,"1875","0","0","1",,,,"4220170",,"149064","162","4350","3.3199999999999998"
"150k-10ms-r02","server","latency-server","2026-09-05T09:17:10.009Z","2026-09-05T09:17:20.006Z","True","150000","1876",,"1875","0","0","1",,,,"4233768",,"149544","127","757","3.3700000000000001"
"150k-10ms-r02","server","latency-server","2026-09-05T09:17:20.006Z","2026-09-05T09:17:30.014Z","True","150000","1876",,"1875","0","0","1",,,,"4216377",,"148930","169","734","3.4300000000000002"
"150k-10ms-r02","server","latency-server","2026-09-05T09:17:30.014Z","2026-09-05T09:17:40.001Z","True","150000","1876",,"1875","0","0","1",,,,"4212477",,"148792","153","299","3.2999999999999998"
"150k-10ms-r02","server","latency-server","2026-09-05T09:17:40.001Z","2026-09-05T09:17:50.003Z","True","150000","1876",,"1875","0","0","1",,,,"4218904",,"149019","133","182","3.3300000000000001"
"150k-10ms-r02","server","latency-server","2026-09-05T09:17:50.003Z","2026-09-05T09:18:00.012Z","True","150000","1876",,"1875","0","0","1",,,,"4224447",,"149215","148","374","3.3900000000000001"
"150k-10ms-r02","server","latency-server","2026-09-05T09:18:00.012Z","2026-09-05T09:18:10.013Z","True","150000","1876",,"1875","0","0","1",,,,"4210828",,"148734","169","211","3.4399999999999999"
"150k-10ms-r02","server","latency-server","2026-09-05T09:18:10.013Z","2026-09-05T09:18:20.013Z","True","150000","1876",,"1875","0","0","1",,,,"4219750",,"149049","131","730","3.3599999999999999"
"150k-10ms-r02","server","latency-server","2026-09-05T09:18:20.013Z","2026-09-05T09:18:30.011Z","True","150000","1876",,"1875","0","0","1",,,,"4212092",,"148778","154","809","3.3999999999999999"
"150k-10ms-r02","server","latency-server","2026-09-05T09:18:30.011Z","2026-09-05T09:18:40.013Z","True","150000","1876",,"1875","0","0","1",,,,"4223154",,"149169","157","582","3.3799999999999999"
"150k-10ms-r02","server","latency-server","2026-09-05T09:18:40.013Z","2026-09-05T09:18:50.002Z","True","150000","1876",,"1875","0","0","1",,,,"4224397",,"149213","161","270","3.2799999999999998"
"150k-10ms-r02","server","latency-server","2026-09-05T09:18:50.002Z","2026-09-05T09:19:00.004Z","True","150000","1876",,"1875","0","0","1",,,,"4214657",,"148869","145","679","3.3799999999999999"
"150k-10ms-r02","server","latency-server","2026-09-05T09:19:00.004Z","2026-09-05T09:19:10.010Z","True","150000","1876",,"1875","0","0","1",,,,"4212972",,"148809","164","974","3.3900000000000001"
"150k-10ms-r02","server","latency-server","2026-09-05T09:19:10.010Z","2026-09-05T09:19:20.012Z","True","150000","1876",,"1875","0","0","1",,,,"4218904",,"149019","165","385","3.3500000000000001"
"150k-10ms-r02","server","latency-server","2026-09-05T09:19:20.012Z","2026-09-05T09:19:30.004Z","True","150000","1876",,"1875","0","0","1",,,,"4218875",,"149018","147","369","3.3999999999999999"
"150k-10ms-r02","server","latency-server","2026-09-05T09:19:30.004Z","2026-09-05T09:19:40.004Z","True","150000","1876",,"1875","0","0","1",,,,"4211251",,"148749","177","197","3.4700000000000002"
"150k-10ms-r02","server","latency-server","2026-09-05T09:19:40.004Z","2026-09-05T09:19:50.009Z","True","150000","1876",,"1875","0","0","1",,,,"4213393",,"148824","179","654","3.3500000000000001"
"150k-10ms-r02","server","latency-server","2026-09-05T09:19:50.009Z","2026-09-05T09:20:00.002Z","True","150000","1876",,"1875","0","0","1",,,,"4218453",,"149003","176","5729","3.2999999999999998"
"150k-10ms-r02","server","latency-server","2026-09-05T09:20:00.002Z","2026-09-05T09:20:10.013Z","True","150000","1876",,"1875","0","0","1",,,,"4210868",,"148735","154","1049","3.4300000000000002"
"150k-10ms-r02","server","latency-server","2026-09-05T09:20:10.013Z","2026-09-05T09:20:20.012Z","True","150000","1876",,"1875","0","0","1",,,,"4215921",,"148914","141","256","3.4300000000000002"
"150k-10ms-r02","server","latency-server","2026-09-05T09:20:20.012Z","2026-09-05T09:20:30.008Z","True","150000","1876",,"1875","0","0","1",,,,"4208684",,"148658","130","992","3.3999999999999999"
"150k-10ms-r02","server","latency-server","2026-09-05T09:20:30.008Z","2026-09-05T09:20:40.013Z","True","150000","1876",,"1875","0","0","1",,,,"4204898",,"148524","152","815","3.46"
"150k-10ms-r02","server","latency-server","2026-09-05T09:20:40.013Z","2026-09-05T09:20:50.006Z","True","150000","1876",,"1875","0","0","1",,,,"4209948",,"148703","145","824","3.4500000000000002"
"150k-10ms-r02","server","latency-server","2026-09-05T09:20:50.006Z","2026-09-05T09:21:00.002Z","True","150000","1876",,"1875","0","0","1",,,,"4238441",,"149709","159","479","3.3999999999999999"
"150k-10ms-r02","server","latency-server","2026-09-05T09:21:00.002Z","2026-09-05T09:21:10.000Z","True","150000","1876",,"1875","0","0","1",,,,"4241845",,"149829","166","4388","3.4300000000000002"
"150k-10ms-r02","server","latency-server","2026-09-05T09:21:10.000Z","2026-09-05T09:21:20.011Z","True","150000","1876",,"1875","0","0","1",,,,"4223476",,"149185","159","1159","3.4199999999999999"
"150k-10ms-r02","server","latency-server","2026-09-05T09:21:20.011Z","2026-09-05T09:21:30.007Z","True","150000","1876",,"1875","0","0","1",,,,"4226089",,"149274","162","304","3.3599999999999999"
"150k-10ms-r02","server","latency-server","2026-09-05T09:21:30.007Z","2026-09-05T09:21:40.009Z","True","150000","1876",,"1875","1","0","1",,,,"4213191",,"148819","142","191","3.3599999999999999"
"150k-10ms-r02","server","latency-server","2026-09-05T09:21:40.009Z","2026-09-05T09:21:50.001Z","True","150000","1876",,"1875","0","0","1",,,,"4224172",,"149203","163","707","3.3799999999999999"
"150k-10ms-r02","server","latency-server","2026-09-05T09:21:50.001Z","2026-09-05T09:22:00.004Z","True","150000","1876",,"1875","0","0","1",,,,"4214185",,"148854","165","696","3.3700000000000001"
"150k-10ms-r02","server","latency-server","2026-09-05T09:22:00.004Z","2026-09-05T09:22:10.015Z","True","150000","1876",,"1875","0","0","1",,,,"4197986",,"148285","132","213","3.3900000000000001"
"150k-10ms-r02","server","latency-server","2026-09-05T09:22:10.015Z","2026-09-05T09:22:20.004Z","True","150000","1876",,"1875","0","0","1",,,,"4219993",,"149063","138","420","3.3500000000000001"
"150k-10ms-r02","server","latency-server","2026-09-05T09:22:20.004Z","2026-09-05T09:22:30.003Z","True","150000","1876",,"1875","0","0","1",,,,"4211522",,"148763","174","309","3.3900000000000001"
"150k-10ms-r02","server","latency-server","2026-09-05T09:22:30.003Z","2026-09-05T09:22:40.005Z","True","150000","1876",,"1875","0","0","1",,,,"4227254",,"149319","143","591","3.4300000000000002"
"150k-10ms-r02","server","latency-server","2026-09-05T09:22:40.005Z","2026-09-05T09:22:50.007Z","True","150000","1876",,"1875","0","0","1",,,,"4231521",,"149498","161","940","3.4700000000000002"
"150k-10ms-r02","server","latency-server","2026-09-05T09:22:50.007Z","2026-09-05T09:23:00.011Z","True","150000","1876",,"1875","0","0","1",,,,"4209397",,"148661","135","810","3.4199999999999999"
"150k-10ms-r02","server","latency-server","2026-09-05T09:23:00.011Z","2026-09-05T09:23:10.010Z","True","150000","1876",,"1875","0","0","1",,,,"4237022",,"149664","161","760","3.4399999999999999"
"150k-10ms-r02","server","latency-server","2026-09-05T09:23:10.010Z","2026-09-05T09:23:20.003Z","True","150000","1876",,"1875","0","0","1",,,,"4205546",,"148552","151","290","3.4300000000000002"
"150k-10ms-r02","server","latency-server","2026-09-05T09:23:20.003Z","2026-09-05T09:23:30.006Z","True","150000","1876",,"1875","0","0","1",,,,"4218335",,"149004","150","141","3.4500000000000002"
"150k-10ms-r02","server","latency-server","2026-09-05T09:23:30.006Z","2026-09-05T09:23:40.009Z","True","150000","1876",,"1875","0","0","1",,,,"4222583",,"149154","139","188","3.3999999999999999"
"150k-10ms-r02","server","latency-server","2026-09-05T09:23:40.009Z","2026-09-05T09:23:50.012Z","False","150000","1875",,"1875","0","0","4",,,,"2625308",,"92733","176","3872","2.1200000000000001"
"150k-10ms-r03","client","latency-client","2026-09-05T09:48:20.016Z","2026-09-05T09:48:30.016Z","False","150000","1876",,"1875","0","0","4075434",,"149569","464","2130","217",,,"327","2.5299999999999998"
"150k-10ms-r03","client","latency-client","2026-09-05T09:48:30.016Z","2026-09-05T09:48:40.006Z","False","150000","1876",,"1875","0","0","4095392",,"149949","487","1",,,,"351","0.79000000000000004"
"150k-10ms-r03","client","latency-client","2026-09-05T09:48:40.006Z","2026-09-05T09:48:50.007Z","False","150000","1876",,"1875","0","0","4070393",,"149034","468","1",,,,"330","0.93000000000000005"
"150k-10ms-r03","client","latency-client","2026-09-05T09:48:50.007Z","2026-09-05T09:49:00.009Z","False","150000","1876",,"1875","0","0","4069984",,"149019","466","1",,,,"284","0.80000000000000004"
"150k-10ms-r03","client","latency-client","2026-09-05T09:49:00.009Z","2026-09-05T09:49:10.014Z","False","150000","1876",,"1875","0","0","4099782",,"149092","498","1",,,,"351","0.84999999999999998"
"150k-10ms-r03","client","latency-client","2026-09-05T09:49:10.014Z","2026-09-05T09:49:20.014Z","False","150000","1876",,"1875","0","0","4108059",,"149071","556","1",,,,"416","0.90000000000000002"
"150k-10ms-r03","client","latency-client","2026-09-05T09:49:20.014Z","2026-09-05T09:49:30.000Z","False","150000","1876",,"1875","0","0","4110562",,"149117","539","1",,,,"381","1.02"
"150k-10ms-r03","client","latency-client","2026-09-05T09:49:30.000Z","2026-09-05T09:49:40.008Z","True","150000","1876",,"1875","0","0","4121286",,"149530","547","1",,,,"415","1.24"
"150k-10ms-r03","client","latency-client","2026-09-05T09:49:40.008Z","2026-09-05T09:49:50.007Z","True","150000","1876",,"1875","0","0","4174179",,"148914","534","1",,,,"400","1.28"
"150k-10ms-r03","client","latency-client","2026-09-05T09:49:50.007Z","2026-09-05T09:50:00.004Z","True","150000","1876",,"1875","0","0","4225266",,"149244","552","1",,,,"408","1.2"
"150k-10ms-r03","client","latency-client","2026-09-05T09:50:00.004Z","2026-09-05T09:50:10.011Z","True","150000","1876",,"1875","0","0","4199570",,"148337","580","1",,,,"426","1.3200000000000001"
"150k-10ms-r03","client","latency-client","2026-09-05T09:50:10.011Z","2026-09-05T09:50:20.005Z","True","150000","1876",,"1875","0","0","4214019",,"148846","635","1",,,,"461","1.29"
"150k-10ms-r03","client","latency-client","2026-09-05T09:50:20.005Z","2026-09-05T09:50:30.002Z","True","150000","1876",,"1875","0","0","4212514",,"148793","594","1",,,,"470","1.3300000000000001"
"150k-10ms-r03","client","latency-client","2026-09-05T09:50:30.002Z","2026-09-05T09:50:40.010Z","True","150000","1876",,"1875","0","0","4190855",,"148030","538","1",,,,"367","1.23"
"150k-10ms-r03","client","latency-client","2026-09-05T09:50:40.010Z","2026-09-05T09:50:50.004Z","True","150000","1876",,"1875","0","0","4230682",,"149439","548","1",,,,"416","1.1499999999999999"
"150k-10ms-r03","client","latency-client","2026-09-05T09:50:50.004Z","2026-09-05T09:51:00.015Z","True","150000","1876",,"1875","0","0","4210867",,"148735","601","1",,,,"428","1.27"
"150k-10ms-r03","client","latency-client","2026-09-05T09:51:00.015Z","2026-09-05T09:51:10.006Z","True","150000","1876",,"1875","0","0","4220099",,"149061","580","1",,,,"438","1.1899999999999999"
"150k-10ms-r03","client","latency-client","2026-09-05T09:51:10.006Z","2026-09-05T09:51:20.009Z","True","150000","1876",,"1875","0","0","4213434",,"148825","536","1",,,,"373","1.1599999999999999"
"150k-10ms-r03","client","latency-client","2026-09-05T09:51:20.009Z","2026-09-05T09:51:30.005Z","True","150000","1876",,"1875","0","0","4238441",,"149709","541","1",,,,"412","1.1799999999999999"
"150k-10ms-r03","client","latency-client","2026-09-05T09:51:30.005Z","2026-09-05T09:51:40.007Z","True","150000","1876",,"1875","0","0","4218906",,"149019","591","1",,,,"408","1.1100000000000001"
"150k-10ms-r03","client","latency-client","2026-09-05T09:51:40.007Z","2026-09-05T09:51:50.012Z","True","150000","1876",,"1875","0","0","4188709",,"147953","555","1",,,,"400","1.2"
"150k-10ms-r03","client","latency-client","2026-09-05T09:51:50.012Z","2026-09-05T09:52:00.004Z","True","150000","1876",,"1875","0","0","4218073",,"148989","532","1",,,,"405","1.1100000000000001"
"150k-10ms-r03","client","latency-client","2026-09-05T09:52:00.004Z","2026-09-05T09:52:10.004Z","True","150000","1876",,"1875","0","0","4228204",,"149349","553","1",,,,"375","1.1699999999999999"
"150k-10ms-r03","client","latency-client","2026-09-05T09:52:10.004Z","2026-09-05T09:52:20.006Z","True","150000","1876",,"1875","0","0","4223048",,"149169","532","1",,,,"388","1.1699999999999999"
"150k-10ms-r03","client","latency-client","2026-09-05T09:52:20.006Z","2026-09-05T09:52:30.006Z","True","150000","1876",,"1875","0","0","4215500",,"148899","562","1",,,,"405","1.1899999999999999"
"150k-10ms-r03","client","latency-client","2026-09-05T09:52:30.006Z","2026-09-05T09:52:40.008Z","True","150000","1876",,"1875","0","0","4214657",,"148869","599","1",,,,"450","1.1499999999999999"
"150k-10ms-r03","client","latency-client","2026-09-05T09:52:40.008Z","2026-09-05T09:52:50.003Z","True","150000","1876",,"1875","0","0","4200625",,"148387","562","1",,,,"409","1.24"
"150k-10ms-r03","client","latency-client","2026-09-05T09:52:50.003Z","2026-09-05T09:53:00.012Z","True","150000","1876",,"1875","0","0","4182768",,"147729","594","1",,,,"429","1.3400000000000001"
"150k-10ms-r03","client","latency-client","2026-09-05T09:53:00.012Z","2026-09-05T09:53:10.006Z","True","150000","1876",,"1875","0","0","4229984",,"149410","553","1",,,,"414","1.1399999999999999"
"150k-10ms-r03","client","latency-client","2026-09-05T09:53:10.006Z","2026-09-05T09:53:20.015Z","True","150000","1876",,"1875","0","0","4207464",,"148615","552","1",,,,"420","1.29"
"150k-10ms-r03","client","latency-client","2026-09-05T09:53:20.015Z","2026-09-05T09:53:30.012Z","True","150000","1876",,"1875","0","0","4218405",,"149030","582","1",,,,"426","1.1599999999999999"
"150k-10ms-r03","client","latency-client","2026-09-05T09:53:30.012Z","2026-09-05T09:53:40.015Z","True","150000","1876",,"1875","0","0","4216842",,"148918","575","1",,,,"423","1.1899999999999999"
"150k-10ms-r03","client","latency-client","2026-09-05T09:53:40.015Z","2026-09-05T09:53:50.015Z","True","150000","1876",,"1875","0","0","4249482",,"150100","472","1",,,,"391","1.02"
"150k-10ms-r03","client","latency-client","2026-09-05T09:53:50.015Z","2026-09-05T09:54:00.006Z","True","150000","1876",,"1875","0","0","4249065",,"150084","513","1",,,,"406","0.97999999999999998"
"150k-10ms-r03","client","latency-client","2026-09-05T09:54:00.006Z","2026-09-05T09:54:10.005Z","True","150000","1876",,"1875","0","0","4249910",,"150115","474","1",,,,"379","1.01"
"150k-10ms-r03","client","latency-client","2026-09-05T09:54:10.005Z","2026-09-05T09:54:20.005Z","True","150000","1876",,"1875","0","0","4249483",,"150100","470","1",,,,"367","0.97999999999999998"
"150k-10ms-r03","client","latency-client","2026-09-05T09:54:20.005Z","2026-09-05T09:54:30.005Z","True","150000","1876",,"1875","0","0","4249484",,"150100","440","1",,,,"343","1.01"
"150k-10ms-r03","client","latency-client","2026-09-05T09:54:30.005Z","2026-09-05T09:54:40.012Z","True","150000","1876",,"1875","0","0","4248945",,"150107","466","1",,,,"365","1.0700000000000001"
"150k-10ms-r03","client","latency-client","2026-09-05T09:54:40.012Z","2026-09-05T09:54:50.008Z","True","150000","1876",,"1875","0","0","4248754",,"150047","460","1",,,,"364","1"
"150k-10ms-r03","client","latency-client","2026-09-05T09:54:50.008Z","2026-09-05T09:55:00.012Z","True","150000","1876",,"1875","0","0","4248584",,"150068","602","1",,,,"515","0.92000000000000004"
"150k-10ms-r03","client","latency-client","2026-09-05T09:55:00.012Z","2026-09-05T09:55:10.014Z","True","150000","1876",,"1875","0","0","4252085",,"150191","932","1",,,,"811","0.96999999999999997"
"150k-10ms-r03","client","latency-client","2026-09-05T09:55:10.014Z","2026-09-05T09:55:20.009Z","True","150000","1876",,"1875","0","0","4247362",,"150024","477","1",,,,"370","1.05"
"150k-10ms-r03","client","latency-client","2026-09-05T09:55:20.009Z","2026-09-05T09:55:30.001Z","True","150000","1876",,"1875","0","0","4248637",,"150069","456","1",,,,"351","0.96999999999999997"
"150k-10ms-r03","client","latency-client","2026-09-05T09:55:30.001Z","2026-09-05T09:55:40.005Z","True","150000","1876",,"1875","0","0","4251996",,"150190","456","1",,,,"374","0.98999999999999999"
"150k-10ms-r03","client","latency-client","2026-09-05T09:55:40.005Z","2026-09-05T09:55:50.009Z","True","150000","1876",,"1875","0","0","4243427",,"149889","430","1",,,,"352","1.05"
"150k-10ms-r03","client","latency-client","2026-09-05T09:55:50.009Z","2026-09-05T09:56:00.008Z","True","150000","1876",,"1875","0","0","4220131",,"149064","543","1",,,,"385","1.21"
"150k-10ms-r03","client","latency-client","2026-09-05T09:56:00.008Z","2026-09-05T09:56:10.011Z","True","150000","1876",,"1875","0","0","4222623",,"149154","535","1",,,,"396","1.29"
"150k-10ms-r03","client","latency-client","2026-09-05T09:56:10.011Z","2026-09-05T09:56:20.015Z","True","150000","1876",,"1875","0","0","4226556",,"149289","549","1",,,,"394","1.1399999999999999"
"150k-10ms-r03","client","latency-client","2026-09-05T09:56:20.015Z","2026-09-05T09:56:30.008Z","True","150000","1876",,"1875","0","0","4218452",,"149003","541","1",,,,"404","1.29"
"150k-10ms-r03","client","latency-client","2026-09-05T09:56:30.008Z","2026-09-05T09:56:40.006Z","True","150000","1876",,"1875","0","0","4212093",,"148778","550","1",,,,"398","1.27"
"150k-10ms-r03","client","latency-client","2026-09-05T09:56:40.006Z","2026-09-05T09:56:50.005Z","True","150000","1876",,"1875","0","0","4186171",,"147863","568","1",,,,"412","1.24"
"150k-10ms-r03","client","latency-client","2026-09-05T09:56:50.005Z","2026-09-05T09:57:00.006Z","True","150000","1876",,"1875","0","0","4202332",,"148434","573","1",,,,"421","1.3600000000000001"
"150k-10ms-r03","client","latency-client","2026-09-05T09:57:00.006Z","2026-09-05T09:57:10.005Z","True","150000","1876",,"1875","0","0","4215921",,"148914","561","1",,,,"405","1.2"
"150k-10ms-r03","client","latency-client","2026-09-05T09:57:10.005Z","2026-09-05T09:57:20.001Z","True","150000","1876",,"1875","0","0","4212934",,"148808","543","1",,,,"374","1.1499999999999999"
"150k-10ms-r03","client","latency-client","2026-09-05T09:57:20.001Z","2026-09-05T09:57:30.013Z","True","150000","1876",,"1875","0","0","4220538",,"149077","509","1",,,,"368","1.1699999999999999"
"150k-10ms-r03","client","latency-client","2026-09-05T09:57:30.013Z","2026-09-05T09:57:40.011Z","True","150000","1876",,"1875","0","0","4219412",,"149036","544","1",,,,"389","1.1499999999999999"
"150k-10ms-r03","client","latency-client","2026-09-05T09:57:40.011Z","2026-09-05T09:57:50.005Z","True","150000","1876",,"1875","0","0","4205566",,"148551","517","1",,,,"383","1.1599999999999999"
"150k-10ms-r03","client","latency-client","2026-09-05T09:57:50.005Z","2026-09-05T09:58:00.005Z","True","150000","1876",,"1875","0","0","4223048",,"149170","552","1",,,,"370","1.1499999999999999"
"150k-10ms-r03","client","latency-client","2026-09-05T09:58:00.005Z","2026-09-05T09:58:10.004Z","True","150000","1876",,"1875","0","0","4215734",,"148914","549","1",,,,"403","1.1200000000000001"
"150k-10ms-r03","client","latency-client","2026-09-05T09:58:10.004Z","2026-09-05T09:58:20.005Z","True","150000","1876",,"1875","0","0","4206322",,"148584","540","1",,,,"380","1.3200000000000001"
"150k-10ms-r03","client","latency-client","2026-09-05T09:58:20.005Z","2026-09-05T09:58:30.013Z","True","150000","1876",,"1875","0","0","4210137",,"148716","525","1",,,,"379","1.21"
"150k-10ms-r03","client","latency-client","2026-09-05T09:58:30.013Z","2026-09-05T09:58:40.011Z","True","150000","1876",,"1875","0","0","4213790",,"148842","530","1",,,,"389","1.1299999999999999"
"150k-10ms-r03","client","latency-client","2026-09-05T09:58:40.011Z","2026-09-05T09:58:50.012Z","True","150000","1876",,"1875","0","0","4214929",,"148884","550","1",,,,"380","1.1799999999999999"
"150k-10ms-r03","client","latency-client","2026-09-05T09:58:50.012Z","2026-09-05T09:59:00.010Z","True","150000","1876",,"1875","0","0","4228944",,"149379","541","1",,,,"405","1.1399999999999999"
"150k-10ms-r03","client","latency-client","2026-09-05T09:59:00.010Z","2026-09-05T09:59:10.014Z","True","150000","1876",,"1875","1","0","4213045",,"148819","513","1",,,,"354","1.1899999999999999"
"150k-10ms-r03","client","latency-client","2026-09-05T09:59:10.014Z","2026-09-05T09:59:20.000Z","True","150000","1876",,"1875","0","0","4217627",,"148977","537","1",,,,"391","1.1299999999999999"
"150k-10ms-r03","server","latency-server","2026-09-05T09:48:10.008Z","2026-09-05T09:48:20.008Z","False","150000","0",,"0","0","0","0",,,,"0",,,,,"2.3599999999999999"
"150k-10ms-r03","server","latency-server","2026-09-05T09:48:20.008Z","2026-09-05T09:48:30.016Z","False","150000","1876",,"1875","0","0","1837","187",,,"3515510",,"129020","136","331","2.8799999999999999"
"150k-10ms-r03","server","latency-server","2026-09-05T09:48:30.016Z","2026-09-05T09:48:40.006Z","False","150000","1876",,"1875","0","0","1",,,,"4095392",,"149949","137","274","3.3999999999999999"
"150k-10ms-r03","server","latency-server","2026-09-05T09:48:40.006Z","2026-09-05T09:48:50.007Z","False","150000","1876",,"1875","0","0","1",,,,"4070393",,"149034","139","300","3.4100000000000001"
"150k-10ms-r03","server","latency-server","2026-09-05T09:48:50.007Z","2026-09-05T09:49:00.009Z","False","150000","1876",,"1875","0","0","1",,,,"4069984",,"149019","172","357","3.3500000000000001"
"150k-10ms-r03","server","latency-server","2026-09-05T09:49:00.009Z","2026-09-05T09:49:10.014Z","False","150000","1876",,"1875","0","0","1",,,,"4100711",,"149124","144","305","3.3500000000000001"
"150k-10ms-r03","server","latency-server","2026-09-05T09:49:10.014Z","2026-09-05T09:49:20.014Z","False","150000","1876",,"1875","0","0","1",,,,"4108037",,"149049","145","220","3.3799999999999999"
"150k-10ms-r03","server","latency-server","2026-09-05T09:49:20.014Z","2026-09-05T09:49:30.000Z","False","150000","1876",,"1875","0","0","1",,,,"4109653",,"149107","168","469","3.4100000000000001"
"150k-10ms-r03","server","latency-server","2026-09-05T09:49:30.000Z","2026-09-05T09:49:40.008Z","True","150000","1876",,"1875","0","0","1",,,,"4121286",,"149530","133","820","3.3399999999999999"
"150k-10ms-r03","server","latency-server","2026-09-05T09:49:40.008Z","2026-09-05T09:49:50.007Z","True","150000","1876",,"1875","0","0","1",,,,"4174179",,"148914","134","996","3.3799999999999999"
"150k-10ms-r03","server","latency-server","2026-09-05T09:49:50.007Z","2026-09-05T09:50:00.004Z","True","150000","1876",,"1875","0","0","1",,,,"4225266",,"149244","150","645","3.3500000000000001"
"150k-10ms-r03","server","latency-server","2026-09-05T09:50:00.004Z","2026-09-05T09:50:10.011Z","True","150000","1876",,"1875","0","0","1",,,,"4199812",,"148345","152","713","3.3900000000000001"
"150k-10ms-r03","server","latency-server","2026-09-05T09:50:10.011Z","2026-09-05T09:50:20.005Z","True","150000","1876",,"1875","0","0","1",,,,"4213777",,"148838","164","693","3.46"
"150k-10ms-r03","server","latency-server","2026-09-05T09:50:20.005Z","2026-09-05T09:50:30.002Z","True","150000","1876",,"1875","0","0","1",,,,"4212514",,"148793","125","318","3.4100000000000001"
"150k-10ms-r03","server","latency-server","2026-09-05T09:50:30.002Z","2026-09-05T09:50:40.010Z","True","150000","1876",,"1875","0","0","1",,,,"4190855",,"148030","182","375","3.3999999999999999"
"150k-10ms-r03","server","latency-server","2026-09-05T09:50:40.010Z","2026-09-05T09:50:50.004Z","True","150000","1876",,"1875","0","0","1",,,,"4230682",,"149439","134","515","3.3700000000000001"
"150k-10ms-r03","server","latency-server","2026-09-05T09:50:50.004Z","2026-09-05T09:51:00.015Z","True","150000","1876",,"1875","0","0","1",,,,"4210867",,"148735","165","360","3.46"
"150k-10ms-r03","server","latency-server","2026-09-05T09:51:00.015Z","2026-09-05T09:51:10.011Z","True","150000","1876",,"1875","0","0","1",,,,"4217988",,"149015","141","233","3.3500000000000001"
"150k-10ms-r03","server","latency-server","2026-09-05T09:51:10.011Z","2026-09-05T09:51:20.009Z","True","150000","1876",,"1875","0","0","1",,,,"4215542",,"148871","173","432","3.3999999999999999"
"150k-10ms-r03","server","latency-server","2026-09-05T09:51:20.009Z","2026-09-05T09:51:30.005Z","True","150000","1876",,"1875","0","0","1",,,,"4238441",,"149709","130","503","3.3599999999999999"
"150k-10ms-r03","server","latency-server","2026-09-05T09:51:30.005Z","2026-09-05T09:51:40.007Z","True","150000","1876",,"1875","0","0","1",,,,"4218906",,"149019","175","197","3.3999999999999999"
"150k-10ms-r03","server","latency-server","2026-09-05T09:51:40.007Z","2026-09-05T09:51:50.012Z","True","150000","1876",,"1875","0","0","1",,,,"4190321",,"148018","162","230","3.3799999999999999"
"150k-10ms-r03","server","latency-server","2026-09-05T09:51:50.012Z","2026-09-05T09:52:00.004Z","True","150000","1876",,"1875","0","0","1",,,,"4216459",,"148924","128","188","3.3799999999999999"
"150k-10ms-r03","server","latency-server","2026-09-05T09:52:00.004Z","2026-09-05T09:52:10.004Z","True","150000","1876",,"1875","0","0","1",,,,"4228204",,"149349","170","276","3.3900000000000001"
"150k-10ms-r03","server","latency-server","2026-09-05T09:52:10.004Z","2026-09-05T09:52:20.006Z","True","150000","1876",,"1875","0","0","1",,,,"4223048",,"149169","142","365","3.3999999999999999"
"150k-10ms-r03","server","latency-server","2026-09-05T09:52:20.006Z","2026-09-05T09:52:30.006Z","True","150000","1876",,"1875","0","0","1",,,,"4215500",,"148899","152","148","3.3799999999999999"
"150k-10ms-r03","server","latency-server","2026-09-05T09:52:30.006Z","2026-09-05T09:52:40.008Z","True","150000","1876",,"1875","0","0","1",,,,"4214657",,"148869","156","443","3.3700000000000001"
"150k-10ms-r03","server","latency-server","2026-09-05T09:52:40.008Z","2026-09-05T09:52:50.003Z","True","150000","1876",,"1875","0","0","1",,,,"4201409",,"148412","160","705","3.4100000000000001"
"150k-10ms-r03","server","latency-server","2026-09-05T09:52:50.003Z","2026-09-05T09:53:00.012Z","True","150000","1876",,"1875","1","0","1",,,,"4182785",,"147733","160","342","3.3900000000000001"
"150k-10ms-r03","server","latency-server","2026-09-05T09:53:00.012Z","2026-09-05T09:53:10.006Z","True","150000","1876",,"1875","0","0","1",,,,"4229182",,"149381","143","706","3.3900000000000001"
"150k-10ms-r03","server","latency-server","2026-09-05T09:53:10.006Z","2026-09-05T09:53:20.018Z","True","150000","1876",,"1875","0","0","1",,,,"4206203",,"148570","134","460","3.4100000000000001"
"150k-10ms-r03","server","latency-server","2026-09-05T09:53:20.018Z","2026-09-05T09:53:30.012Z","True","150000","1876",,"1875","0","0","1",,,,"4222281",,"149138","152","402","3.3300000000000001"
"150k-10ms-r03","server","latency-server","2026-09-05T09:53:30.012Z","2026-09-05T09:53:40.015Z","True","150000","1876",,"1875","0","0","1",,,,"4214234",,"148854","148","593","3.3999999999999999"
"150k-10ms-r03","server","latency-server","2026-09-05T09:53:40.015Z","2026-09-05T09:53:50.015Z","True","150000","1876",,"1875","0","0","1",,,,"4249482",,"150100","82","404","3.29"
"150k-10ms-r03","server","latency-server","2026-09-05T09:53:50.015Z","2026-09-05T09:54:00.006Z","True","150000","1876",,"1875","0","0","1",,,,"4249065",,"150084","114","617","3.3100000000000001"
"150k-10ms-r03","server","latency-server","2026-09-05T09:54:00.006Z","2026-09-05T09:54:10.005Z","True","150000","1876",,"1875","0","0","1",,,,"4249910",,"150115","93","183","3.27"
"150k-10ms-r03","server","latency-server","2026-09-05T09:54:10.005Z","2026-09-05T09:54:20.005Z","True","150000","1876",,"1875","0","0","1",,,,"4249483",,"150100","110","242","3.3399999999999999"
"150k-10ms-r03","server","latency-server","2026-09-05T09:54:20.005Z","2026-09-05T09:54:30.005Z","True","150000","1876",,"1875","0","0","1",,,,"4249484",,"150100","103","351","3.3199999999999998"
"150k-10ms-r03","server","latency-server","2026-09-05T09:54:30.005Z","2026-09-05T09:54:40.012Z","True","150000","1876",,"1875","0","0","1",,,,"4249735",,"150130","98","642","3.2999999999999998"
"150k-10ms-r03","server","latency-server","2026-09-05T09:54:40.012Z","2026-09-05T09:54:50.008Z","True","150000","1876",,"1875","0","0","1",,,,"4247963",,"150024","94","295","3.29"
"150k-10ms-r03","server","latency-server","2026-09-05T09:54:50.008Z","2026-09-05T09:55:00.012Z","True","150000","1876",,"1875","1","0","1",,,,"4250199",,"150127","91","517","3.2599999999999998"
"150k-10ms-r03","server","latency-server","2026-09-05T09:55:00.012Z","2026-09-05T09:55:10.014Z","True","150000","1876",,"1875","0","0","1",,,,"4250470",,"150132","115","1107","3.29"
"150k-10ms-r03","server","latency-server","2026-09-05T09:55:10.014Z","2026-09-05T09:55:20.009Z","True","150000","1876",,"1875","0","0","1",,,,"4247362",,"150024","113","394","3.27"
"150k-10ms-r03","server","latency-server","2026-09-05T09:55:20.009Z","2026-09-05T09:55:30.002Z","True","150000","1876",,"1875","0","0","1",,,,"4248212",,"150054","101","226","3.3199999999999998"
"150k-10ms-r03","server","latency-server","2026-09-05T09:55:30.002Z","2026-09-05T09:55:40.005Z","True","150000","1876",,"1875","0","0","1",,,,"4252421",,"150205","83","144","3.21"
"150k-10ms-r03","server","latency-server","2026-09-05T09:55:40.005Z","2026-09-05T09:55:50.009Z","True","150000","1876",,"1875","0","0","1",,,,"4243427",,"149889","79","337","3.3300000000000001"
"150k-10ms-r03","server","latency-server","2026-09-05T09:55:50.009Z","2026-09-05T09:56:00.008Z","True","150000","1876",,"1875","0","0","1",,,,"4220131",,"149064","153","790","3.3900000000000001"
"150k-10ms-r03","server","latency-server","2026-09-05T09:56:00.008Z","2026-09-05T09:56:10.011Z","True","150000","1876",,"1875","0","0","1",,,,"4222623",,"149154","144","461","3.4100000000000001"
"150k-10ms-r03","server","latency-server","2026-09-05T09:56:10.011Z","2026-09-05T09:56:20.015Z","True","150000","1876",,"1875","0","0","1",,,,"4226556",,"149289","152","180","3.3700000000000001"
"150k-10ms-r03","server","latency-server","2026-09-05T09:56:20.015Z","2026-09-05T09:56:30.008Z","True","150000","1876",,"1875","0","0","1",,,,"4218452",,"149003","136","339","3.4199999999999999"
"150k-10ms-r03","server","latency-server","2026-09-05T09:56:30.008Z","2026-09-05T09:56:40.006Z","True","150000","1876",,"1875","0","0","1",,,,"4212093",,"148778","160","572","3.3900000000000001"
"150k-10ms-r03","server","latency-server","2026-09-05T09:56:40.006Z","2026-09-05T09:56:50.005Z","True","150000","1876",,"1875","0","0","1",,,,"4186171",,"147863","163","406","3.3900000000000001"
"150k-10ms-r03","server","latency-server","2026-09-05T09:56:50.005Z","2026-09-05T09:57:00.006Z","True","150000","1876",,"1875","0","0","1",,,,"4202332",,"148434","153","365","3.4700000000000002"
"150k-10ms-r03","server","latency-server","2026-09-05T09:57:00.006Z","2026-09-05T09:57:10.005Z","True","150000","1876",,"1875","0","0","1",,,,"4215921",,"148914","161","233","3.4300000000000002"
"150k-10ms-r03","server","latency-server","2026-09-05T09:57:10.005Z","2026-09-05T09:57:20.001Z","True","150000","1876",,"1875","0","0","1",,,,"4212934",,"148808","163","443","3.3900000000000001"
"150k-10ms-r03","server","latency-server","2026-09-05T09:57:20.001Z","2026-09-05T09:57:30.013Z","True","150000","1876",,"1875","0","0","1",,,,"4223181",,"149170","145","687","3.3300000000000001"
"150k-10ms-r03","server","latency-server","2026-09-05T09:57:30.013Z","2026-09-05T09:57:40.010Z","True","150000","1876",,"1875","0","0","1",,,,"4216765",,"148943","163","207","3.3300000000000001"
"150k-10ms-r03","server","latency-server","2026-09-05T09:57:40.010Z","2026-09-05T09:57:50.008Z","True","150000","1876",,"1875","0","0","1",,,,"4204318",,"148532","134","434","3.3599999999999999"
"150k-10ms-r03","server","latency-server","2026-09-05T09:57:50.008Z","2026-09-05T09:58:00.005Z","True","150000","1876",,"1875","0","0","1",,,,"4224301",,"149190","174","588","3.3799999999999999"
"150k-10ms-r03","server","latency-server","2026-09-05T09:58:00.005Z","2026-09-05T09:58:10.004Z","True","150000","1876",,"1875","0","0","1",,,,"4215734",,"148914","144","280","3.3700000000000001"
"150k-10ms-r03","server","latency-server","2026-09-05T09:58:10.004Z","2026-09-05T09:58:20.005Z","True","150000","1876",,"1875","0","0","1",,,,"4206322",,"148584","155","614","3.3999999999999999"
"150k-10ms-r03","server","latency-server","2026-09-05T09:58:20.005Z","2026-09-05T09:58:30.013Z","True","150000","1876",,"1875","0","0","1",,,,"4210958",,"148767","152","220","3.3900000000000001"
"150k-10ms-r03","server","latency-server","2026-09-05T09:58:30.013Z","2026-09-05T09:58:40.011Z","True","150000","1876",,"1875","0","0","1",,,,"4212968",,"148791","146","291","3.3599999999999999"
"150k-10ms-r03","server","latency-server","2026-09-05T09:58:40.011Z","2026-09-05T09:58:50.012Z","True","150000","1876",,"1875","0","0","1",,,,"4214929",,"148884","163","235","3.3799999999999999"
"150k-10ms-r03","server","latency-server","2026-09-05T09:58:50.012Z","2026-09-05T09:59:00.010Z","True","150000","1876",,"1875","0","0","1",,,,"4228944",,"149379","136","285","3.3599999999999999"
"150k-10ms-r03","server","latency-server","2026-09-05T09:59:00.010Z","2026-09-05T09:59:10.013Z","True","150000","1876",,"1875","0","0","1",,,,"4214086",,"148854","167","189","3.3100000000000001"
"150k-10ms-r03","server","latency-server","2026-09-05T09:59:10.013Z","2026-09-05T09:59:20.000Z","True","150000","1876",,"1875","0","0","1",,,,"4216584",,"148942","152","323","3.3599999999999999"
"150k-1ms-stress-r01","client","latency-client","2026-09-05T08:49:00.005Z","2026-09-05T08:49:10.005Z","False","150000","191",,"188","0","0","4033361",,"150654","228","333","21",,,"164","2.6699999999999999"
"150k-1ms-stress-r01","client","latency-client","2026-09-05T08:49:10.005Z","2026-09-05T08:49:20.000Z","False","150000","191",,"188","0","0","4162035",,"150984","182","1",,,,"125","0.89000000000000001"
"150k-1ms-stress-r01","client","latency-client","2026-09-05T08:49:20.000Z","2026-09-05T08:49:30.007Z","False","150000","191",,"188","0","0","4162453",,"151000","179","1",,,,"122","0.76000000000000001"
"150k-1ms-stress-r01","client","latency-client","2026-09-05T08:49:30.007Z","2026-09-05T08:49:40.008Z","False","150000","191",,"188","0","0","4162426",,"151000","176","1",,,,"113","0.93999999999999995"
"150k-1ms-stress-r01","client","latency-client","2026-09-05T08:49:40.008Z","2026-09-05T08:49:50.009Z","False","150000","191",,"188","0","0","4159860",,"150909","185","1",,,,"126","1.05"
"150k-1ms-stress-r01","client","latency-client","2026-09-05T08:49:50.009Z","2026-09-05T08:50:00.013Z","False","150000","191",,"188","0","0","4162036",,"150984","213","1",,,,"154","1.1000000000000001"
"150k-1ms-stress-r01","client","latency-client","2026-09-05T08:50:00.013Z","2026-09-05T08:50:10.004Z","False","150000","191",,"188","0","0","4162404",,"151000","206","1",,,,"148","1.24"
"150k-1ms-stress-r01","client","latency-client","2026-09-05T08:50:10.004Z","2026-09-05T08:50:20.002Z","True","150000","191",,"188","0","0","4156957",,"150803","204","1",,,,"144","1.5700000000000001"
"150k-1ms-stress-r01","client","latency-client","2026-09-05T08:50:20.002Z","2026-09-05T08:50:30.010Z","True","150000","191",,"188","0","0","4158254",,"150849","203","1",,,,"142","1.6699999999999999"
"150k-1ms-stress-r01","client","latency-client","2026-09-05T08:50:30.010Z","2026-09-05T08:50:40.013Z","True","150000","191",,"188","0","0","4156967",,"150809","216","1",,,,"153","1.7"
"150k-1ms-stress-r01","client","latency-client","2026-09-05T08:50:40.013Z","2026-09-05T08:50:50.013Z","True","150000","191",,"188","0","0","4156630",,"150782","211","1",,,,"150","1.6100000000000001"
"150k-1ms-stress-r01","client","latency-client","2026-09-05T08:50:50.013Z","2026-09-05T08:51:00.010Z","True","150000","191",,"188","0","0","4157466",,"150818","220","1",,,,"159","1.6000000000000001"
"150k-1ms-stress-r01","client","latency-client","2026-09-05T08:51:00.010Z","2026-09-05T08:51:10.014Z","True","150000","191",,"188","0","0","4156247",,"150773","226","1",,,,"157","1.6899999999999999"
"150k-1ms-stress-r01","client","latency-client","2026-09-05T08:51:10.014Z","2026-09-05T08:51:20.013Z","True","150000","191",,"188","0","0","4155746",,"150758","219","1",,,,"159","1.54"
"150k-1ms-stress-r01","client","latency-client","2026-09-05T08:51:20.013Z","2026-09-05T08:51:30.009Z","True","150000","191",,"188","1","0","4157318",,"150818","196","1",,,,"136","1.74"
"150k-1ms-stress-r01","client","latency-client","2026-09-05T08:51:30.009Z","2026-09-05T08:51:40.003Z","True","150000","191",,"188","0","0","4155285",,"150743","216","1",,,,"155","1.6100000000000001"
"150k-1ms-stress-r01","client","latency-client","2026-09-05T08:51:40.003Z","2026-09-05T08:51:50.007Z","True","150000","191",,"188","0","0","4156643",,"150788","221","1",,,,"157","1.5800000000000001"
"150k-1ms-stress-r01","client","latency-client","2026-09-05T08:51:50.007Z","2026-09-05T08:52:00.015Z","True","150000","191",,"188","0","0","4159186",,"150879","232","1",,,,"153","1.6499999999999999"
"150k-1ms-stress-r01","client","latency-client","2026-09-05T08:52:00.015Z","2026-09-05T08:52:10.016Z","True","150000","191",,"188","0","0","4159978",,"150909","223","1",,,,"158","1.6000000000000001"
"150k-1ms-stress-r01","client","latency-client","2026-09-05T08:52:10.016Z","2026-09-05T08:52:20.010Z","True","150000","191",,"188","0","0","4154086",,"150697","212","1",,,,"151","1.6299999999999999"
"150k-1ms-stress-r01","client","latency-client","2026-09-05T08:52:20.010Z","2026-09-05T08:52:30.013Z","True","150000","191",,"188","0","0","4157796",,"150834","206","1",,,,"144","1.6899999999999999"
"150k-1ms-stress-r01","client","latency-client","2026-09-05T08:52:30.013Z","2026-09-05T08:52:40.017Z","True","150000","191",,"188","0","0","4157467",,"150818","214","1",,,,"154","1.78"
"150k-1ms-stress-r01","client","latency-client","2026-09-05T08:52:40.017Z","2026-09-05T08:52:50.011Z","True","150000","191",,"188","0","0","4156671",,"150788","242","1",,,,"169","1.6200000000000001"
"150k-1ms-stress-r01","client","latency-client","2026-09-05T08:52:50.011Z","2026-09-05T08:53:00.015Z","True","150000","191",,"188","0","0","4157073",,"150803","239","1",,,,"172","1.49"
"150k-1ms-stress-r01","client","latency-client","2026-09-05T08:53:00.015Z","2026-09-05T08:53:10.014Z","True","150000","191",,"188","0","0","4157065",,"150803","222","1",,,,"153","1.5"
"150k-1ms-stress-r01","client","latency-client","2026-09-05T08:53:10.014Z","2026-09-05T08:53:20.012Z","True","150000","191",,"188","0","0","4158319",,"150848","245","1",,,,"176","1.53"
"150k-1ms-stress-r01","client","latency-client","2026-09-05T08:53:20.012Z","2026-09-05T08:53:30.015Z","True","150000","191",,"188","0","0","4158736",,"150864","274","1",,,,"206","1.55"
"150k-1ms-stress-r01","client","latency-client","2026-09-05T08:53:30.015Z","2026-09-05T08:53:40.007Z","True","150000","191",,"188","0","0","4157027",,"150803","228","1",,,,"159","1.5"
"150k-1ms-stress-r01","client","latency-client","2026-09-05T08:53:40.007Z","2026-09-05T08:53:50.005Z","True","150000","191",,"188","0","0","4157374",,"150818","218","1",,,,"158","1.51"
"150k-1ms-stress-r01","client","latency-client","2026-09-05T08:53:50.005Z","2026-09-05T08:54:00.009Z","True","150000","191",,"188","0","0","4156227",,"150773","217","1",,,,"155","1.6499999999999999"
"150k-1ms-stress-r01","client","latency-client","2026-09-05T08:54:00.009Z","2026-09-05T08:54:10.010Z","True","150000","191",,"188","0","0","4159153",,"150879","221","1",,,,"153","1.6200000000000001"
"150k-1ms-stress-r01","client","latency-client","2026-09-05T08:54:10.010Z","2026-09-05T08:54:20.002Z","True","150000","191",,"188","0","0","4157478",,"150818","235","1",,,,"154","1.8200000000000001"
"150k-1ms-stress-r01","client","latency-client","2026-09-05T08:54:20.002Z","2026-09-05T08:54:30.010Z","True","150000","191",,"188","0","0","4154900",,"150728","223","1",,,,"153","1.48"
"150k-1ms-stress-r01","client","latency-client","2026-09-05T08:54:30.010Z","2026-09-05T08:54:40.004Z","True","150000","191",,"188","0","0","4156658",,"150788","226","1",,,,"156","1.5"
"150k-1ms-stress-r01","client","latency-client","2026-09-05T08:54:40.004Z","2026-09-05T08:54:50.015Z","True","150000","191",,"188","0","0","4156244",,"150773","227","1",,,,"158","1.5700000000000001"
"150k-1ms-stress-r01","client","latency-client","2026-09-05T08:54:50.015Z","2026-09-05T08:55:00.002Z","True","150000","191",,"188","0","0","4154597",,"150712","238","1",,,,"160","1.76"
"150k-1ms-stress-r01","client","latency-client","2026-09-05T08:55:00.002Z","2026-09-05T08:55:10.010Z","True","150000","191",,"188","0","0","4157912",,"150834","235","1",,,,"164","1.55"
"150k-1ms-stress-r01","client","latency-client","2026-09-05T08:55:10.010Z","2026-09-05T08:55:20.004Z","True","150000","191",,"188","0","0","4156653",,"150803","217","1",,,,"153","1.49"
"150k-1ms-stress-r01","client","latency-client","2026-09-05T08:55:20.004Z","2026-09-05T08:55:30.005Z","True","150000","191",,"188","0","0","4159132",,"150864","222","1",,,,"157","1.5"
"150k-1ms-stress-r01","client","latency-client","2026-09-05T08:55:30.005Z","2026-09-05T08:55:40.009Z","True","150000","191",,"188","0","0","4154116",,"150698","213","1",,,,"144","1.54"
"150k-1ms-stress-r01","client","latency-client","2026-09-05T08:55:40.009Z","2026-09-05T08:55:50.011Z","True","150000","191",,"188","0","0","4157828",,"150833","229","1",,,,"153","1.76"
"150k-1ms-stress-r01","client","latency-client","2026-09-05T08:55:50.011Z","2026-09-05T08:56:00.000Z","True","150000","191",,"188","0","0","4154990",,"150727","245","1",,,,"172","1.6599999999999999"
"150k-1ms-stress-r01","client","latency-client","2026-09-05T08:56:00.000Z","2026-09-05T08:56:10.003Z","True","150000","191",,"188","0","0","4157895",,"150833","232","1",,,,"167","1.54"
"150k-1ms-stress-r01","client","latency-client","2026-09-05T08:56:10.003Z","2026-09-05T08:56:20.003Z","True","150000","191",,"188","0","0","4155391",,"150743","221","1",,,,"158","1.54"
"150k-1ms-stress-r01","client","latency-client","2026-09-05T08:56:20.003Z","2026-09-05T08:56:30.007Z","True","150000","191",,"188","0","0","4158269",,"150849","201","1",,,,"135","1.5800000000000001"
"150k-1ms-stress-r01","client","latency-client","2026-09-05T08:56:30.007Z","2026-09-05T08:56:40.014Z","True","150000","191",,"188","0","0","4157381",,"150818","223","1",,,,"159","1.5600000000000001"
"150k-1ms-stress-r01","client","latency-client","2026-09-05T08:56:40.014Z","2026-09-05T08:56:50.012Z","True","150000","191",,"188","0","0","4157473",,"150818","224","1",,,,"159","1.47"
"150k-1ms-stress-r01","client","latency-client","2026-09-05T08:56:50.012Z","2026-09-05T08:57:00.013Z","True","150000","191",,"188","0","0","4156651",,"150788","217","1",,,,"149","1.51"
"150k-1ms-stress-r01","client","latency-client","2026-09-05T08:57:00.013Z","2026-09-05T08:57:10.014Z","True","150000","191",,"188","0","0","4157011",,"150803","218","1",,,,"151","1.4299999999999999"
"150k-1ms-stress-r01","client","latency-client","2026-09-05T08:57:10.014Z","2026-09-05T08:57:20.005Z","True","150000","191",,"188","0","0","4156494",,"150788","214","1",,,,"148","1.4199999999999999"
"150k-1ms-stress-r01","client","latency-client","2026-09-05T08:57:20.005Z","2026-09-05T08:57:30.006Z","True","150000","191",,"188","0","0","4157779",,"150833","188","1",,,,"126","1.46"
"150k-1ms-stress-r01","client","latency-client","2026-09-05T08:57:30.006Z","2026-09-05T08:57:40.001Z","True","150000","191",,"188","0","0","4157469",,"150818","219","1",,,,"156","1.47"
"150k-1ms-stress-r01","client","latency-client","2026-09-05T08:57:40.001Z","2026-09-05T08:57:50.013Z","True","150000","191",,"188","0","0","4171562",,"150758","217","1",,,,"153","1.47"
"150k-1ms-stress-r01","client","latency-client","2026-09-05T08:57:50.013Z","2026-09-05T08:58:00.003Z","True","150000","191",,"188","0","0","4195432",,"150818","216","1",,,,"151","1.5"
"150k-1ms-stress-r01","client","latency-client","2026-09-05T08:58:00.003Z","2026-09-05T08:58:10.005Z","True","150000","191",,"188","0","0","4194626",,"150788","211","1",,,,"138","1.4399999999999999"
"150k-1ms-stress-r01","client","latency-client","2026-09-05T08:58:10.005Z","2026-09-05T08:58:20.001Z","True","150000","191",,"188","0","0","4192029",,"150697","211","1",,,,"142","1.3400000000000001"
"150k-1ms-stress-r01","client","latency-client","2026-09-05T08:58:20.001Z","2026-09-05T08:58:30.005Z","True","150000","191",,"188","0","0","4193652",,"150758","203","1",,,,"136","1.4199999999999999"
"150k-1ms-stress-r01","client","latency-client","2026-09-05T08:58:30.005Z","2026-09-05T08:58:40.003Z","True","150000","191",,"188","0","0","4192091",,"150697","244","1",,,,"171","1.6200000000000001"
"150k-1ms-stress-r01","client","latency-client","2026-09-05T08:58:40.003Z","2026-09-05T08:58:50.009Z","True","150000","191",,"188","0","0","4195466",,"150829","231","1",,,,"155","1.6699999999999999"
"150k-1ms-stress-r01","client","latency-client","2026-09-05T08:58:50.009Z","2026-09-05T08:59:00.004Z","True","150000","191",,"188","0","0","4196275",,"150838","240","1",,,,"175","1.48"
"150k-1ms-stress-r01","client","latency-client","2026-09-05T08:59:00.004Z","2026-09-05T08:59:10.006Z","True","150000","191",,"188","0","0","4193712",,"150758","204","1",,,,"139","1.5900000000000001"
"150k-1ms-stress-r01","client","latency-client","2026-09-05T08:59:10.006Z","2026-09-05T08:59:20.011Z","True","150000","191",,"188","0","0","4194935",,"150803","213","1",,,,"143","1.6200000000000001"
"150k-1ms-stress-r01","client","latency-client","2026-09-05T08:59:20.011Z","2026-09-05T08:59:30.012Z","True","150000","191",,"188","0","0","4195890",,"150833","274","1",,,,"196","1.7"
"150k-1ms-stress-r01","client","latency-client","2026-09-05T08:59:30.012Z","2026-09-05T08:59:40.006Z","True","150000","191",,"188","0","0","4193345",,"150743","300","1",,,,"229","1.47"
"150k-1ms-stress-r01","client","latency-client","2026-09-05T08:59:40.006Z","2026-09-05T08:59:50.011Z","True","150000","191",,"188","0","0","4192883",,"150728","208","1",,,,"137","1.6000000000000001"
"150k-1ms-stress-r01","client","latency-client","2026-09-05T08:59:50.011Z","2026-09-05T09:00:00.004Z","True","150000","191",,"188","0","0","4193274",,"150743","223","1",,,,"142","1.6699999999999999"
"150k-1ms-stress-r01","server","latency-server","2026-09-05T08:48:50.003Z","2026-09-05T08:49:00.003Z","False","150000","0",,"0","0","0","0",,,,"0",,,,,"2.1699999999999999"
"150k-1ms-stress-r01","server","latency-server","2026-09-05T08:49:00.003Z","2026-09-05T08:49:10.004Z","False","150000","191",,"188","0","0","302","19",,,"3653091",,"136450","64","101","3.1200000000000001"
"150k-1ms-stress-r01","server","latency-server","2026-09-05T08:49:10.004Z","2026-09-05T08:49:20.000Z","False","150000","191",,"188","0","0","1",,,,"4162451",,"151000","57","120","3.48"
"150k-1ms-stress-r01","server","latency-server","2026-09-05T08:49:20.000Z","2026-09-05T08:49:30.007Z","False","150000","191",,"188","0","0","1",,,,"4162037",,"150984","57","116","3.52"
"150k-1ms-stress-r01","server","latency-server","2026-09-05T08:49:30.007Z","2026-09-05T08:49:40.008Z","False","150000","191",,"188","0","0","1",,,,"4162426",,"151000","63","107","3.5099999999999998"
"150k-1ms-stress-r01","server","latency-server","2026-09-05T08:49:40.008Z","2026-09-05T08:49:50.009Z","False","150000","191",,"188","0","0","1",,,,"4159860",,"150909","58","104","3.4900000000000002"
"150k-1ms-stress-r01","server","latency-server","2026-09-05T08:49:50.009Z","2026-09-05T08:50:00.013Z","False","150000","191",,"188","0","0","1",,,,"4162036",,"150984","58","113","3.4900000000000002"
"150k-1ms-stress-r01","server","latency-server","2026-09-05T08:50:00.013Z","2026-09-05T08:50:10.004Z","False","150000","191",,"188","1","0","1",,,,"4162820",,"151015","58","100","3.46"
"150k-1ms-stress-r01","server","latency-server","2026-09-05T08:50:10.004Z","2026-09-05T08:50:20.002Z","True","150000","191",,"188","0","0","1",,,,"4156541",,"150788","60","105","3.5099999999999998"
"150k-1ms-stress-r01","server","latency-server","2026-09-05T08:50:20.002Z","2026-09-05T08:50:30.010Z","True","150000","191",,"188","0","0","1",,,,"4158254",,"150849","61","115","3.48"
"150k-1ms-stress-r01","server","latency-server","2026-09-05T08:50:30.010Z","2026-09-05T08:50:40.013Z","True","150000","191",,"188","0","0","1",,,,"4156980",,"150810","63","104","3.46"
"150k-1ms-stress-r01","server","latency-server","2026-09-05T08:50:40.013Z","2026-09-05T08:50:50.013Z","True","150000","191",,"188","0","0","1",,,,"4156616",,"150782","60","115","3.48"
"150k-1ms-stress-r01","server","latency-server","2026-09-05T08:50:50.013Z","2026-09-05T08:51:00.010Z","True","150000","191",,"188","0","0","1",,,,"4157882",,"150833","61","119","3.5099999999999998"
"150k-1ms-stress-r01","server","latency-server","2026-09-05T08:51:00.010Z","2026-09-05T08:51:10.014Z","True","150000","191",,"188","0","0","1",,,,"4155848",,"150770","69","120","3.54"
"150k-1ms-stress-r01","server","latency-server","2026-09-05T08:51:10.014Z","2026-09-05T08:51:20.013Z","True","150000","191",,"188","0","0","1",,,,"4155729",,"150746","60","108","3.48"
"150k-1ms-stress-r01","server","latency-server","2026-09-05T08:51:20.013Z","2026-09-05T08:51:30.009Z","True","150000","191",,"188","0","0","1",,,,"4157318",,"150818","60","104","3.48"
"150k-1ms-stress-r01","server","latency-server","2026-09-05T08:51:30.009Z","2026-09-05T08:51:40.003Z","True","150000","191",,"188","0","0","1",,,,"4155285",,"150743","60","115","3.5"
"150k-1ms-stress-r01","server","latency-server","2026-09-05T08:51:40.003Z","2026-09-05T08:51:50.007Z","True","150000","191",,"188","0","0","1",,,,"4157061",,"150803","63","123","3.52"
"150k-1ms-stress-r01","server","latency-server","2026-09-05T08:51:50.007Z","2026-09-05T08:52:00.015Z","True","150000","191",,"188","0","0","1",,,,"4158768",,"150864","79","113","3.5800000000000001"
"150k-1ms-stress-r01","server","latency-server","2026-09-05T08:52:00.015Z","2026-09-05T08:52:10.000Z","True","150000","191",,"188","0","0","1",,,,"4159976",,"150909","64","118","3.5"
"150k-1ms-stress-r01","server","latency-server","2026-09-05T08:52:10.000Z","2026-09-05T08:52:20.010Z","True","150000","191",,"188","0","0","1",,,,"4154098",,"150698","61","113","3.4199999999999999"
"150k-1ms-stress-r01","server","latency-server","2026-09-05T08:52:20.010Z","2026-09-05T08:52:30.013Z","True","150000","191",,"188","1","0","1",,,,"4158212",,"150849","62","102","3.4900000000000002"
"150k-1ms-stress-r01","server","latency-server","2026-09-05T08:52:30.013Z","2026-09-05T08:52:40.017Z","True","150000","191",,"188","0","0","1",,,,"4157051",,"150803","60","110","3.4900000000000002"
"150k-1ms-stress-r01","server","latency-server","2026-09-05T08:52:40.017Z","2026-09-05T08:52:50.011Z","True","150000","191",,"188","0","0","1",,,,"4156671",,"150788","73","129","3.5299999999999998"
"150k-1ms-stress-r01","server","latency-server","2026-09-05T08:52:50.011Z","2026-09-05T08:53:00.015Z","True","150000","191",,"188","0","0","1",,,,"4157073",,"150803","67","160","3.4199999999999999"
"150k-1ms-stress-r01","server","latency-server","2026-09-05T08:53:00.015Z","2026-09-05T08:53:10.014Z","True","150000","191",,"188","0","0","1",,,,"4157065",,"150803","68","442","3.4300000000000002"
"150k-1ms-stress-r01","server","latency-server","2026-09-05T08:53:10.014Z","2026-09-05T08:53:20.012Z","True","150000","191",,"188","0","0","1",,,,"4158335",,"150851","69","730","3.3900000000000001"
"150k-1ms-stress-r01","server","latency-server","2026-09-05T08:53:20.012Z","2026-09-05T08:53:30.015Z","True","150000","191",,"188","0","0","1",,,,"4158719",,"150861","68","189","3.48"
"150k-1ms-stress-r01","server","latency-server","2026-09-05T08:53:30.015Z","2026-09-05T08:53:40.007Z","True","150000","191",,"188","0","0","1",,,,"4157027",,"150803","69","119","3.4700000000000002"
"150k-1ms-stress-r01","server","latency-server","2026-09-05T08:53:40.007Z","2026-09-05T08:53:50.005Z","True","150000","191",,"188","0","0","1",,,,"4157400",,"150832","61","113","3.5499999999999998"
"150k-1ms-stress-r01","server","latency-server","2026-09-05T08:53:50.005Z","2026-09-05T08:54:00.003Z","True","150000","191",,"188","0","0","1",,,,"4158279",,"150835","62","123","3.4500000000000002"
"150k-1ms-stress-r01","server","latency-server","2026-09-05T08:54:00.003Z","2026-09-05T08:54:10.010Z","True","150000","191",,"188","0","0","1",,,,"4157075",,"150803","68","111","3.46"
"150k-1ms-stress-r01","server","latency-server","2026-09-05T08:54:10.010Z","2026-09-05T08:54:20.002Z","True","150000","191",,"188","0","0","1",,,,"4157486",,"150820","81","114","3.5499999999999998"
"150k-1ms-stress-r01","server","latency-server","2026-09-05T08:54:20.002Z","2026-09-05T08:54:30.010Z","True","150000","191",,"188","0","0","1",,,,"4154892",,"150726","70","115","3.3999999999999999"
"150k-1ms-stress-r01","server","latency-server","2026-09-05T08:54:30.010Z","2026-09-05T08:54:40.004Z","True","150000","191",,"188","0","0","1",,,,"4156665",,"150803","71","118","3.3700000000000001"
"150k-1ms-stress-r01","server","latency-server","2026-09-05T08:54:40.004Z","2026-09-05T08:54:50.015Z","True","150000","191",,"188","0","0","1",,,,"4156653",,"150773","69","122","3.4300000000000002"
"150k-1ms-stress-r01","server","latency-server","2026-09-05T08:54:50.015Z","2026-09-05T08:55:00.002Z","True","150000","191",,"188","1","0","1",,,,"4154181",,"150697","78","120","3.4300000000000002"
"150k-1ms-stress-r01","server","latency-server","2026-09-05T08:55:00.002Z","2026-09-05T08:55:10.010Z","True","150000","191",,"188","0","0","1",,,,"4157912",,"150834","70","126","3.46"
"150k-1ms-stress-r01","server","latency-server","2026-09-05T08:55:10.010Z","2026-09-05T08:55:20.003Z","True","150000","191",,"188","0","0","1",,,,"4157057",,"150803","64","111","3.4199999999999999"
"150k-1ms-stress-r01","server","latency-server","2026-09-05T08:55:20.003Z","2026-09-05T08:55:30.005Z","True","150000","191",,"188","0","0","1",,,,"4158727",,"150864","65","111","3.4500000000000002"
"150k-1ms-stress-r01","server","latency-server","2026-09-05T08:55:30.005Z","2026-09-05T08:55:40.009Z","True","150000","191",,"188","0","0","1",,,,"4154116",,"150698","69","118","3.4199999999999999"
"150k-1ms-stress-r01","server","latency-server","2026-09-05T08:55:40.009Z","2026-09-05T08:55:50.011Z","True","150000","191",,"188","0","0","1",,,,"4157828",,"150833","76","132","3.4399999999999999"
"150k-1ms-stress-r01","server","latency-server","2026-09-05T08:55:50.011Z","2026-09-05T08:56:00.016Z","True","150000","191",,"188","0","0","1",,,,"4154586",,"150713","73","127","3.48"
"150k-1ms-stress-r01","server","latency-server","2026-09-05T08:56:00.016Z","2026-09-05T08:56:10.003Z","True","150000","191",,"188","0","0","1",,,,"4158305",,"150848","66","129","3.3900000000000001"
"150k-1ms-stress-r01","server","latency-server","2026-09-05T08:56:10.003Z","2026-09-05T08:56:20.003Z","True","150000","191",,"188","0","0","1",,,,"4155391",,"150743","63","119","3.3900000000000001"
"150k-1ms-stress-r01","server","latency-server","2026-09-05T08:56:20.003Z","2026-09-05T08:56:30.007Z","True","150000","191",,"188","0","0","1",,,,"4158305",,"150860","65","108","3.46"
"150k-1ms-stress-r01","server","latency-server","2026-09-05T08:56:30.007Z","2026-09-05T08:56:40.014Z","True","150000","191",,"188","0","0","1",,,,"4157760",,"150822","64","107","3.29"
"150k-1ms-stress-r01","server","latency-server","2026-09-05T08:56:40.014Z","2026-09-05T08:56:50.012Z","True","150000","191",,"188","0","0","1",,,,"4157473",,"150818","65","791","3.3700000000000001"
"150k-1ms-stress-r01","server","latency-server","2026-09-05T08:56:50.012Z","2026-09-05T08:57:00.013Z","True","150000","191",,"188","0","0","1",,,,"4158732",,"150864","68","1581","3.4700000000000002"
"150k-1ms-stress-r01","server","latency-server","2026-09-05T08:57:00.013Z","2026-09-05T08:57:10.014Z","True","150000","191",,"188","0","0","1",,,,"4154514",,"150713","66","114","3.4399999999999999"
"150k-1ms-stress-r01","server","latency-server","2026-09-05T08:57:10.014Z","2026-09-05T08:57:20.004Z","True","150000","191",,"188","0","0","1",,,,"4156494",,"150788","66","101","3.4500000000000002"
"150k-1ms-stress-r01","server","latency-server","2026-09-05T08:57:20.004Z","2026-09-05T08:57:30.006Z","True","150000","191",,"188","0","0","1",,,,"4157779",,"150833","63","109","3.4700000000000002"
"150k-1ms-stress-r01","server","latency-server","2026-09-05T08:57:30.006Z","2026-09-05T08:57:40.001Z","True","150000","191",,"188","0","0","1",,,,"4157469",,"150818","64","116","3.46"
"150k-1ms-stress-r01","server","latency-server","2026-09-05T08:57:40.001Z","2026-09-05T08:57:50.013Z","True","150000","191",,"188","0","0","1",,,,"4171562",,"150758","64","108","3.4199999999999999"
"150k-1ms-stress-r01","server","latency-server","2026-09-05T08:57:50.013Z","2026-09-05T08:58:00.003Z","True","150000","191",,"188","0","0","1",,,,"4195432",,"150818","65","108","3.46"
"150k-1ms-stress-r01","server","latency-server","2026-09-05T08:58:00.003Z","2026-09-05T08:58:10.005Z","True","150000","191",,"188","0","0","1",,,,"4194626",,"150788","72","109","3.5"
"150k-1ms-stress-r01","server","latency-server","2026-09-05T08:58:10.005Z","2026-09-05T08:58:20.001Z","True","150000","191",,"188","0","0","1",,,,"4192029",,"150697","69","105","3.5"
"150k-1ms-stress-r01","server","latency-server","2026-09-05T08:58:20.001Z","2026-09-05T08:58:30.005Z","True","150000","191",,"188","0","0","1",,,,"4193674",,"150759","67","107","3.3999999999999999"
"150k-1ms-stress-r01","server","latency-server","2026-09-05T08:58:30.005Z","2026-09-05T08:58:40.003Z","True","150000","191",,"188","0","0","1",,,,"4192069",,"150696","73","114","3.48"
"150k-1ms-stress-r01","server","latency-server","2026-09-05T08:58:40.003Z","2026-09-05T08:58:50.009Z","True","150000","191",,"188","0","0","1",,,,"4195885",,"150833","75","118","3.46"
"150k-1ms-stress-r01","server","latency-server","2026-09-05T08:58:50.009Z","2026-09-05T08:59:00.004Z","True","150000","191",,"188","0","0","1",,,,"4195855",,"150833","65","125","3.4100000000000001"
"150k-1ms-stress-r01","server","latency-server","2026-09-05T08:59:00.004Z","2026-09-05T08:59:10.006Z","True","150000","191",,"188","0","0","1",,,,"4193712",,"150758","65","109","3.4300000000000002"
"150k-1ms-stress-r01","server","latency-server","2026-09-05T08:59:10.006Z","2026-09-05T08:59:20.011Z","True","150000","191",,"188","0","0","1",,,,"4194935",,"150803","70","107","3.48"
"150k-1ms-stress-r01","server","latency-server","2026-09-05T08:59:20.011Z","2026-09-05T08:59:30.012Z","True","150000","191",,"188","0","0","1",,,,"4195890",,"150833","79","155","3.5"
"150k-1ms-stress-r01","server","latency-server","2026-09-05T08:59:30.012Z","2026-09-05T08:59:40.006Z","True","150000","191",,"188","0","0","1",,,,"4193345",,"150743","71","194","3.3799999999999999"
"150k-1ms-stress-r01","server","latency-server","2026-09-05T08:59:40.006Z","2026-09-05T08:59:50.011Z","True","150000","191",,"188","0","0","1",,,,"4192883",,"150728","70","113","3.46"
"150k-1ms-stress-r01","server","latency-server","2026-09-05T08:59:50.011Z","2026-09-05T09:00:00.004Z","True","150000","191",,"188","0","0","1",,,,"4193274",,"150743","81","123","3.46"
"150k-1ms-stress-r02","client","latency-client","2026-09-05T09:24:40.015Z","2026-09-05T09:24:50.015Z","False","150000","191",,"188","0","0","4073113",,"150749","210","230","14",,,"148","2"
"150k-1ms-stress-r02","client","latency-client","2026-09-05T09:24:50.015Z","2026-09-05T09:25:00.004Z","False","150000","191",,"188","0","0","4162879",,"151015","184","1",,,,"123","0.98999999999999999"
"150k-1ms-stress-r02","client","latency-client","2026-09-05T09:25:00.004Z","2026-09-05T09:25:10.001Z","False","150000","191",,"188","0","0","4162055",,"150984","193","1",,,,"129","0.93999999999999995"
"150k-1ms-stress-r02","client","latency-client","2026-09-05T09:25:10.001Z","2026-09-05T09:25:20.015Z","False","150000","191",,"188","0","0","4160383",,"150924","188","1",,,,"126","0.95999999999999996"
"150k-1ms-stress-r02","client","latency-client","2026-09-05T09:25:20.015Z","2026-09-05T09:25:30.002Z","False","150000","191",,"188","0","0","4162867",,"151015","201","1",,,,"143","1.1100000000000001"
"150k-1ms-stress-r02","client","latency-client","2026-09-05T09:25:30.002Z","2026-09-05T09:25:40.007Z","False","150000","191",,"188","0","0","4160381",,"150924","215","1",,,,"154","1.1299999999999999"
"150k-1ms-stress-r02","client","latency-client","2026-09-05T09:25:40.007Z","2026-09-05T09:25:50.015Z","True","150000","191",,"188","0","0","4152536",,"150641","240","1",,,,"161","1.78"
"150k-1ms-stress-r02","client","latency-client","2026-09-05T09:25:50.015Z","2026-09-05T09:26:00.009Z","True","150000","191",,"188","0","0","4155828",,"150754","212","1",,,,"143","1.6299999999999999"
"150k-1ms-stress-r02","client","latency-client","2026-09-05T09:26:00.009Z","2026-09-05T09:26:10.009Z","True","150000","191",,"188","0","0","4154442",,"150713","196","1",,,,"135","1.6399999999999999"
"150k-1ms-stress-r02","client","latency-client","2026-09-05T09:26:10.009Z","2026-09-05T09:26:20.015Z","True","150000","191",,"188","0","0","4157846",,"150833","212","1",,,,"152","1.6299999999999999"
"150k-1ms-stress-r02","client","latency-client","2026-09-05T09:26:20.015Z","2026-09-05T09:26:30.003Z","True","150000","191",,"188","0","0","4158209",,"150863","193","1",,,,"133","1.5900000000000001"
"150k-1ms-stress-r02","client","latency-client","2026-09-05T09:26:30.003Z","2026-09-05T09:26:40.012Z","True","150000","191",,"188","0","0","4153256",,"150653","221","1",,,,"158","1.52"
"150k-1ms-stress-r02","client","latency-client","2026-09-05T09:26:40.012Z","2026-09-05T09:26:50.008Z","True","150000","191",,"188","0","0","4159129",,"150879","218","1",,,,"157","1.5800000000000001"
"150k-1ms-stress-r02","client","latency-client","2026-09-05T09:26:50.008Z","2026-09-05T09:27:00.006Z","True","150000","191",,"188","0","0","4157461",,"150818","209","1",,,,"149","1.55"
"150k-1ms-stress-r02","client","latency-client","2026-09-05T09:27:00.006Z","2026-09-05T09:27:10.002Z","True","150000","191",,"188","0","0","4156629",,"150788","218","1",,,,"157","1.6399999999999999"
"150k-1ms-stress-r02","client","latency-client","2026-09-05T09:27:10.002Z","2026-09-05T09:27:20.016Z","True","150000","191",,"188","0","0","4153772",,"150683","250","1",,,,"176","1.6000000000000001"
"150k-1ms-stress-r02","client","latency-client","2026-09-05T09:27:20.016Z","2026-09-05T09:27:30.011Z","True","150000","191",,"188","0","0","4156650",,"150788","207","1",,,,"142","1.4299999999999999"
"150k-1ms-stress-r02","client","latency-client","2026-09-05T09:27:30.011Z","2026-09-05T09:27:40.009Z","True","150000","191",,"188","0","0","4156633",,"150788","217","1",,,,"156","1.5"
"150k-1ms-stress-r02","client","latency-client","2026-09-05T09:27:40.009Z","2026-09-05T09:27:50.001Z","True","150000","191",,"188","0","0","4159024",,"150879","193","1",,,,"133","1.6499999999999999"
"150k-1ms-stress-r02","client","latency-client","2026-09-05T09:27:50.001Z","2026-09-05T09:28:00.006Z","True","150000","191",,"188","0","0","4158267",,"150849","200","1",,,,"138","1.6399999999999999"
"150k-1ms-stress-r02","client","latency-client","2026-09-05T09:28:00.006Z","2026-09-05T09:28:10.015Z","True","150000","191",,"188","0","0","4157881",,"150834","212","1",,,,"153","1.46"
"150k-1ms-stress-r02","client","latency-client","2026-09-05T09:28:10.015Z","2026-09-05T09:28:20.004Z","True","150000","191",,"188","0","0","4155385",,"150743","204","1",,,,"141","1.6299999999999999"
"150k-1ms-stress-r02","client","latency-client","2026-09-05T09:28:20.004Z","2026-09-05T09:28:30.012Z","True","150000","191",,"188","0","0","4145440",,"150381","229","1",,,,"159","1.75"
"150k-1ms-stress-r02","client","latency-client","2026-09-05T09:28:30.012Z","2026-09-05T09:28:40.011Z","True","150000","191",,"188","0","0","4158298",,"150848","218","1",,,,"155","1.6200000000000001"
"150k-1ms-stress-r02","client","latency-client","2026-09-05T09:28:40.011Z","2026-09-05T09:28:50.012Z","True","150000","191",,"188","0","0","4153729",,"150683","220","1",,,,"159","1.55"
"150k-1ms-stress-r02","client","latency-client","2026-09-05T09:28:50.012Z","2026-09-05T09:29:00.013Z","True","150000","191",,"188","0","0","4157060",,"150803","211","1",,,,"149","1.6399999999999999"
"150k-1ms-stress-r02","client","latency-client","2026-09-05T09:29:00.013Z","2026-09-05T09:29:10.002Z","True","150000","191",,"188","0","0","4159165",,"150893","224","1",,,,"162","1.49"
"150k-1ms-stress-r02","client","latency-client","2026-09-05T09:29:10.002Z","2026-09-05T09:29:20.011Z","True","150000","191",,"188","0","0","4157445",,"150804","200","1",,,,"139","1.53"
"150k-1ms-stress-r02","client","latency-client","2026-09-05T09:29:20.011Z","2026-09-05T09:29:30.012Z","True","150000","191",,"188","0","0","4157057",,"150803","206","1",,,,"145","1.6799999999999999"
"150k-1ms-stress-r02","client","latency-client","2026-09-05T09:29:30.012Z","2026-09-05T09:29:40.012Z","True","150000","191",,"188","0","0","4142916",,"150290","209","1",,,,"141","1.6299999999999999"
"150k-1ms-stress-r02","client","latency-client","2026-09-05T09:29:40.012Z","2026-09-05T09:29:50.009Z","True","150000","191",,"188","0","0","4150437",,"150561","233","1",,,,"161","1.6899999999999999"
"150k-1ms-stress-r02","client","latency-client","2026-09-05T09:29:50.009Z","2026-09-05T09:30:00.013Z","True","150000","191",,"188","0","0","4148781",,"150501","248","1",,,,"176","1.6299999999999999"
"150k-1ms-stress-r02","client","latency-client","2026-09-05T09:30:00.013Z","2026-09-05T09:30:10.001Z","True","150000","191",,"188","0","0","4155844",,"150758","245","1",,,,"172","1.6599999999999999"
"150k-1ms-stress-r02","client","latency-client","2026-09-05T09:30:10.001Z","2026-09-05T09:30:20.015Z","True","150000","191",,"188","0","0","4158727",,"150864","218","1",,,,"155","1.5700000000000001"
"150k-1ms-stress-r02","client","latency-client","2026-09-05T09:30:20.015Z","2026-09-05T09:30:30.008Z","True","150000","191",,"188","0","0","4156220",,"150773","236","1",,,,"174","1.6299999999999999"
"150k-1ms-stress-r02","client","latency-client","2026-09-05T09:30:30.008Z","2026-09-05T09:30:40.002Z","True","150000","191",,"188","0","0","4154574",,"150712","223","1",,,,"156","1.54"
"150k-1ms-stress-r02","client","latency-client","2026-09-05T09:30:40.002Z","2026-09-05T09:30:50.006Z","True","150000","191",,"188","0","0","4159977",,"150909","213","1",,,,"150","1.5"
"150k-1ms-stress-r02","client","latency-client","2026-09-05T09:30:50.006Z","2026-09-05T09:31:00.001Z","True","150000","191",,"188","0","0","4158310",,"150848","224","1",,,,"161","1.5"
"150k-1ms-stress-r02","client","latency-client","2026-09-05T09:31:00.001Z","2026-09-05T09:31:10.004Z","True","150000","191",,"188","0","0","4158198",,"150849","216","1",,,,"155","1.52"
"150k-1ms-stress-r02","client","latency-client","2026-09-05T09:31:10.004Z","2026-09-05T09:31:20.012Z","True","150000","191",,"188","0","0","4155775",,"150758","215","1",,,,"152","1.4199999999999999"
"150k-1ms-stress-r02","client","latency-client","2026-09-05T09:31:20.012Z","2026-09-05T09:31:30.002Z","True","150000","191",,"188","0","0","4157353",,"150818","204","1",,,,"145","1.53"
"150k-1ms-stress-r02","client","latency-client","2026-09-05T09:31:30.002Z","2026-09-05T09:31:40.008Z","True","150000","191",,"188","0","0","4155245",,"150743","192","1",,,,"132","1.4299999999999999"
"150k-1ms-stress-r02","client","latency-client","2026-09-05T09:31:40.008Z","2026-09-05T09:31:50.003Z","True","150000","191",,"188","0","0","4157840",,"150833","185","1",,,,"126","1.5700000000000001"
"150k-1ms-stress-r02","client","latency-client","2026-09-05T09:31:50.003Z","2026-09-05T09:32:00.004Z","True","150000","191",,"188","0","0","4157870",,"150833","406","1",,,,"349","1.49"
"150k-1ms-stress-r02","client","latency-client","2026-09-05T09:32:00.004Z","2026-09-05T09:32:10.002Z","True","150000","191",,"188","0","0","4158713",,"150864","295","1",,,,"236","1.47"
"150k-1ms-stress-r02","client","latency-client","2026-09-05T09:32:10.002Z","2026-09-05T09:32:20.012Z","True","150000","191",,"188","0","0","4157887",,"150834","501","1",,,,"441","1.6699999999999999"
"150k-1ms-stress-r02","client","latency-client","2026-09-05T09:32:20.012Z","2026-09-05T09:32:30.013Z","True","150000","191",,"188","0","0","4157476",,"150818","318","1",,,,"255","1.6799999999999999"
"150k-1ms-stress-r02","client","latency-client","2026-09-05T09:32:30.013Z","2026-09-05T09:32:40.008Z","True","150000","191",,"188","0","0","4157480",,"150818","216","1",,,,"152","1.5900000000000001"
"150k-1ms-stress-r02","client","latency-client","2026-09-05T09:32:40.008Z","2026-09-05T09:32:50.002Z","True","150000","191",,"188","0","0","4157471",,"150818","259","1",,,,"195","1.6399999999999999"
"150k-1ms-stress-r02","client","latency-client","2026-09-05T09:32:50.002Z","2026-09-05T09:33:00.007Z","True","150000","191",,"188","0","0","4157049",,"150803","249","1",,,,"189","1.5800000000000001"
"150k-1ms-stress-r02","client","latency-client","2026-09-05T09:33:00.007Z","2026-09-05T09:33:10.009Z","True","150000","191",,"188","0","0","4155803",,"150758","214","1",,,,"153","1.5700000000000001"
"150k-1ms-stress-r02","client","latency-client","2026-09-05T09:33:10.009Z","2026-09-05T09:33:20.008Z","True","150000","191",,"188","0","0","4156640",,"150788","223","1",,,,"161","1.6000000000000001"
"150k-1ms-stress-r02","client","latency-client","2026-09-05T09:33:20.008Z","2026-09-05T09:33:30.010Z","True","150000","191",,"188","0","0","4188621",,"150833","210","1",,,,"152","1.46"
"150k-1ms-stress-r02","client","latency-client","2026-09-05T09:33:30.010Z","2026-09-05T09:33:40.011Z","True","150000","191",,"188","0","0","4194170",,"150773","219","1",,,,"156","1.6200000000000001"
"150k-1ms-stress-r02","client","latency-client","2026-09-05T09:33:40.011Z","2026-09-05T09:33:50.005Z","True","150000","191",,"188","0","0","4195454",,"150818","237","1",,,,"164","1.6299999999999999"
"150k-1ms-stress-r02","client","latency-client","2026-09-05T09:33:50.005Z","2026-09-05T09:34:00.004Z","True","150000","191",,"188","0","0","4192914",,"150728","221","1",,,,"155","1.5"
"150k-1ms-stress-r02","client","latency-client","2026-09-05T09:34:00.004Z","2026-09-05T09:34:10.013Z","True","150000","191",,"188","0","0","4195427",,"150818","207","1",,,,"145","1.46"
"150k-1ms-stress-r02","client","latency-client","2026-09-05T09:34:10.013Z","2026-09-05T09:34:20.008Z","True","150000","191",,"188","0","0","4196679",,"150864","212","1",,,,"151","1.5800000000000001"
"150k-1ms-stress-r02","client","latency-client","2026-09-05T09:34:20.008Z","2026-09-05T09:34:30.013Z","True","150000","191",,"188","0","0","4191557",,"150683","213","1",,,,"148","1.6200000000000001"
"150k-1ms-stress-r02","client","latency-client","2026-09-05T09:34:30.013Z","2026-09-05T09:34:40.003Z","True","150000","191",,"188","0","0","4195387",,"150818","319","1",,,,"256","1.53"
"150k-1ms-stress-r02","client","latency-client","2026-09-05T09:34:40.003Z","2026-09-05T09:34:50.012Z","True","150000","191",,"188","0","0","4196685",,"150864","269","1",,,,"208","1.55"
"150k-1ms-stress-r02","client","latency-client","2026-09-05T09:34:50.012Z","2026-09-05T09:35:00.009Z","True","150000","191",,"188","0","0","4190808",,"150652","242","1",,,,"179","1.71"
"150k-1ms-stress-r02","client","latency-client","2026-09-05T09:35:00.009Z","2026-09-05T09:35:10.013Z","True","150000","191",,"188","0","0","4194623",,"150788","237","1",,,,"163","1.6699999999999999"
"150k-1ms-stress-r02","client","latency-client","2026-09-05T09:35:10.013Z","2026-09-05T09:35:20.015Z","True","150000","191",,"188","0","0","4195444",,"150818","218","1",,,,"151","1.5900000000000001"
"150k-1ms-stress-r02","client","latency-client","2026-09-05T09:35:20.015Z","2026-09-05T09:35:30.002Z","True","150000","191",,"188","0","0","4193744",,"150758","236","1",,,,"172","1.6299999999999999"
"150k-1ms-stress-r02","client","latency-client","2026-09-05T09:35:30.002Z","2026-09-05T09:35:40.005Z","False","150000","190",,"188","0","0","3420249",,"122952","227","4",,,,"165","1.7"
"150k-1ms-stress-r02","server","latency-server","2026-09-05T09:24:30.011Z","2026-09-05T09:24:40.011Z","False","150000","191",,"188","0","0","267","17",,,"1114460",,"41967","68","95","2.3300000000000001"
"150k-1ms-stress-r02","server","latency-server","2026-09-05T09:24:40.011Z","2026-09-05T09:24:50.014Z","False","150000","191",,"188","0","0","3",,,,"4099201",,"150909","60","126","3.3900000000000001"
"150k-1ms-stress-r02","server","latency-server","2026-09-05T09:24:50.014Z","2026-09-05T09:25:00.004Z","False","150000","191",,"188","0","0","1",,,,"4162879",,"151015","61","122","3.4199999999999999"
"150k-1ms-stress-r02","server","latency-server","2026-09-05T09:25:00.004Z","2026-09-05T09:25:10.001Z","False","150000","191",,"188","0","0","1",,,,"4162471",,"151000","64","122","3.4199999999999999"
"150k-1ms-stress-r02","server","latency-server","2026-09-05T09:25:10.001Z","2026-09-05T09:25:20.015Z","False","150000","191",,"188","0","0","1",,,,"4159967",,"150909","62","116","3.3500000000000001"
"150k-1ms-stress-r02","server","latency-server","2026-09-05T09:25:20.015Z","2026-09-05T09:25:30.002Z","False","150000","191",,"188","0","0","1",,,,"4162451",,"151000","58","105","3.3500000000000001"
"150k-1ms-stress-r02","server","latency-server","2026-09-05T09:25:30.002Z","2026-09-05T09:25:40.006Z","False","150000","191",,"188","0","0","1",,,,"4160797",,"150939","62","112","3.4100000000000001"
"150k-1ms-stress-r02","server","latency-server","2026-09-05T09:25:40.006Z","2026-09-05T09:25:50.015Z","True","150000","191",,"188","1","0","1",,,,"4152952",,"150653","79","121","3.5099999999999998"
"150k-1ms-stress-r02","server","latency-server","2026-09-05T09:25:50.015Z","2026-09-05T09:26:00.009Z","True","150000","191",,"188","0","0","1",,,,"4155412",,"150743","69","120","3.4500000000000002"
"150k-1ms-stress-r02","server","latency-server","2026-09-05T09:26:00.009Z","2026-09-05T09:26:10.009Z","True","150000","191",,"188","0","0","1",,,,"4154442",,"150713","61","105","3.3799999999999999"
"150k-1ms-stress-r02","server","latency-server","2026-09-05T09:26:10.009Z","2026-09-05T09:26:20.015Z","True","150000","191",,"188","0","0","1",,,,"4157846",,"150833","60","108","3.4300000000000002"
"150k-1ms-stress-r02","server","latency-server","2026-09-05T09:26:20.015Z","2026-09-05T09:26:30.003Z","True","150000","191",,"188","0","0","1",,,,"4158181",,"150848","59","102","3.4399999999999999"
"150k-1ms-stress-r02","server","latency-server","2026-09-05T09:26:30.003Z","2026-09-05T09:26:40.007Z","True","150000","191",,"188","0","0","1",,,,"4155775",,"150758","63","116","3.48"
"150k-1ms-stress-r02","server","latency-server","2026-09-05T09:26:40.007Z","2026-09-05T09:26:50.008Z","True","150000","191",,"188","0","0","1",,,,"4156634",,"150788","61","125","3.48"
"150k-1ms-stress-r02","server","latency-server","2026-09-05T09:26:50.008Z","2026-09-05T09:27:00.006Z","True","150000","191",,"188","1","0","1",,,,"4157877",,"150833","60","112","3.4100000000000001"
"150k-1ms-stress-r02","server","latency-server","2026-09-05T09:27:00.006Z","2026-09-05T09:27:10.003Z","True","150000","191",,"188","0","0","1",,,,"4156213",,"150773","61","110","3.5"
"150k-1ms-stress-r02","server","latency-server","2026-09-05T09:27:10.003Z","2026-09-05T09:27:20.016Z","True","150000","191",,"188","0","0","1",,,,"4153772",,"150683","74","129","3.5499999999999998"
"150k-1ms-stress-r02","server","latency-server","2026-09-05T09:27:20.016Z","2026-09-05T09:27:30.011Z","True","150000","191",,"188","0","0","1",,,,"4156650",,"150788","65","117","3.4199999999999999"
"150k-1ms-stress-r02","server","latency-server","2026-09-05T09:27:30.011Z","2026-09-05T09:27:40.009Z","True","150000","191",,"188","0","0","1",,,,"4156633",,"150788","61","125","3.4500000000000002"
"150k-1ms-stress-r02","server","latency-server","2026-09-05T09:27:40.009Z","2026-09-05T09:27:50.001Z","True","150000","191",,"188","0","0","1",,,,"4159024",,"150879","60","105","3.3799999999999999"
"150k-1ms-stress-r02","server","latency-server","2026-09-05T09:27:50.001Z","2026-09-05T09:28:00.006Z","True","150000","191",,"188","0","0","1",,,,"4158267",,"150849","62","104","3.3799999999999999"
"150k-1ms-stress-r02","server","latency-server","2026-09-05T09:28:00.006Z","2026-09-05T09:28:10.015Z","True","150000","191",,"188","0","0","1",,,,"4157881",,"150834","59","112","3.46"
"150k-1ms-stress-r02","server","latency-server","2026-09-05T09:28:10.015Z","2026-09-05T09:28:20.004Z","True","150000","191",,"188","0","0","1",,,,"4155385",,"150743","62","121","3.4500000000000002"
"150k-1ms-stress-r02","server","latency-server","2026-09-05T09:28:20.004Z","2026-09-05T09:28:30.012Z","True","150000","191",,"188","0","0","1",,,,"4145440",,"150381","70","115","3.5099999999999998"
"150k-1ms-stress-r02","server","latency-server","2026-09-05T09:28:30.012Z","2026-09-05T09:28:40.011Z","True","150000","191",,"188","1","0","1",,,,"4158298",,"150848","62","108","3.4300000000000002"
"150k-1ms-stress-r02","server","latency-server","2026-09-05T09:28:40.011Z","2026-09-05T09:28:50.012Z","True","150000","191",,"188","0","0","1",,,,"4153729",,"150683","61","122","3.4399999999999999"
"150k-1ms-stress-r02","server","latency-server","2026-09-05T09:28:50.012Z","2026-09-05T09:29:00.013Z","True","150000","191",,"188","0","0","1",,,,"4157074",,"150809","62","117","3.3599999999999999"
"150k-1ms-stress-r02","server","latency-server","2026-09-05T09:29:00.013Z","2026-09-05T09:29:10.001Z","True","150000","191",,"188","0","0","1",,,,"4159123",,"150873","62","121","3.4300000000000002"
"150k-1ms-stress-r02","server","latency-server","2026-09-05T09:29:10.001Z","2026-09-05T09:29:20.011Z","True","150000","191",,"188","0","0","1",,,,"4157473",,"150818","60","116","3.3900000000000001"
"150k-1ms-stress-r02","server","latency-server","2026-09-05T09:29:20.011Z","2026-09-05T09:29:30.012Z","True","150000","191",,"188","0","0","1",,,,"4157057",,"150803","62","109","3.3900000000000001"
"150k-1ms-stress-r02","server","latency-server","2026-09-05T09:29:30.012Z","2026-09-05T09:29:40.012Z","True","150000","191",,"188","0","0","1",,,,"4142916",,"150290","68","110","3.4700000000000002"
"150k-1ms-stress-r02","server","latency-server","2026-09-05T09:29:40.012Z","2026-09-05T09:29:50.009Z","True","150000","191",,"188","0","0","1",,,,"4150437",,"150561","72","115","3.46"
"150k-1ms-stress-r02","server","latency-server","2026-09-05T09:29:50.009Z","2026-09-05T09:30:00.013Z","True","150000","191",,"188","0","0","1",,,,"4148781",,"150501","71","140","3.4700000000000002"
"150k-1ms-stress-r02","server","latency-server","2026-09-05T09:30:00.013Z","2026-09-05T09:30:10.001Z","True","150000","191",,"188","0","0","1",,,,"4155844",,"150758","73","127","3.46"
"150k-1ms-stress-r02","server","latency-server","2026-09-05T09:30:10.001Z","2026-09-05T09:30:20.015Z","True","150000","191",,"188","1","0","1",,,,"4158727",,"150864","62","113","3.4100000000000001"
"150k-1ms-stress-r02","server","latency-server","2026-09-05T09:30:20.015Z","2026-09-05T09:30:30.008Z","True","150000","191",,"188","0","0","1",,,,"4156220",,"150773","62","130","3.4500000000000002"
"150k-1ms-stress-r02","server","latency-server","2026-09-05T09:30:30.008Z","2026-09-05T09:30:40.002Z","True","150000","191",,"188","0","0","1",,,,"4154574",,"150712","67","133","3.5"
"150k-1ms-stress-r02","server","latency-server","2026-09-05T09:30:40.002Z","2026-09-05T09:30:50.012Z","True","150000","191",,"188","0","0","1",,,,"4157899",,"150834","63","116","3.4900000000000002"
"150k-1ms-stress-r02","server","latency-server","2026-09-05T09:30:50.012Z","2026-09-05T09:31:00.001Z","True","150000","191",,"188","0","0","1",,,,"4160391",,"150924","63","127","3.52"
"150k-1ms-stress-r02","server","latency-server","2026-09-05T09:31:00.001Z","2026-09-05T09:31:10.004Z","True","150000","191",,"188","0","0","1",,,,"4158198",,"150849","61","109","3.48"
"150k-1ms-stress-r02","server","latency-server","2026-09-05T09:31:10.004Z","2026-09-05T09:31:20.012Z","True","150000","191",,"188","0","0","1",,,,"4155775",,"150758","63","119","3.4100000000000001"
"150k-1ms-stress-r02","server","latency-server","2026-09-05T09:31:20.012Z","2026-09-05T09:31:30.002Z","True","150000","191",,"188","0","0","1",,,,"4157353",,"150818","59","103","3.4500000000000002"
"150k-1ms-stress-r02","server","latency-server","2026-09-05T09:31:30.002Z","2026-09-05T09:31:40.008Z","True","150000","191",,"188","1","0","1",,,,"4155660",,"150758","60","93","3.5"
"150k-1ms-stress-r02","server","latency-server","2026-09-05T09:31:40.008Z","2026-09-05T09:31:50.003Z","True","150000","191",,"188","0","0","1",,,,"4157423",,"150818","60","113","3.46"
"150k-1ms-stress-r02","server","latency-server","2026-09-05T09:31:50.003Z","2026-09-05T09:32:00.004Z","True","150000","191",,"188","0","0","1",,,,"4157870",,"150833","57","310","3.3999999999999999"
"150k-1ms-stress-r02","server","latency-server","2026-09-05T09:32:00.004Z","2026-09-05T09:32:10.002Z","True","150000","191",,"188","0","0","1",,,,"4158734",,"150869","59","191","3.4500000000000002"
"150k-1ms-stress-r02","server","latency-server","2026-09-05T09:32:10.002Z","2026-09-05T09:32:20.012Z","True","150000","191",,"188","0","0","1",,,,"4157866",,"150828","60","406","3.4399999999999999"
"150k-1ms-stress-r02","server","latency-server","2026-09-05T09:32:20.012Z","2026-09-05T09:32:30.013Z","True","150000","191",,"188","0","0","1",,,,"4157476",,"150818","63","227","3.4500000000000002"
"150k-1ms-stress-r02","server","latency-server","2026-09-05T09:32:30.013Z","2026-09-05T09:32:40.008Z","True","150000","191",,"188","0","0","1",,,,"4157480",,"150818","65","108","3.4300000000000002"
"150k-1ms-stress-r02","server","latency-server","2026-09-05T09:32:40.008Z","2026-09-05T09:32:50.002Z","True","150000","191",,"188","0","0","1",,,,"4157480",,"150833","63","162","3.48"
"150k-1ms-stress-r02","server","latency-server","2026-09-05T09:32:50.002Z","2026-09-05T09:33:00.007Z","True","150000","191",,"188","0","0","1",,,,"4157040",,"150789","59","158","3.3999999999999999"
"150k-1ms-stress-r02","server","latency-server","2026-09-05T09:33:00.007Z","2026-09-05T09:33:10.009Z","True","150000","191",,"188","0","0","1",,,,"4156219",,"150773","61","116","3.4300000000000002"
"150k-1ms-stress-r02","server","latency-server","2026-09-05T09:33:10.009Z","2026-09-05T09:33:20.008Z","True","150000","191",,"188","0","0","1",,,,"4156245",,"150783","61","114","3.5099999999999998"
"150k-1ms-stress-r02","server","latency-server","2026-09-05T09:33:20.008Z","2026-09-05T09:33:30.010Z","True","150000","191",,"188","0","0","1",,,,"4188619",,"150835","59","114","3.4900000000000002"
"150k-1ms-stress-r02","server","latency-server","2026-09-05T09:33:30.010Z","2026-09-05T09:33:40.011Z","True","150000","191",,"188","0","0","1",,,,"4194160",,"150769","63","116","3.4700000000000002"
"150k-1ms-stress-r02","server","latency-server","2026-09-05T09:33:40.011Z","2026-09-05T09:33:50.005Z","True","150000","191",,"188","0","0","1",,,,"4195024",,"150796","72","152","3.5099999999999998"
"150k-1ms-stress-r02","server","latency-server","2026-09-05T09:33:50.005Z","2026-09-05T09:34:00.004Z","True","150000","191",,"188","0","0","1",,,,"4193335",,"150743","66","1311","3.46"
"150k-1ms-stress-r02","server","latency-server","2026-09-05T09:34:00.004Z","2026-09-05T09:34:10.013Z","True","150000","191",,"188","0","0","1",,,,"4195427",,"150818","61","589","3.46"
"150k-1ms-stress-r02","server","latency-server","2026-09-05T09:34:10.013Z","2026-09-05T09:34:20.008Z","True","150000","191",,"188","0","0","1",,,,"4196259",,"150848","61","110","3.4199999999999999"
"150k-1ms-stress-r02","server","latency-server","2026-09-05T09:34:20.008Z","2026-09-05T09:34:30.013Z","True","150000","191",,"188","0","0","1",,,,"4191977",,"150698","65","112","3.4399999999999999"
"150k-1ms-stress-r02","server","latency-server","2026-09-05T09:34:30.013Z","2026-09-05T09:34:40.003Z","True","150000","191",,"188","0","0","1",,,,"4195387",,"150818","63","215","3.4300000000000002"
"150k-1ms-stress-r02","server","latency-server","2026-09-05T09:34:40.003Z","2026-09-05T09:34:50.012Z","True","150000","191",,"188","0","0","1",,,,"4196685",,"150864","61","176","3.4100000000000001"
"150k-1ms-stress-r02","server","latency-server","2026-09-05T09:34:50.012Z","2026-09-05T09:35:00.009Z","True","150000","191",,"188","0","0","1",,,,"4190808",,"150652","63","131","3.3999999999999999"
"150k-1ms-stress-r02","server","latency-server","2026-09-05T09:35:00.009Z","2026-09-05T09:35:10.013Z","True","150000","191",,"188","0","0","1",,,,"4194623",,"150788","74","118","3.5099999999999998"
"150k-1ms-stress-r02","server","latency-server","2026-09-05T09:35:10.013Z","2026-09-05T09:35:20.015Z","True","150000","191",,"188","0","0","1",,,,"4195457",,"150828","66","108","3.4300000000000002"
"150k-1ms-stress-r02","server","latency-server","2026-09-05T09:35:20.015Z","2026-09-05T09:35:30.002Z","True","150000","191",,"188","0","0","1",,,,"4194151",,"150763","63","130","3.5699999999999998"
"150k-1ms-stress-r02","server","latency-server","2026-09-05T09:35:30.002Z","2026-09-05T09:35:40.005Z","False","150000","190",,"188","0","0","4",,,,"3419830",,"122937","63","117","2.8399999999999999"
"150k-1ms-stress-r03","client","latency-client","2026-09-05T10:00:10.007Z","2026-09-05T10:00:20.007Z","False","150000","191",,"188","0","0","4011468",,"150575","233","504","32",,,"167","3.6699999999999999"
"150k-1ms-stress-r03","client","latency-client","2026-09-05T10:00:20.007Z","2026-09-05T10:00:30.010Z","False","150000","191",,"188","0","0","4137195",,"151000","181","3",,,,"121","1.05"
"150k-1ms-stress-r03","client","latency-client","2026-09-05T10:00:30.010Z","2026-09-05T10:00:40.002Z","False","150000","191",,"188","0","0","4162084",,"150984","219","1",,,,"148","0.97999999999999998"
"150k-1ms-stress-r03","client","latency-client","2026-09-05T10:00:40.002Z","2026-09-05T10:00:50.003Z","False","150000","191",,"188","0","0","4160004",,"150909","214","1",,,,"139","0.97999999999999998"
"150k-1ms-stress-r03","client","latency-client","2026-09-05T10:00:50.003Z","2026-09-05T10:01:00.001Z","False","150000","191",,"188","0","0","4162457",,"151000","207","1",,,,"147","1.0600000000000001"
"150k-1ms-stress-r03","client","latency-client","2026-09-05T10:01:00.001Z","2026-09-05T10:01:10.015Z","False","150000","191",,"188","0","0","4162448",,"151000","211","1",,,,"153","1.22"
"150k-1ms-stress-r03","client","latency-client","2026-09-05T10:01:10.015Z","2026-09-05T10:01:20.013Z","False","150000","191",,"188","0","0","4159958",,"150909","203","1",,,,"144","1.1899999999999999"
"150k-1ms-stress-r03","client","latency-client","2026-09-05T10:01:20.013Z","2026-09-05T10:01:30.000Z","True","150000","191",,"188","0","0","4160795",,"150939","247","1",,,,"187","1.6499999999999999"
"150k-1ms-stress-r03","client","latency-client","2026-09-05T10:01:30.000Z","2026-09-05T10:01:40.012Z","True","150000","191",,"188","0","0","4157469",,"150819","230","1",,,,"169","1.72"
"150k-1ms-stress-r03","client","latency-client","2026-09-05T10:01:40.012Z","2026-09-05T10:01:50.002Z","True","150000","191",,"188","0","0","4157045",,"150803","212","1",,,,"151","1.5800000000000001"
"150k-1ms-stress-r03","client","latency-client","2026-09-05T10:01:50.002Z","2026-09-05T10:02:00.004Z","True","150000","191",,"188","0","0","4157505",,"150829","231","1",,,,"169","1.6799999999999999"
"150k-1ms-stress-r03","client","latency-client","2026-09-05T10:02:00.004Z","2026-09-05T10:02:10.010Z","True","150000","191",,"188","0","0","4158548",,"150853","213","1",,,,"151","1.79"
"150k-1ms-stress-r03","client","latency-client","2026-09-05T10:02:10.010Z","2026-09-05T10:02:20.011Z","True","150000","191",,"188","0","0","4157466",,"150818","218","1",,,,"158","1.73"
"150k-1ms-stress-r03","client","latency-client","2026-09-05T10:02:20.011Z","2026-09-05T10:02:30.014Z","True","150000","191",,"188","0","0","4157470",,"150818","240","1",,,,"179","1.75"
"150k-1ms-stress-r03","client","latency-client","2026-09-05T10:02:30.014Z","2026-09-05T10:02:40.003Z","True","150000","191",,"188","0","0","4158728",,"150863","218","1",,,,"153","1.6899999999999999"
"150k-1ms-stress-r03","client","latency-client","2026-09-05T10:02:40.003Z","2026-09-05T10:02:50.003Z","True","150000","191",,"188","0","0","4157101",,"150803","229","1",,,,"152","1.71"
"150k-1ms-stress-r03","client","latency-client","2026-09-05T10:02:50.003Z","2026-09-05T10:03:00.011Z","True","150000","191",,"188","0","0","4157067",,"150803","232","1",,,,"166","1.6000000000000001"
"150k-1ms-stress-r03","client","latency-client","2026-09-05T10:03:00.011Z","2026-09-05T10:03:10.004Z","True","150000","191",,"188","0","0","4156504",,"150788","216","1",,,,"153","1.7"
"150k-1ms-stress-r03","client","latency-client","2026-09-05T10:03:10.004Z","2026-09-05T10:03:20.012Z","True","150000","191",,"188","0","0","4157495",,"150826","233","1",,,,"169","1.6399999999999999"
"150k-1ms-stress-r03","client","latency-client","2026-09-05T10:03:20.012Z","2026-09-05T10:03:30.002Z","True","150000","191",,"188","0","0","4157482",,"150811","223","1",,,,"150","1.72"
"150k-1ms-stress-r03","client","latency-client","2026-09-05T10:03:30.002Z","2026-09-05T10:03:40.011Z","True","150000","191",,"188","0","0","4157913",,"150834","226","1",,,,"158","1.6899999999999999"
"150k-1ms-stress-r03","client","latency-client","2026-09-05T10:03:40.011Z","2026-09-05T10:03:50.009Z","True","150000","191",,"188","0","0","4157479",,"150818","219","1",,,,"155","1.79"
"150k-1ms-stress-r03","client","latency-client","2026-09-05T10:03:50.009Z","2026-09-05T10:04:00.008Z","True","150000","191",,"188","0","0","4156669",,"150788","257","1",,,,"185","1.72"
"150k-1ms-stress-r03","client","latency-client","2026-09-05T10:04:00.008Z","2026-09-05T10:04:10.014Z","True","150000","191",,"188","0","0","4157081",,"150803","222","1",,,,"151","1.6499999999999999"
"150k-1ms-stress-r03","client","latency-client","2026-09-05T10:04:10.014Z","2026-09-05T10:04:20.008Z","True","150000","191",,"188","0","0","4155391",,"150743","211","1",,,,"148","1.6399999999999999"
"150k-1ms-stress-r03","client","latency-client","2026-09-05T10:04:20.008Z","2026-09-05T10:04:30.015Z","True","150000","191",,"188","0","0","4157899",,"150834","231","1",,,,"167","1.7"
"150k-1ms-stress-r03","client","latency-client","2026-09-05T10:04:30.015Z","2026-09-05T10:04:40.001Z","True","150000","191",,"188","0","0","4157476",,"150818","224","1",,,,"159","1.6499999999999999"
"150k-1ms-stress-r03","client","latency-client","2026-09-05T10:04:40.001Z","2026-09-05T10:04:50.010Z","True","150000","191",,"188","0","0","4157341",,"150818","206","1",,,,"143","1.74"
"150k-1ms-stress-r03","client","latency-client","2026-09-05T10:04:50.010Z","2026-09-05T10:05:00.012Z","True","150000","191",,"188","0","0","4157476",,"150818","241","1",,,,"179","1.5800000000000001"
"150k-1ms-stress-r03","client","latency-client","2026-09-05T10:05:00.012Z","2026-09-05T10:05:10.000Z","True","150000","191",,"188","0","0","4157473",,"150818","214","1",,,,"150","1.6599999999999999"
"150k-1ms-stress-r03","client","latency-client","2026-09-05T10:05:10.000Z","2026-09-05T10:05:20.000Z","True","150000","191",,"188","0","0","4157746",,"150833","211","1",,,,"149","1.71"
"150k-1ms-stress-r03","client","latency-client","2026-09-05T10:05:20.000Z","2026-09-05T10:05:30.003Z","True","150000","191",,"188","0","0","4158588",,"150864","199","1",,,,"136","1.71"
"150k-1ms-stress-r03","client","latency-client","2026-09-05T10:05:30.003Z","2026-09-05T10:05:40.004Z","True","150000","191",,"188","0","0","4154981",,"150730","249","1",,,,"186","1.78"
"150k-1ms-stress-r03","client","latency-client","2026-09-05T10:05:40.004Z","2026-09-05T10:05:50.008Z","True","150000","191",,"188","0","0","4158310",,"150847","208","1",,,,"145","1.6499999999999999"
"150k-1ms-stress-r03","client","latency-client","2026-09-05T10:05:50.008Z","2026-09-05T10:06:00.011Z","True","150000","191",,"188","0","0","4157891",,"150833","233","1",,,,"171","1.6799999999999999"
"150k-1ms-stress-r03","client","latency-client","2026-09-05T10:06:00.011Z","2026-09-05T10:06:10.007Z","True","150000","191",,"188","0","0","4157890",,"150833","228","1",,,,"165","1.6499999999999999"
"150k-1ms-stress-r03","client","latency-client","2026-09-05T10:06:10.007Z","2026-09-05T10:06:20.004Z","True","150000","191",,"188","0","0","4158295",,"150848","215","1",,,,"155","1.74"
"150k-1ms-stress-r03","client","latency-client","2026-09-05T10:06:20.004Z","2026-09-05T10:06:30.007Z","True","150000","191",,"188","0","0","4157462",,"150818","265","1",,,,"206","1.8700000000000001"
"150k-1ms-stress-r03","client","latency-client","2026-09-05T10:06:30.007Z","2026-09-05T10:06:40.008Z","True","150000","191",,"188","0","0","4157327",,"150818","209","1",,,,"148","1.79"
"150k-1ms-stress-r03","client","latency-client","2026-09-05T10:06:40.008Z","2026-09-05T10:06:50.007Z","True","150000","191",,"188","0","0","4156912",,"150803","210","1",,,,"149","1.79"
"150k-1ms-stress-r03","client","latency-client","2026-09-05T10:06:50.007Z","2026-09-05T10:07:00.004Z","True","150000","191",,"188","0","0","4157053",,"150803","217","1",,,,"155","1.8300000000000001"
"150k-1ms-stress-r03","client","latency-client","2026-09-05T10:07:00.004Z","2026-09-05T10:07:10.002Z","True","150000","191",,"188","0","0","4157095",,"150803","225","1",,,,"145","1.6100000000000001"
"150k-1ms-stress-r03","client","latency-client","2026-09-05T10:07:10.002Z","2026-09-05T10:07:20.007Z","True","150000","191",,"188","0","0","4156643",,"150788","220","1",,,,"158","1.6100000000000001"
"150k-1ms-stress-r03","client","latency-client","2026-09-05T10:07:20.007Z","2026-09-05T10:07:30.011Z","True","150000","191",,"188","0","0","4158161",,"150849","206","1",,,,"145","1.6200000000000001"
"150k-1ms-stress-r03","client","latency-client","2026-09-05T10:07:30.011Z","2026-09-05T10:07:40.011Z","True","150000","191",,"188","0","0","4157742",,"150833","196","1",,,,"135","1.7"
"150k-1ms-stress-r03","client","latency-client","2026-09-05T10:07:40.011Z","2026-09-05T10:07:50.001Z","True","150000","191",,"188","0","0","4157041",,"150803","210","1",,,,"151","1.5800000000000001"
"150k-1ms-stress-r03","client","latency-client","2026-09-05T10:07:50.001Z","2026-09-05T10:08:00.009Z","True","150000","191",,"188","0","0","4156222",,"150774","213","1",,,,"152","1.5900000000000001"
"150k-1ms-stress-r03","client","latency-client","2026-09-05T10:08:00.009Z","2026-09-05T10:08:10.010Z","True","150000","191",,"188","0","0","4159568",,"150904","230","1",,,,"170","1.7"
"150k-1ms-stress-r03","client","latency-client","2026-09-05T10:08:10.010Z","2026-09-05T10:08:20.013Z","True","150000","191",,"188","0","0","4158134",,"150838","185","1",,,,"124","1.5600000000000001"
"150k-1ms-stress-r03","client","latency-client","2026-09-05T10:08:20.013Z","2026-09-05T10:08:30.008Z","True","150000","191",,"188","0","0","4157481",,"150818","194","1",,,,"127","1.7"
"150k-1ms-stress-r03","client","latency-client","2026-09-05T10:08:30.008Z","2026-09-05T10:08:40.003Z","True","150000","191",,"188","0","0","4156494",,"150788","213","1",,,,"150","1.6399999999999999"
"150k-1ms-stress-r03","client","latency-client","2026-09-05T10:08:40.003Z","2026-09-05T10:08:50.012Z","True","150000","191",,"188","0","0","4156242",,"150773","226","1",,,,"159","1.72"
"150k-1ms-stress-r03","client","latency-client","2026-09-05T10:08:50.012Z","2026-09-05T10:09:00.011Z","True","150000","191",,"188","0","0","4162469",,"150848","203","1",,,,"143","1.49"
"150k-1ms-stress-r03","client","latency-client","2026-09-05T10:09:00.011Z","2026-09-05T10:09:10.001Z","True","150000","191",,"188","0","0","4195282",,"150818","198","0",,,,"135","1.6200000000000001"
"150k-1ms-stress-r03","client","latency-client","2026-09-05T10:09:10.001Z","2026-09-05T10:09:20.008Z","True","150000","191",,"188","0","0","4194442",,"150788","200","1",,,,"138","1.53"
"150k-1ms-stress-r03","client","latency-client","2026-09-05T10:09:20.008Z","2026-09-05T10:09:30.002Z","True","150000","191",,"188","0","0","4194574",,"150788","226","1",,,,"165","1.5700000000000001"
"150k-1ms-stress-r03","client","latency-client","2026-09-05T10:09:30.002Z","2026-09-05T10:09:40.004Z","True","150000","191",,"188","0","0","4196157",,"150861","194","1",,,,"129","1.5800000000000001"
"150k-1ms-stress-r03","client","latency-client","2026-09-05T10:09:40.004Z","2026-09-05T10:09:50.012Z","True","150000","191",,"188","0","0","4194995",,"150791","211","1",,,,"146","1.71"
"150k-1ms-stress-r03","client","latency-client","2026-09-05T10:09:50.012Z","2026-09-05T10:10:00.002Z","True","150000","191",,"188","0","0","4194998",,"150803","224","1",,,,"161","1.6299999999999999"
"150k-1ms-stress-r03","client","latency-client","2026-09-05T10:10:00.002Z","2026-09-05T10:10:10.016Z","True","150000","191",,"188","0","0","4195440",,"150819","222","1",,,,"158","1.6799999999999999"
"150k-1ms-stress-r03","client","latency-client","2026-09-05T10:10:10.016Z","2026-09-05T10:10:20.013Z","True","150000","191",,"188","0","0","4193733",,"150758","232","1",,,,"171","1.73"
"150k-1ms-stress-r03","client","latency-client","2026-09-05T10:10:20.013Z","2026-09-05T10:10:30.008Z","True","150000","191",,"188","0","0","4194864",,"150803","212","1",,,,"149","1.6599999999999999"
"150k-1ms-stress-r03","client","latency-client","2026-09-05T10:10:30.008Z","2026-09-05T10:10:40.009Z","True","150000","191",,"188","0","0","4195440",,"150818","253","1",,,,"187","1.6599999999999999"
"150k-1ms-stress-r03","client","latency-client","2026-09-05T10:10:40.009Z","2026-09-05T10:10:50.012Z","True","150000","191",,"188","0","0","4196277",,"150849","211","1",,,,"145","1.6100000000000001"
"150k-1ms-stress-r03","client","latency-client","2026-09-05T10:10:50.012Z","2026-09-05T10:11:00.005Z","True","150000","191",,"188","0","0","4194863",,"150803","206","1",,,,"142","1.6399999999999999"
"150k-1ms-stress-r03","client","latency-client","2026-09-05T10:11:00.005Z","2026-09-05T10:11:10.002Z","True","150000","191",,"188","0","0","4195844",,"150833","214","1",,,,"150","1.6000000000000001"
"150k-1ms-stress-r03","server","latency-server","2026-09-05T10:00:00.015Z","2026-09-05T10:00:10.015Z","False","150000","0",,"0","0","0","0",,,,"0",,,,,"3.0499999999999998"
"150k-1ms-stress-r03","server","latency-server","2026-09-05T10:00:10.015Z","2026-09-05T10:00:20.006Z","False","150000","191",,"188","0","0","301","19",,,"2392185",,"89793","66","110","2.04"
"150k-1ms-stress-r03","server","latency-server","2026-09-05T10:00:20.006Z","2026-09-05T10:00:30.010Z","False","150000","191",,"188","0","0","3",,,,"4137195",,"151000","60","113","3.5699999999999998"
"150k-1ms-stress-r03","server","latency-server","2026-09-05T10:00:30.010Z","2026-09-05T10:00:40.002Z","False","150000","191",,"188","0","0","1",,,,"4162084",,"150984","72","147","3.5"
"150k-1ms-stress-r03","server","latency-server","2026-09-05T10:00:40.002Z","2026-09-05T10:00:50.003Z","False","150000","191",,"188","0","0","1",,,,"4160004",,"150909","75","133","3.54"
"150k-1ms-stress-r03","server","latency-server","2026-09-05T10:00:50.003Z","2026-09-05T10:01:00.001Z","False","150000","191",,"188","0","0","1",,,,"4162457",,"151000","60","129","3.5499999999999998"
"150k-1ms-stress-r03","server","latency-server","2026-09-05T10:01:00.001Z","2026-09-05T10:01:10.015Z","False","150000","191",,"188","0","0","1",,,,"4162448",,"151000","58","117","3.52"
"150k-1ms-stress-r03","server","latency-server","2026-09-05T10:01:10.015Z","2026-09-05T10:01:20.013Z","False","150000","191",,"188","1","0","1",,,,"4160374",,"150924","59","111","3.5099999999999998"
"150k-1ms-stress-r03","server","latency-server","2026-09-05T10:01:20.013Z","2026-09-05T10:01:30.000Z","True","150000","191",,"188","0","0","1",,,,"4160379",,"150924","60","167","3.52"
"150k-1ms-stress-r03","server","latency-server","2026-09-05T10:01:30.000Z","2026-09-05T10:01:40.012Z","True","150000","191",,"188","0","0","1",,,,"4157469",,"150819","61","112","3.48"
"150k-1ms-stress-r03","server","latency-server","2026-09-05T10:01:40.012Z","2026-09-05T10:01:50.002Z","True","150000","191",,"188","0","0","1",,,,"4156646",,"150789","61","112","3.5"
"150k-1ms-stress-r03","server","latency-server","2026-09-05T10:01:50.002Z","2026-09-05T10:02:00.004Z","True","150000","191",,"188","0","0","1",,,,"4158284",,"150847","62","117","3.5499999999999998"
"150k-1ms-stress-r03","server","latency-server","2026-09-05T10:02:00.004Z","2026-09-05T10:02:10.010Z","True","150000","191",,"188","0","0","1",,,,"4158167",,"150849","62","91","3.5299999999999998"
"150k-1ms-stress-r03","server","latency-server","2026-09-05T10:02:10.010Z","2026-09-05T10:02:20.011Z","True","150000","191",,"188","0","0","1",,,,"4157466",,"150818","60","118","3.5"
"150k-1ms-stress-r03","server","latency-server","2026-09-05T10:02:20.011Z","2026-09-05T10:02:30.014Z","True","150000","191",,"188","0","0","1",,,,"4157481",,"150822","61","126","3.4700000000000002"
"150k-1ms-stress-r03","server","latency-server","2026-09-05T10:02:30.014Z","2026-09-05T10:02:40.003Z","True","150000","191",,"188","0","0","1",,,,"4158717",,"150860","65","116","3.5099999999999998"
"150k-1ms-stress-r03","server","latency-server","2026-09-05T10:02:40.003Z","2026-09-05T10:02:50.003Z","True","150000","191",,"188","0","0","1",,,,"4157101",,"150803","76","124","3.48"
"150k-1ms-stress-r03","server","latency-server","2026-09-05T10:02:50.003Z","2026-09-05T10:03:00.012Z","True","150000","191",,"188","0","0","1",,,,"4156651",,"150788","66","123","3.5299999999999998"
"150k-1ms-stress-r03","server","latency-server","2026-09-05T10:03:00.012Z","2026-09-05T10:03:10.004Z","True","150000","191",,"188","0","0","1",,,,"4157336",,"150818","63","105","3.48"
"150k-1ms-stress-r03","server","latency-server","2026-09-05T10:03:10.004Z","2026-09-05T10:03:20.012Z","True","150000","191",,"188","0","0","1",,,,"4157479",,"150818","64","128","3.52"
"150k-1ms-stress-r03","server","latency-server","2026-09-05T10:03:20.012Z","2026-09-05T10:03:30.002Z","True","150000","191",,"188","0","0","1",,,,"4157082",,"150803","73","102","3.4500000000000002"
"150k-1ms-stress-r03","server","latency-server","2026-09-05T10:03:30.002Z","2026-09-05T10:03:40.011Z","True","150000","191",,"188","0","0","1",,,,"4157913",,"150834","68","114","3.52"
"150k-1ms-stress-r03","server","latency-server","2026-09-05T10:03:40.011Z","2026-09-05T10:03:50.009Z","True","150000","191",,"188","0","0","1",,,,"4157479",,"150818","64","99","3.4700000000000002"
"150k-1ms-stress-r03","server","latency-server","2026-09-05T10:03:50.009Z","2026-09-05T10:04:00.008Z","True","150000","191",,"188","0","0","1",,,,"4156669",,"150788","72","144","3.5099999999999998"
"150k-1ms-stress-r03","server","latency-server","2026-09-05T10:04:00.008Z","2026-09-05T10:04:10.014Z","True","150000","191",,"188","0","0","1",,,,"4157081",,"150803","71","127","3.5600000000000001"
"150k-1ms-stress-r03","server","latency-server","2026-09-05T10:04:10.014Z","2026-09-05T10:04:20.008Z","True","150000","191",,"188","1","0","1",,,,"4155807",,"150758","63","120","3.4900000000000002"
"150k-1ms-stress-r03","server","latency-server","2026-09-05T10:04:20.008Z","2026-09-05T10:04:30.015Z","True","150000","191",,"188","0","0","1",,,,"4157899",,"150834","64","129","3.48"
"150k-1ms-stress-r03","server","latency-server","2026-09-05T10:04:30.015Z","2026-09-05T10:04:40.001Z","True","150000","191",,"188","0","0","1",,,,"4157059",,"150803","65","128","3.5299999999999998"
"150k-1ms-stress-r03","server","latency-server","2026-09-05T10:04:40.001Z","2026-09-05T10:04:50.009Z","True","150000","191",,"188","0","0","1",,,,"4157756",,"150834","63","100","3.54"
"150k-1ms-stress-r03","server","latency-server","2026-09-05T10:04:50.009Z","2026-09-05T10:05:00.012Z","True","150000","191",,"188","0","0","1",,,,"4157076",,"150808","63","125","3.5099999999999998"
"150k-1ms-stress-r03","server","latency-server","2026-09-05T10:05:00.012Z","2026-09-05T10:05:10.000Z","True","150000","191",,"188","0","0","1",,,,"4157457",,"150814","64","108","3.5"
"150k-1ms-stress-r03","server","latency-server","2026-09-05T10:05:10.000Z","2026-09-05T10:05:20.016Z","True","150000","191",,"188","0","0","1",,,,"4157336",,"150819","62","99","3.4900000000000002"
"150k-1ms-stress-r03","server","latency-server","2026-09-05T10:05:20.016Z","2026-09-05T10:05:30.003Z","True","150000","191",,"188","0","0","1",,,,"4159000",,"150879","62","90","3.5299999999999998"
"150k-1ms-stress-r03","server","latency-server","2026-09-05T10:05:30.003Z","2026-09-05T10:05:40.004Z","True","150000","191",,"188","1","0","1",,,,"4155396",,"150743","63","140","3.48"
"150k-1ms-stress-r03","server","latency-server","2026-09-05T10:05:40.004Z","2026-09-05T10:05:50.008Z","True","150000","191",,"188","0","0","1",,,,"4157894",,"150833","63","108","3.52"
"150k-1ms-stress-r03","server","latency-server","2026-09-05T10:05:50.008Z","2026-09-05T10:06:00.011Z","True","150000","191",,"188","0","0","1",,,,"4157891",,"150833","62","147","3.52"
"150k-1ms-stress-r03","server","latency-server","2026-09-05T10:06:00.011Z","2026-09-05T10:06:10.007Z","True","150000","191",,"188","0","0","1",,,,"4157890",,"150833","63","122","3.48"
"150k-1ms-stress-r03","server","latency-server","2026-09-05T10:06:10.007Z","2026-09-05T10:06:20.004Z","True","150000","191",,"188","0","0","1",,,,"4158295",,"150848","60","119","3.4399999999999999"
"150k-1ms-stress-r03","server","latency-server","2026-09-05T10:06:20.004Z","2026-09-05T10:06:30.007Z","True","150000","191",,"188","0","0","1",,,,"4157462",,"150818","59","150","3.46"
"150k-1ms-stress-r03","server","latency-server","2026-09-05T10:06:30.007Z","2026-09-05T10:06:40.008Z","True","150000","191",,"188","0","0","1",,,,"4157327",,"150818","61","98","3.46"
"150k-1ms-stress-r03","server","latency-server","2026-09-05T10:06:40.008Z","2026-09-05T10:06:50.007Z","True","150000","191",,"188","0","0","1",,,,"4156917",,"150815","61","108","3.4900000000000002"
"150k-1ms-stress-r03","server","latency-server","2026-09-05T10:06:50.007Z","2026-09-05T10:07:00.004Z","True","150000","191",,"188","0","0","1",,,,"4157066",,"150802","62","117","3.4900000000000002"
"150k-1ms-stress-r03","server","latency-server","2026-09-05T10:07:00.004Z","2026-09-05T10:07:10.001Z","True","150000","191",,"188","0","0","1",,,,"4156668",,"150778","80","110","3.4900000000000002"
"150k-1ms-stress-r03","server","latency-server","2026-09-05T10:07:10.001Z","2026-09-05T10:07:20.007Z","True","150000","191",,"188","1","0","1",,,,"4157066",,"150817","61","112","3.46"
"150k-1ms-stress-r03","server","latency-server","2026-09-05T10:07:20.007Z","2026-09-05T10:07:30.011Z","True","150000","191",,"188","0","0","1",,,,"4158146",,"150835","61","109","3.54"
"150k-1ms-stress-r03","server","latency-server","2026-09-05T10:07:30.011Z","2026-09-05T10:07:40.011Z","True","150000","191",,"188","0","0","1",,,,"4157742",,"150833","60","105","3.48"
"150k-1ms-stress-r03","server","latency-server","2026-09-05T10:07:40.011Z","2026-09-05T10:07:50.017Z","True","150000","191",,"188","0","0","1",,,,"4157463",,"150818","60","105","3.46"
"150k-1ms-stress-r03","server","latency-server","2026-09-05T10:07:50.017Z","2026-09-05T10:08:00.003Z","True","150000","191",,"188","0","0","1",,,,"4157878",,"150833","61","113","3.54"
"150k-1ms-stress-r03","server","latency-server","2026-09-05T10:08:00.003Z","2026-09-05T10:08:10.010Z","True","150000","191",,"188","0","0","1",,,,"4157880",,"150834","61","136","3.5299999999999998"
"150k-1ms-stress-r03","server","latency-server","2026-09-05T10:08:10.010Z","2026-09-05T10:08:20.013Z","True","150000","191",,"188","0","0","1",,,,"4158158",,"150849","61","95","3.5099999999999998"
"150k-1ms-stress-r03","server","latency-server","2026-09-05T10:08:20.013Z","2026-09-05T10:08:30.008Z","True","150000","191",,"188","0","0","1",,,,"4157065",,"150803","66","101","3.54"
"150k-1ms-stress-r03","server","latency-server","2026-09-05T10:08:30.008Z","2026-09-05T10:08:40.003Z","True","150000","191",,"188","0","0","1",,,,"4156505",,"150793","63","105","3.5"
"150k-1ms-stress-r03","server","latency-server","2026-09-05T10:08:40.003Z","2026-09-05T10:08:50.012Z","True","150000","191",,"188","0","0","1",,,,"4156234",,"150768","67","113","3.5299999999999998"
"150k-1ms-stress-r03","server","latency-server","2026-09-05T10:08:50.012Z","2026-09-05T10:09:00.011Z","True","150000","191",,"188","0","0","1",,,,"4162466",,"150848","60","116","3.5299999999999998"
"150k-1ms-stress-r03","server","latency-server","2026-09-05T10:09:00.011Z","2026-09-05T10:09:10.017Z","True","150000","191",,"188","0","0","0",,,,"4195288",,"150818","63","103","3.5699999999999998"
"150k-1ms-stress-r03","server","latency-server","2026-09-05T10:09:10.017Z","2026-09-05T10:09:20.008Z","True","150000","191",,"188","0","0","1",,,,"4194434",,"150788","62","104","3.5099999999999998"
"150k-1ms-stress-r03","server","latency-server","2026-09-05T10:09:20.008Z","2026-09-05T10:09:30.002Z","True","150000","191",,"188","0","0","1",,,,"4194574",,"150788","61","114","3.4900000000000002"
"150k-1ms-stress-r03","server","latency-server","2026-09-05T10:09:30.002Z","2026-09-05T10:09:40.004Z","True","150000","191",,"188","1","0","1",,,,"4196557",,"150864","66","96","3.5499999999999998"
"150k-1ms-stress-r03","server","latency-server","2026-09-05T10:09:40.004Z","2026-09-05T10:09:50.012Z","True","150000","191",,"188","1","0","1",,,,"4195017",,"150803","65","111","3.54"
"150k-1ms-stress-r03","server","latency-server","2026-09-05T10:09:50.012Z","2026-09-05T10:10:00.002Z","True","150000","191",,"188","0","0","1",,,,"4194576",,"150788","63","119","3.4700000000000002"
"150k-1ms-stress-r03","server","latency-server","2026-09-05T10:10:00.002Z","2026-09-05T10:10:10.016Z","True","150000","191",,"188","0","0","1",,,,"4195859",,"150834","64","126","3.46"
"150k-1ms-stress-r03","server","latency-server","2026-09-05T10:10:10.016Z","2026-09-05T10:10:20.013Z","True","150000","191",,"188","0","0","1",,,,"4193314",,"150743","61","143","3.4900000000000002"
"150k-1ms-stress-r03","server","latency-server","2026-09-05T10:10:20.013Z","2026-09-05T10:10:30.008Z","True","150000","191",,"188","0","0","1",,,,"4194864",,"150803","63","105","3.4500000000000002"
"150k-1ms-stress-r03","server","latency-server","2026-09-05T10:10:30.008Z","2026-09-05T10:10:40.009Z","True","150000","191",,"188","0","0","1",,,,"4195862",,"150833","65","140","3.5"
"150k-1ms-stress-r03","server","latency-server","2026-09-05T10:10:40.009Z","2026-09-05T10:10:50.012Z","True","150000","191",,"188","0","0","1",,,,"4195856",,"150833","66","107","3.4900000000000002"
"150k-1ms-stress-r03","server","latency-server","2026-09-05T10:10:50.012Z","2026-09-05T10:11:00.005Z","True","150000","191",,"188","0","0","1",,,,"4195283",,"150818","64","96","3.5299999999999998"
"150k-1ms-stress-r03","server","latency-server","2026-09-05T10:11:00.005Z","2026-09-05T10:11:10.002Z","True","150000","191",,"188","0","0","1",,,,"4195425",,"150818","64","115","3.5"
"150k-1s-r01","client","latency-client","2026-09-05T08:13:20.013Z","2026-09-05T08:13:30.013Z","False","150000","187501",,"187500","0","0","4053078",,"143626","75698","376754","34196",,,"60978","3.6800000000000002"
"150k-1s-r01","client","latency-client","2026-09-05T08:13:30.013Z","2026-09-05T08:13:40.010Z","False","150000","187501",,"187500","0","0","4242888",,"150046","38405","1",,,,"38222","0.68000000000000005"
"150k-1s-r01","client","latency-client","2026-09-05T08:13:40.010Z","2026-09-05T08:13:50.011Z","False","150000","187501",,"187500","0","0","4241123",,"149986","2778","1",,,,"2585","0.68000000000000005"
"150k-1s-r01","client","latency-client","2026-09-05T08:13:50.011Z","2026-09-05T08:14:00.015Z","False","150000","187501",,"187500","0","0","4254862",,"149941","3005","1",,,,"2808","0.78000000000000003"
"150k-1s-r01","client","latency-client","2026-09-05T08:14:00.015Z","2026-09-05T08:14:10.012Z","False","150000","187501",,"187500","0","0","4280370",,"150046","6799","1",,,,"6536","0.98999999999999999"
"150k-1s-r01","client","latency-client","2026-09-05T08:14:10.012Z","2026-09-05T08:14:20.001Z","False","150000","187501",,"187500","0","0","4283798",,"150166","4987","1",,,,"4749","0.95999999999999996"
"150k-1s-r01","client","latency-client","2026-09-05T08:14:20.001Z","2026-09-05T08:14:30.003Z","False","150000","187501",,"187500","0","0","4300747",,"149971","6847","1",,,,"6578","0.91000000000000003"
"150k-1s-r01","client","latency-client","2026-09-05T08:14:30.003Z","2026-09-05T08:14:40.010Z","True","150000","187501",,"187500","0","0","4388618",,"149896","8745","1",,,,"8524","1.03"
"150k-1s-r01","client","latency-client","2026-09-05T08:14:40.010Z","2026-09-05T08:14:50.002Z","True","150000","187501",,"187500","0","0","4395207",,"150121","7104","1",,,,"6856","1.0600000000000001"
"150k-1s-r01","client","latency-client","2026-09-05T08:14:50.002Z","2026-09-05T08:15:00.011Z","True","150000","187501",,"187500","0","0","4387742",,"149866","6963","1",,,,"6732","1.0800000000000001"
"150k-1s-r01","client","latency-client","2026-09-05T08:15:00.011Z","2026-09-05T08:15:10.016Z","True","150000","187501",,"187500","0","0","4389496",,"149926","6941","1",,,,"6699","1.0900000000000001"
"150k-1s-r01","client","latency-client","2026-09-05T08:15:10.016Z","2026-09-05T08:15:20.004Z","True","150000","187501",,"187500","0","0","4396967",,"150181","6192","1",,,,"5947","1.0900000000000001"
"150k-1s-r01","client","latency-client","2026-09-05T08:15:20.004Z","2026-09-05T08:15:30.010Z","True","150000","187501",,"187500","0","0","4389057",,"149911","8501","1",,,,"8273","1.1699999999999999"
"150k-1s-r01","client","latency-client","2026-09-05T08:15:30.010Z","2026-09-05T08:15:40.014Z","True","150000","187501",,"187500","0","0","4389935",,"149941","6761","1",,,,"6508","1.0900000000000001"
"150k-1s-r01","client","latency-client","2026-09-05T08:15:40.014Z","2026-09-05T08:15:50.010Z","True","150000","187501",,"187500","0","0","4393448",,"150061","7168","1",,,,"6944","1.0600000000000001"
"150k-1s-r01","client","latency-client","2026-09-05T08:15:50.010Z","2026-09-05T08:16:00.014Z","True","150000","187501",,"187500","0","0","4389935",,"149941","7327","1",,,,"7087","1.03"
"150k-1s-r01","client","latency-client","2026-09-05T08:16:00.014Z","2026-09-05T08:16:10.004Z","True","150000","187501",,"187500","0","0","4396087",,"150151","7478","1",,,,"7249","1.0700000000000001"
"150k-1s-r01","client","latency-client","2026-09-05T08:16:10.004Z","2026-09-05T08:16:20.008Z","True","150000","187501",,"187500","0","0","4389935",,"149941","7216","1",,,,"6989","1.1200000000000001"
"150k-1s-r01","client","latency-client","2026-09-05T08:16:20.008Z","2026-09-05T08:16:30.007Z","True","150000","187501",,"187500","0","0","4392130",,"150016","7144","1",,,,"6930","0.98999999999999999"
"150k-1s-r01","client","latency-client","2026-09-05T08:16:30.007Z","2026-09-05T08:16:40.003Z","True","150000","187501",,"187500","0","0","4393448",,"150061","6384","1",,,,"6168","1.01"
"150k-1s-r01","client","latency-client","2026-09-05T08:16:40.003Z","2026-09-05T08:16:50.010Z","True","150000","187501",,"187500","0","0","4388619",,"149896","6872","1",,,,"6653","1.03"
"150k-1s-r01","client","latency-client","2026-09-05T08:16:50.010Z","2026-09-05T08:17:00.003Z","True","150000","187501",,"187500","0","0","4394767",,"150106","8074","1",,,,"7862","1.04"
"150k-1s-r01","client","latency-client","2026-09-05T08:17:00.003Z","2026-09-05T08:17:10.011Z","True","150000","187501",,"187500","0","0","4388180",,"149881","7865","1",,,,"7644","1"
"150k-1s-r01","client","latency-client","2026-09-05T08:17:10.011Z","2026-09-05T08:17:20.009Z","True","150000","187501",,"187500","0","0","4392569",,"150031","7581","1",,,,"7371","0.95999999999999996"
"150k-1s-r01","client","latency-client","2026-09-05T08:17:20.009Z","2026-09-05T08:17:30.006Z","True","150000","187501",,"187500","0","0","4393009",,"150046","6875","1",,,,"6660","0.96999999999999997"
"150k-1s-r01","client","latency-client","2026-09-05T08:17:30.006Z","2026-09-05T08:17:40.016Z","True","150000","187501",,"187500","0","0","4387303",,"149851","6815","1",,,,"6590","0.98999999999999999"
"150k-1s-r01","client","latency-client","2026-09-05T08:17:40.016Z","2026-09-05T08:17:50.009Z","True","150000","187501",,"187500","0","0","4394767",,"150106","8305","1",,,,"8098","1.05"
"150k-1s-r01","client","latency-client","2026-09-05T08:17:50.009Z","2026-09-05T08:18:00.015Z","True","150000","187501",,"187500","0","0","4389057",,"149911","6584","1",,,,"6358","0.97999999999999998"
"150k-1s-r01","client","latency-client","2026-09-05T08:18:00.015Z","2026-09-05T08:18:10.007Z","True","150000","187501",,"187500","0","0","4395207",,"150121","7511","1",,,,"7292","0.97999999999999998"
"150k-1s-r01","client","latency-client","2026-09-05T08:18:10.007Z","2026-09-05T08:18:20.013Z","True","150000","187501",,"187500","0","0","4389057",,"149911","8576","1",,,,"8354","1.05"
"150k-1s-r01","client","latency-client","2026-09-05T08:18:20.013Z","2026-09-05T08:18:30.011Z","True","150000","187501",,"187500","0","0","4392569",,"150031","8505","1",,,,"8277","1"
"150k-1s-r01","client","latency-client","2026-09-05T08:18:30.011Z","2026-09-05T08:18:40.009Z","True","150000","187501",,"187500","0","0","4392569",,"150031","9244","1",,,,"9034","1.05"
"150k-1s-r01","client","latency-client","2026-09-05T08:18:40.009Z","2026-09-05T08:18:50.002Z","True","150000","187501",,"187500","0","0","4394767",,"150106","8727","1",,,,"8508","1.0600000000000001"
"150k-1s-r01","client","latency-client","2026-09-05T08:18:50.002Z","2026-09-05T08:19:00.001Z","True","150000","187501",,"187500","0","0","4392130",,"150016","8666","1",,,,"8439","1.0600000000000001"
"150k-1s-r01","client","latency-client","2026-09-05T08:19:00.001Z","2026-09-05T08:19:10.016Z","True","150000","187501",,"187500","0","0","4385113",,"149776","8504","1",,,,"8260","1.1200000000000001"
"150k-1s-r01","client","latency-client","2026-09-05T08:19:10.016Z","2026-09-05T08:19:20.014Z","True","150000","187501",,"187500","0","0","4392569",,"150031","11180","1",,,,"10968","1.1100000000000001"
"150k-1s-r01","client","latency-client","2026-09-05T08:19:20.014Z","2026-09-05T08:19:30.008Z","True","150000","187501",,"187500","0","0","4394327",,"150091","8848","1",,,,"8681","0.87"
"150k-1s-r01","client","latency-client","2026-09-05T08:19:30.008Z","2026-09-05T08:19:40.001Z","True","150000","187501",,"187500","0","0","4394767",,"150106","8101","1",,,,"7908","0.87"
"150k-1s-r01","client","latency-client","2026-09-05T08:19:40.001Z","2026-09-05T08:19:50.003Z","True","150000","187501",,"187500","0","0","4390812",,"149971","12316","1",,,,"12112","1"
"150k-1s-r01","client","latency-client","2026-09-05T08:19:50.003Z","2026-09-05T08:20:00.003Z","True","150000","187501",,"187500","0","0","4391691",,"150001","11357","1",,,,"11131","1.1000000000000001"
"150k-1s-r01","client","latency-client","2026-09-05T08:20:00.003Z","2026-09-05T08:20:10.012Z","True","150000","187501",,"187500","0","0","4387742",,"149866","8637","1",,,,"8432","1"
"150k-1s-r01","client","latency-client","2026-09-05T08:20:10.012Z","2026-09-05T08:20:20.001Z","True","150000","187501",,"187500","0","0","4396527",,"150166","9722","1",,,,"9500","1.02"
"150k-1s-r01","client","latency-client","2026-09-05T08:20:20.001Z","2026-09-05T08:20:30.007Z","True","150000","187501",,"187500","0","0","4389057",,"149911","9548","1",,,,"9314","1.0800000000000001"
"150k-1s-r01","client","latency-client","2026-09-05T08:20:30.007Z","2026-09-05T08:20:40.006Z","True","150000","187501",,"187500","0","0","4392130",,"150016","8569","1",,,,"8354","1.01"
"150k-1s-r01","client","latency-client","2026-09-05T08:20:40.006Z","2026-09-05T08:20:50.004Z","True","150000","187501",,"187500","0","0","4392569",,"150031","9882","1",,,,"9659","1.1200000000000001"
"150k-1s-r01","client","latency-client","2026-09-05T08:20:50.004Z","2026-09-05T08:21:00.008Z","True","150000","187501",,"187500","0","0","4389935",,"149941","8714","1",,,,"8485","0.98999999999999999"
"150k-1s-r01","client","latency-client","2026-09-05T08:21:00.008Z","2026-09-05T08:21:10.011Z","True","150000","187501",,"187500","0","0","4390373",,"149956","9021","1",,,,"8800","1.0700000000000001"
"150k-1s-r01","client","latency-client","2026-09-05T08:21:10.011Z","2026-09-05T08:21:20.010Z","True","150000","187501",,"187500","0","0","4392130",,"150016","9114","1",,,,"8897","0.98999999999999999"
"150k-1s-r01","client","latency-client","2026-09-05T08:21:20.010Z","2026-09-05T08:21:30.002Z","True","150000","187501",,"187500","0","0","4395207",,"150121","9638","1",,,,"9422","1.0700000000000001"
"150k-1s-r01","client","latency-client","2026-09-05T08:21:30.002Z","2026-09-05T08:21:40.012Z","True","150000","187501",,"187500","0","0","4387303",,"149851","8759","1",,,,"8528","1.0600000000000001"
"150k-1s-r01","client","latency-client","2026-09-05T08:21:40.012Z","2026-09-05T08:21:50.010Z","True","150000","187501",,"187500","0","0","4392569",,"150031","9121","1",,,,"8905","1.05"
"150k-1s-r01","client","latency-client","2026-09-05T08:21:50.010Z","2026-09-05T08:22:00.012Z","True","150000","187501",,"187500","0","0","4390812",,"149971","9201","1",,,,"8999","1"
"150k-1s-r01","client","latency-client","2026-09-05T08:22:00.012Z","2026-09-05T08:22:10.003Z","True","150000","187501",,"187500","0","0","4395647",,"150136","10224","1",,,,"10014","1.05"
"150k-1s-r01","client","latency-client","2026-09-05T08:22:10.003Z","2026-09-05T08:22:20.008Z","True","150000","187501",,"187500","0","0","4389496",,"149926","9068","1",,,,"8843","1.04"
"150k-1s-r01","client","latency-client","2026-09-05T08:22:20.008Z","2026-09-05T08:22:30.005Z","True","150000","187501",,"187500","0","0","4393009",,"150046","9141","1",,,,"8911","1.1200000000000001"
"150k-1s-r01","client","latency-client","2026-09-05T08:22:30.005Z","2026-09-05T08:22:40.005Z","True","150000","187501",,"187500","0","0","4391691",,"150001","9684","1",,,,"9459","1.04"
"150k-1s-r01","client","latency-client","2026-09-05T08:22:40.005Z","2026-09-05T08:22:50.005Z","True","150000","187501",,"187500","0","0","4391691",,"150001","9755","1",,,,"9527","1.0600000000000001"
"150k-1s-r01","client","latency-client","2026-09-05T08:22:50.005Z","2026-09-05T08:23:00.008Z","True","150000","187501",,"187500","0","0","4390373",,"149956","8560","1",,,,"8343","1.04"
"150k-1s-r01","client","latency-client","2026-09-05T08:23:00.008Z","2026-09-05T08:23:10.013Z","True","150000","187501",,"187500","0","0","4389496",,"149926","9325","1",,,,"9114","1"
"150k-1s-r01","client","latency-client","2026-09-05T08:23:10.013Z","2026-09-05T08:23:20.004Z","True","150000","187501",,"187500","0","0","4395647",,"150136","10827","1",,,,"10582","1.1200000000000001"
"150k-1s-r01","client","latency-client","2026-09-05T08:23:20.004Z","2026-09-05T08:23:30.001Z","True","150000","187501",,"187500","0","0","4393009",,"150046","12193","1",,,,"11958","1.1399999999999999"
"150k-1s-r01","client","latency-client","2026-09-05T08:23:30.001Z","2026-09-05T08:23:40.005Z","True","150000","187501",,"187500","0","0","4389935",,"149941","10053","1",,,,"9847","1.02"
"150k-1s-r01","client","latency-client","2026-09-05T08:23:40.005Z","2026-09-05T08:23:50.009Z","True","150000","187501",,"187500","0","0","4389935",,"149941","9274","1",,,,"9048","1.0700000000000001"
"150k-1s-r01","client","latency-client","2026-09-05T08:23:50.009Z","2026-09-05T08:24:00.013Z","True","150000","187501",,"187500","0","0","4389935",,"149941","9774","1",,,,"9552","1.1100000000000001"
"150k-1s-r01","client","latency-client","2026-09-05T08:24:00.013Z","2026-09-05T08:24:10.006Z","True","150000","187501",,"187500","0","0","4394767",,"150106","9052","1",,,,"8825","1.0700000000000001"
"150k-1s-r01","client","latency-client","2026-09-05T08:24:10.006Z","2026-09-05T08:24:20.007Z","True","150000","187501",,"187500","0","0","4391251",,"149986","9702","1",,,,"9482","1.0700000000000001"
"150k-1s-r01","server","latency-server","2026-09-05T08:13:20.013Z","2026-09-05T08:13:30.013Z","False","150000","187501",,"187500","0","0","152083","13804",,,"1636091",,"57977","201","61263","1.78"
"150k-1s-r01","server","latency-server","2026-09-05T08:13:30.013Z","2026-09-05T08:13:40.010Z","False","150000","187501",,"187500","0","0","1",,,,"4242888",,"150046","182","38861","1.02"
"150k-1s-r01","server","latency-server","2026-09-05T08:13:40.010Z","2026-09-05T08:13:50.011Z","False","150000","187501",,"187500","0","0","1",,,,"4241123",,"149986","193","5208","1.0600000000000001"
"150k-1s-r01","server","latency-server","2026-09-05T08:13:50.011Z","2026-09-05T08:14:00.015Z","False","150000","187501",,"187500","0","0","1",,,,"4254862",,"149941","197","5556","1.1799999999999999"
"150k-1s-r01","server","latency-server","2026-09-05T08:14:00.015Z","2026-09-05T08:14:10.012Z","False","150000","187501",,"187500","0","0","1",,,,"4280370",,"150046","263","5936","1.49"
"150k-1s-r01","server","latency-server","2026-09-05T08:14:10.012Z","2026-09-05T08:14:20.001Z","False","150000","187501",,"187500","0","0","1",,,,"4283798",,"150166","238","4947","1.45"
"150k-1s-r01","server","latency-server","2026-09-05T08:14:20.001Z","2026-09-05T08:14:30.003Z","False","150000","187501",,"187500","0","0","1",,,,"4300747",,"149971","269","6802","1.3899999999999999"
"150k-1s-r01","server","latency-server","2026-09-05T08:14:30.003Z","2026-09-05T08:14:40.010Z","True","150000","187501",,"187500","0","0","1",,,,"4388618",,"149896","220","8193","1.3100000000000001"
"150k-1s-r01","server","latency-server","2026-09-05T08:14:40.010Z","2026-09-05T08:14:50.008Z","True","150000","187501",,"187500","0","0","1",,,,"4392569",,"150031","247","6685","1.4299999999999999"
"150k-1s-r01","server","latency-server","2026-09-05T08:14:50.008Z","2026-09-05T08:15:00.011Z","True","150000","187501",,"187500","0","0","1",,,,"4390373",,"149956","231","5498","1.3799999999999999"
"150k-1s-r01","server","latency-server","2026-09-05T08:15:00.011Z","2026-09-05T08:15:10.016Z","True","150000","187501",,"187500","0","0","1",,,,"4389496",,"149926","243","6913","1.3700000000000001"
"150k-1s-r01","server","latency-server","2026-09-05T08:15:10.016Z","2026-09-05T08:15:20.004Z","True","150000","187501",,"187500","0","0","1",,,,"4396967",,"150181","245","8399","1.4099999999999999"
"150k-1s-r01","server","latency-server","2026-09-05T08:15:20.004Z","2026-09-05T08:15:30.010Z","True","150000","187501",,"187500","0","0","1",,,,"4389057",,"149911","228","10307","1.3300000000000001"
"150k-1s-r01","server","latency-server","2026-09-05T08:15:30.010Z","2026-09-05T08:15:40.014Z","True","150000","187501",,"187500","0","0","1",,,,"4389935",,"149941","253","11998","1.4299999999999999"
"150k-1s-r01","server","latency-server","2026-09-05T08:15:40.014Z","2026-09-05T08:15:50.010Z","True","150000","187501",,"187500","0","0","1",,,,"4393448",,"150061","224","12680","1.4199999999999999"
"150k-1s-r01","server","latency-server","2026-09-05T08:15:50.010Z","2026-09-05T08:16:00.014Z","True","150000","187501",,"187500","0","0","1",,,,"4389935",,"149941","240","8470","1.3700000000000001"
"150k-1s-r01","server","latency-server","2026-09-05T08:16:00.014Z","2026-09-05T08:16:10.004Z","True","150000","187501",,"187500","0","0","1",,,,"4396087",,"150151","229","7665","1.3700000000000001"
"150k-1s-r01","server","latency-server","2026-09-05T08:16:10.004Z","2026-09-05T08:16:20.008Z","True","150000","187501",,"187500","0","0","1",,,,"4389935",,"149941","228","10464","1.3400000000000001"
"150k-1s-r01","server","latency-server","2026-09-05T08:16:20.008Z","2026-09-05T08:16:30.007Z","True","150000","187501",,"187500","0","0","1",,,,"4392130",,"150016","214","9990","1.23"
"150k-1s-r01","server","latency-server","2026-09-05T08:16:30.007Z","2026-09-05T08:16:40.003Z","True","150000","187501",,"187500","0","0","1",,,,"4393448",,"150061","216","7191","1.21"
"150k-1s-r01","server","latency-server","2026-09-05T08:16:40.003Z","2026-09-05T08:16:50.010Z","True","150000","187501",,"187500","0","0","1",,,,"4388619",,"149896","218","7629","1.2"
"150k-1s-r01","server","latency-server","2026-09-05T08:16:50.010Z","2026-09-05T08:17:00.003Z","True","150000","187501",,"187500","0","0","1",,,,"4394767",,"150106","212","11314","1.1799999999999999"
"150k-1s-r01","server","latency-server","2026-09-05T08:17:00.003Z","2026-09-05T08:17:10.011Z","True","150000","187501",,"187500","0","0","1",,,,"4388180",,"149881","222","8931","1.2"
"150k-1s-r01","server","latency-server","2026-09-05T08:17:10.011Z","2026-09-05T08:17:20.009Z","True","150000","187501",,"187500","0","0","1",,,,"4392569",,"150031","210","8608","1.2"
"150k-1s-r01","server","latency-server","2026-09-05T08:17:20.009Z","2026-09-05T08:17:30.006Z","True","150000","187501",,"187500","0","0","1",,,,"4393009",,"150046","215","8031","1.22"
"150k-1s-r01","server","latency-server","2026-09-05T08:17:30.006Z","2026-09-05T08:17:40.001Z","True","150000","187501",,"187500","0","0","1",,,,"4393887",,"150076","224","7843","1.25"
"150k-1s-r01","server","latency-server","2026-09-05T08:17:40.001Z","2026-09-05T08:17:50.009Z","True","150000","187501",,"187500","0","0","1",,,,"4388180",,"149881","207","10634","1.21"
"150k-1s-r01","server","latency-server","2026-09-05T08:17:50.009Z","2026-09-05T08:18:00.015Z","True","150000","187501",,"187500","0","0","1",,,,"4389057",,"149911","226","7071","1.1899999999999999"
"150k-1s-r01","server","latency-server","2026-09-05T08:18:00.015Z","2026-09-05T08:18:10.007Z","True","150000","187501",,"187500","0","0","1",,,,"4395207",,"150121","219","4699","1.23"
"150k-1s-r01","server","latency-server","2026-09-05T08:18:10.007Z","2026-09-05T08:18:20.013Z","True","150000","187501",,"187500","0","0","1",,,,"4389057",,"149911","222","8074","1.1799999999999999"
"150k-1s-r01","server","latency-server","2026-09-05T08:18:20.013Z","2026-09-05T08:18:30.011Z","True","150000","187501",,"187500","0","0","1",,,,"4392569",,"150031","227","11262","1.22"
"150k-1s-r01","server","latency-server","2026-09-05T08:18:30.011Z","2026-09-05T08:18:40.009Z","True","150000","187501",,"187500","0","0","1",,,,"4392569",,"150031","209","11854","1.23"
"150k-1s-r01","server","latency-server","2026-09-05T08:18:40.009Z","2026-09-05T08:18:50.002Z","True","150000","187501",,"187500","0","0","1",,,,"4394767",,"150106","219","10102","1.2"
"150k-1s-r01","server","latency-server","2026-09-05T08:18:50.002Z","2026-09-05T08:19:00.001Z","True","150000","187501",,"187500","0","0","1",,,,"4392130",,"150016","227","7320","1.1899999999999999"
"150k-1s-r01","server","latency-server","2026-09-05T08:19:00.001Z","2026-09-05T08:19:10.016Z","True","150000","187501",,"187500","0","0","1",,,,"4385113",,"149776","244","7315","1.23"
"150k-1s-r01","server","latency-server","2026-09-05T08:19:10.016Z","2026-09-05T08:19:20.014Z","True","150000","187501",,"187500","0","0","1",,,,"4392569",,"150031","213","10052","1.1599999999999999"
"150k-1s-r01","server","latency-server","2026-09-05T08:19:20.014Z","2026-09-05T08:19:30.008Z","True","150000","187501",,"187500","0","0","1",,,,"4394327",,"150091","167","10512","0.98999999999999999"
"150k-1s-r01","server","latency-server","2026-09-05T08:19:30.008Z","2026-09-05T08:19:40.001Z","True","150000","187501",,"187500","0","0","1",,,,"4394767",,"150106","193","8589","1.0900000000000001"
"150k-1s-r01","server","latency-server","2026-09-05T08:19:40.001Z","2026-09-05T08:19:50.003Z","True","150000","187501",,"187500","0","0","1",,,,"4390812",,"149971","204","12987","1.1299999999999999"
"150k-1s-r01","server","latency-server","2026-09-05T08:19:50.003Z","2026-09-05T08:20:00.003Z","True","150000","187501",,"187500","0","0","1",,,,"4391691",,"150001","226","14503","1.22"
"150k-1s-r01","server","latency-server","2026-09-05T08:20:00.003Z","2026-09-05T08:20:10.012Z","True","150000","187501",,"187500","0","0","1",,,,"4387742",,"149866","204","11413","1.21"
"150k-1s-r01","server","latency-server","2026-09-05T08:20:10.012Z","2026-09-05T08:20:20.001Z","True","150000","187501",,"187500","0","0","1",,,,"4396527",,"150166","222","11834","1.2"
"150k-1s-r01","server","latency-server","2026-09-05T08:20:20.001Z","2026-09-05T08:20:30.007Z","True","150000","187501",,"187500","0","0","1",,,,"4389057",,"149911","234","12007","1.1399999999999999"
"150k-1s-r01","server","latency-server","2026-09-05T08:20:30.007Z","2026-09-05T08:20:40.006Z","True","150000","187501",,"187500","0","0","1",,,,"4392130",,"150016","214","12079","1.1699999999999999"
"150k-1s-r01","server","latency-server","2026-09-05T08:20:40.006Z","2026-09-05T08:20:50.004Z","True","150000","187501",,"187500","0","0","1",,,,"4392569",,"150031","223","11648","1.25"
"150k-1s-r01","server","latency-server","2026-09-05T08:20:50.004Z","2026-09-05T08:21:00.008Z","True","150000","187501",,"187500","0","0","1",,,,"4389935",,"149941","229","9903","1.23"
"150k-1s-r01","server","latency-server","2026-09-05T08:21:00.008Z","2026-09-05T08:21:10.011Z","True","150000","187501",,"187500","0","0","1",,,,"4390373",,"149956","221","7584","1.2"
"150k-1s-r01","server","latency-server","2026-09-05T08:21:10.011Z","2026-09-05T08:21:20.010Z","True","150000","187501",,"187500","0","0","1",,,,"4392130",,"150016","217","9468","1.25"
"150k-1s-r01","server","latency-server","2026-09-05T08:21:20.010Z","2026-09-05T08:21:30.002Z","True","150000","187501",,"187500","0","0","1",,,,"4395207",,"150121","216","9694","1.2"
"150k-1s-r01","server","latency-server","2026-09-05T08:21:30.002Z","2026-09-05T08:21:40.012Z","True","150000","187501",,"187500","0","0","1",,,,"4387303",,"149851","231","4265","1.24"
"150k-1s-r01","server","latency-server","2026-09-05T08:21:40.012Z","2026-09-05T08:21:50.010Z","True","150000","187501",,"187500","0","0","1",,,,"4392569",,"150031","216","1287","1.25"
"150k-1s-r01","server","latency-server","2026-09-05T08:21:50.010Z","2026-09-05T08:22:00.012Z","True","150000","187501",,"187500","0","0","1",,,,"4390812",,"149971","202","3322","1.1499999999999999"
"150k-1s-r01","server","latency-server","2026-09-05T08:22:00.012Z","2026-09-05T08:22:10.003Z","True","150000","187501",,"187500","0","0","1",,,,"4395647",,"150136","210","6857","1.1499999999999999"
"150k-1s-r01","server","latency-server","2026-09-05T08:22:10.003Z","2026-09-05T08:22:20.008Z","True","150000","187501",,"187500","0","0","1",,,,"4389496",,"149926","225","5789","1.1899999999999999"
"150k-1s-r01","server","latency-server","2026-09-05T08:22:20.008Z","2026-09-05T08:22:30.005Z","True","150000","187501",,"187500","0","0","1",,,,"4393009",,"150046","230","5115","1.22"
"150k-1s-r01","server","latency-server","2026-09-05T08:22:30.005Z","2026-09-05T08:22:40.005Z","True","150000","187501",,"187500","0","0","1",,,,"4391691",,"150001","224","8321","1.24"
"150k-1s-r01","server","latency-server","2026-09-05T08:22:40.005Z","2026-09-05T08:22:50.005Z","True","150000","187501",,"187500","0","0","1",,,,"4391691",,"150001","228","7315","1.24"
"150k-1s-r01","server","latency-server","2026-09-05T08:22:50.005Z","2026-09-05T08:23:00.008Z","True","150000","187501",,"187500","0","0","1",,,,"4390373",,"149956","217","10027","1.23"
"150k-1s-r01","server","latency-server","2026-09-05T08:23:00.008Z","2026-09-05T08:23:10.013Z","True","150000","187501",,"187500","0","0","1",,,,"4389496",,"149926","211","15898","1.2"
"150k-1s-r01","server","latency-server","2026-09-05T08:23:10.013Z","2026-09-05T08:23:20.004Z","True","150000","187501",,"187500","0","0","1",,,,"4395647",,"150136","245","17088","1.26"
"150k-1s-r01","server","latency-server","2026-09-05T08:23:20.004Z","2026-09-05T08:23:30.001Z","True","150000","187501",,"187500","0","0","1",,,,"4393009",,"150046","234","17262","1.27"
"150k-1s-r01","server","latency-server","2026-09-05T08:23:30.001Z","2026-09-05T08:23:40.005Z","True","150000","187501",,"187500","0","0","1",,,,"4389935",,"149941","206","12194","1.21"
"150k-1s-r01","server","latency-server","2026-09-05T08:23:40.005Z","2026-09-05T08:23:50.009Z","True","150000","187501",,"187500","0","0","1",,,,"4389935",,"149941","226","10734","1.2"
"150k-1s-r01","server","latency-server","2026-09-05T08:23:50.009Z","2026-09-05T08:24:00.013Z","True","150000","187501",,"187500","0","0","1",,,,"4389935",,"149941","221","14568","1.24"
"150k-1s-r01","server","latency-server","2026-09-05T08:24:00.013Z","2026-09-05T08:24:10.006Z","True","150000","187501",,"187500","0","0","1",,,,"4394767",,"150106","226","16997","1.1699999999999999"
"150k-1s-r01","server","latency-server","2026-09-05T08:24:10.006Z","2026-09-05T08:24:20.007Z","True","150000","187501",,"187500","0","0","1",,,,"4391251",,"149986","220","16202","1.23"
"150k-1s-r02","client","latency-client","2026-09-05T09:36:30.001Z","2026-09-05T09:36:40.001Z","False","150000","187501",,"187500","0","0","4198660",,"148765","71628","184894","16781",,,"64253","2.54"
"150k-1s-r02","client","latency-client","2026-09-05T09:36:40.001Z","2026-09-05T09:36:50.010Z","False","150000","187501",,"187500","0","0","4202094",,"148704","9414","1",,,,"9178","1.03"
"150k-1s-r02","client","latency-client","2026-09-05T09:36:50.010Z","2026-09-05T09:37:00.013Z","False","150000","187501",,"187500","0","0","4213774",,"148954","9074","1",,,,"8842","0.93000000000000005"
"150k-1s-r02","client","latency-client","2026-09-05T09:37:00.013Z","2026-09-05T09:37:10.010Z","False","150000","187501",,"187500","0","0","4204297",,"147231","9359","1",,,,"9095","1.05"
"150k-1s-r02","client","latency-client","2026-09-05T09:37:10.010Z","2026-09-05T09:37:20.009Z","False","150000","187501",,"187500","0","0","4393489",,"154186","9197","1",,,,"8939","1.05"
"150k-1s-r02","client","latency-client","2026-09-05T09:37:20.009Z","2026-09-05T09:37:30.012Z","False","150000","187501",,"187500","0","0","4377757",,"153284","8071","1",,,,"7820","1.04"
"150k-1s-r02","client","latency-client","2026-09-05T09:37:30.012Z","2026-09-05T09:37:40.010Z","True","150000","187501",,"187500","0","0","4225711",,"145282","9914","1",,,,"9661","1.0900000000000001"
"150k-1s-r02","client","latency-client","2026-09-05T09:37:40.010Z","2026-09-05T09:37:50.008Z","True","150000","187501",,"187500","0","0","4366934",,"149122","9492","1",,,,"9249","1.05"
"150k-1s-r02","client","latency-client","2026-09-05T09:37:50.008Z","2026-09-05T09:38:00.014Z","True","150000","187501",,"187500","0","0","4320954",,"147494","9626","1",,,,"9382","1.1399999999999999"
"150k-1s-r02","client","latency-client","2026-09-05T09:38:00.014Z","2026-09-05T09:38:10.009Z","True","150000","187501",,"187500","0","0","4602614",,"157202","10277","1",,,,"10017","1.26"
"150k-1s-r02","client","latency-client","2026-09-05T09:38:10.009Z","2026-09-05T09:38:20.001Z","True","150000","187501",,"187500","0","0","4273866",,"146102","10270","1",,,,"10022","1.1699999999999999"
"150k-1s-r02","client","latency-client","2026-09-05T09:38:20.001Z","2026-09-05T09:38:30.008Z","True","150000","187501",,"187500","0","0","4352558",,"148598","7555","1",,,,"7301","1.0800000000000001"
"150k-1s-r02","client","latency-client","2026-09-05T09:38:30.008Z","2026-09-05T09:38:40.010Z","True","150000","187501",,"187500","0","0","4461334",,"152486","9949","1",,,,"9709","1.1599999999999999"
"150k-1s-r02","client","latency-client","2026-09-05T09:38:40.010Z","2026-09-05T09:38:50.002Z","True","150000","187501",,"187500","0","0","4415335",,"150795","9676","1",,,,"9416","1.2"
"150k-1s-r02","client","latency-client","2026-09-05T09:38:50.002Z","2026-09-05T09:39:00.005Z","True","150000","187501",,"187500","0","0","4374284",,"149412","9662","1",,,,"9405","1.1100000000000001"
"150k-1s-r02","client","latency-client","2026-09-05T09:39:00.005Z","2026-09-05T09:39:10.002Z","True","150000","187501",,"187500","0","0","4420340",,"150926","9485","1",,,,"9217","1.1100000000000001"
"150k-1s-r02","client","latency-client","2026-09-05T09:39:10.002Z","2026-09-05T09:39:20.009Z","True","150000","187501",,"187500","0","0","4304454",,"147024","9459","1",,,,"9215","1.0800000000000001"
"150k-1s-r02","client","latency-client","2026-09-05T09:39:20.009Z","2026-09-05T09:39:30.015Z","True","150000","187501",,"187500","0","0","4558089",,"155517","9585","1",,,,"9334","1.1699999999999999"
"150k-1s-r02","client","latency-client","2026-09-05T09:39:30.015Z","2026-09-05T09:39:40.006Z","True","150000","187501",,"187500","0","0","4283314",,"146515","9814","1",,,,"9562","1.1100000000000001"
"150k-1s-r02","client","latency-client","2026-09-05T09:39:40.006Z","2026-09-05T09:39:50.007Z","True","150000","187501",,"187500","0","0","4349593",,"148526","9571","1",,,,"9335","1.1699999999999999"
"150k-1s-r02","client","latency-client","2026-09-05T09:39:50.007Z","2026-09-05T09:40:00.006Z","True","150000","187501",,"187500","0","0","4408825",,"150631","10960","1",,,,"10725","1.2"
"150k-1s-r02","client","latency-client","2026-09-05T09:40:00.006Z","2026-09-05T09:40:10.013Z","True","150000","187501",,"187500","0","0","4515289",,"154047","10211","1",,,,"9974","1.1899999999999999"
"150k-1s-r02","client","latency-client","2026-09-05T09:40:10.013Z","2026-09-05T09:40:20.003Z","True","150000","187501",,"187500","0","0","4288962",,"146680","10465","1",,,,"10228","1.0900000000000001"
"150k-1s-r02","client","latency-client","2026-09-05T09:40:20.003Z","2026-09-05T09:40:30.015Z","True","150000","187501",,"187500","0","0","4355892",,"148757","9722","1",,,,"9469","1.1499999999999999"
"150k-1s-r02","client","latency-client","2026-09-05T09:40:30.015Z","2026-09-05T09:40:40.014Z","True","150000","187501",,"187500","0","0","4232509",,"144421","10595","1",,,,"10354","1.1499999999999999"
"150k-1s-r02","client","latency-client","2026-09-05T09:40:40.014Z","2026-09-05T09:40:50.013Z","True","150000","187501",,"187500","0","0","4484119",,"153185","11869","1",,,,"11616","1.26"
"150k-1s-r02","client","latency-client","2026-09-05T09:40:50.013Z","2026-09-05T09:41:00.002Z","True","150000","187501",,"187500","0","0","4559446",,"155761","11358","1",,,,"11099","1.3700000000000001"
"150k-1s-r02","client","latency-client","2026-09-05T09:41:00.002Z","2026-09-05T09:41:10.015Z","True","150000","187501",,"187500","0","0","4299233",,"146937","11926","1",,,,"11677","1.1799999999999999"
"150k-1s-r02","client","latency-client","2026-09-05T09:41:10.015Z","2026-09-05T09:41:20.023Z","True","150000","187501",,"187500","0","0","4321569",,"147509","10328","1",,,,"10071","1.1200000000000001"
"150k-1s-r02","client","latency-client","2026-09-05T09:41:20.023Z","2026-09-05T09:41:30.003Z","True","150000","187501",,"187500","0","0","4376267",,"149454","11326","1",,,,"11075","1.1000000000000001"
"150k-1s-r02","client","latency-client","2026-09-05T09:41:30.003Z","2026-09-05T09:41:40.015Z","True","150000","187501",,"187500","0","0","4516821",,"154407","11379","1",,,,"11131","1.22"
"150k-1s-r02","client","latency-client","2026-09-05T09:41:40.015Z","2026-09-05T09:41:50.003Z","True","150000","187501",,"187500","0","0","4326165",,"147718","16738","1",,,,"16492","1.25"
"150k-1s-r02","client","latency-client","2026-09-05T09:41:50.003Z","2026-09-05T09:42:00.012Z","True","150000","187501",,"187500","0","0","4310739",,"147153","17967","1",,,,"17716","1.1299999999999999"
"150k-1s-r02","client","latency-client","2026-09-05T09:42:00.012Z","2026-09-05T09:42:10.014Z","True","150000","187501",,"187500","0","0","4546262",,"155400","17460","1",,,,"17204","1.21"
"150k-1s-r02","client","latency-client","2026-09-05T09:42:10.014Z","2026-09-05T09:42:20.004Z","True","150000","187501",,"187500","0","0","4276481",,"145980","15737","1",,,,"15484","1.1499999999999999"
"150k-1s-r02","client","latency-client","2026-09-05T09:42:20.004Z","2026-09-05T09:42:30.006Z","True","150000","187501",,"187500","0","0","4388039",,"149863","17872","1",,,,"17639","1.23"
"150k-1s-r02","client","latency-client","2026-09-05T09:42:30.006Z","2026-09-05T09:42:40.003Z","True","150000","187501",,"187500","0","0","4563670",,"155875","30303","1",,,,"30064","1.22"
"150k-1s-r02","client","latency-client","2026-09-05T09:42:40.003Z","2026-09-05T09:42:50.014Z","True","150000","187501",,"187500","0","0","4338834",,"148283","56824","1",,,,"56595","1.24"
"150k-1s-r02","client","latency-client","2026-09-05T09:42:50.014Z","2026-09-05T09:43:00.002Z","True","150000","187501",,"187500","0","0","4226918",,"144246","37620","1",,,,"37388","1.1200000000000001"
"150k-1s-r02","client","latency-client","2026-09-05T09:43:00.002Z","2026-09-05T09:43:10.001Z","True","150000","187501",,"187500","0","0","4502066",,"153885","60038","1",,,,"59767","1.27"
"150k-1s-r02","client","latency-client","2026-09-05T09:43:10.001Z","2026-09-05T09:43:20.001Z","True","150000","187501",,"187500","0","0","4279528",,"146076","17939","1",,,,"17697","1.1299999999999999"
"150k-1s-r02","client","latency-client","2026-09-05T09:43:20.001Z","2026-09-05T09:43:30.026Z","True","150000","187501",,"187500","0","0","4291197",,"146516","18388","1",,,,"18126","1.1699999999999999"
"150k-1s-r02","client","latency-client","2026-09-05T09:43:30.026Z","2026-09-05T09:43:40.014Z","True","150000","187501",,"187500","0","0","4534155",,"154942","17784","1",,,,"17536","1.3300000000000001"
"150k-1s-r02","client","latency-client","2026-09-05T09:43:40.014Z","2026-09-05T09:43:50.003Z","True","150000","187501",,"187500","0","0","4356400",,"148748","18682","1",,,,"18441","1.3899999999999999"
"150k-1s-r02","client","latency-client","2026-09-05T09:43:50.003Z","2026-09-05T09:44:00.006Z","True","150000","187501",,"187500","0","0","4549068",,"155509","17527","1",,,,"17288","1.25"
"150k-1s-r02","client","latency-client","2026-09-05T09:44:00.006Z","2026-09-05T09:44:10.000Z","True","150000","187501",,"187500","0","0","4378244",,"149572","19196","1",,,,"18962","1.1799999999999999"
"150k-1s-r02","client","latency-client","2026-09-05T09:44:10.000Z","2026-09-05T09:44:20.008Z","True","150000","187501",,"187500","0","0","4248827",,"144958","17518","1",,,,"17268","1.1799999999999999"
"150k-1s-r02","client","latency-client","2026-09-05T09:44:20.008Z","2026-09-05T09:44:30.009Z","True","150000","187501",,"187500","0","0","4543580",,"155341","19561","1",,,,"19319","1.3100000000000001"
"150k-1s-r02","client","latency-client","2026-09-05T09:44:30.009Z","2026-09-05T09:44:40.011Z","True","150000","187501",,"187500","0","0","4160021",,"141939","15217","1",,,,"14945","1.1899999999999999"
"150k-1s-r02","client","latency-client","2026-09-05T09:44:40.011Z","2026-09-05T09:44:50.013Z","True","150000","187501",,"187500","0","0","4522970",,"154524","17509","1",,,,"17263","1.27"
"150k-1s-r02","client","latency-client","2026-09-05T09:44:50.013Z","2026-09-05T09:45:00.001Z","True","150000","187501",,"187500","0","0","4375305",,"149408","18691","1",,,,"18435","1.4099999999999999"
"150k-1s-r02","client","latency-client","2026-09-05T09:45:00.001Z","2026-09-05T09:45:10.006Z","True","150000","187501",,"187500","0","0","4431288",,"151412","73646","1",,,,"73393","1.3799999999999999"
"150k-1s-r02","client","latency-client","2026-09-05T09:45:10.006Z","2026-09-05T09:45:20.011Z","True","150000","187501",,"187500","0","0","4363066",,"148982","17694","1",,,,"17449","1.1299999999999999"
"150k-1s-r02","client","latency-client","2026-09-05T09:45:20.011Z","2026-09-05T09:45:30.003Z","True","150000","187501",,"187500","0","0","4480378",,"153155","52228","1",,,,"51995","1.2"
"150k-1s-r02","client","latency-client","2026-09-05T09:45:30.003Z","2026-09-05T09:45:40.008Z","True","150000","187501",,"187500","0","0","4280673",,"146052","46423","1",,,,"46185","1.1399999999999999"
"150k-1s-r02","client","latency-client","2026-09-05T09:45:40.008Z","2026-09-05T09:45:50.009Z","True","150000","187501",,"187500","0","0","4437733",,"151639","15854","1",,,,"15606","1.3300000000000001"
"150k-1s-r02","client","latency-client","2026-09-05T09:45:50.009Z","2026-09-05T09:46:00.006Z","True","150000","187501",,"187500","0","0","4479654",,"153059","17501","1",,,,"17265","1.27"
"150k-1s-r02","client","latency-client","2026-09-05T09:46:00.006Z","2026-09-05T09:46:10.012Z","True","150000","187501",,"187500","0","0","4219200",,"143975","17139","1",,,,"16894","1.1399999999999999"
"150k-1s-r02","client","latency-client","2026-09-05T09:46:10.012Z","2026-09-05T09:46:20.002Z","True","150000","187501",,"187500","0","0","4562194",,"155967","17519","1",,,,"17292","1.1599999999999999"
"150k-1s-r02","client","latency-client","2026-09-05T09:46:20.002Z","2026-09-05T09:46:30.008Z","True","150000","187501",,"187500","0","0","4306163",,"147025","16239","1",,,,"15995","1.1899999999999999"
"150k-1s-r02","client","latency-client","2026-09-05T09:46:30.008Z","2026-09-05T09:46:40.008Z","True","150000","187501",,"187500","0","0","4495650",,"153560","44759","1",,,,"44533","1.25"
"150k-1s-r02","client","latency-client","2026-09-05T09:46:40.008Z","2026-09-05T09:46:50.007Z","True","150000","187501",,"187500","0","0","4226107",,"144249","16285","1",,,,"16028","1.1100000000000001"
"150k-1s-r02","client","latency-client","2026-09-05T09:46:50.007Z","2026-09-05T09:47:00.013Z","True","150000","187501",,"187500","0","0","4426697",,"151224","17769","1",,,,"17508","1.25"
"150k-1s-r02","client","latency-client","2026-09-05T09:47:00.013Z","2026-09-05T09:47:10.004Z","True","150000","187501",,"187500","0","0","4339513",,"148185","16995","1",,,,"16729","1.2"
"150k-1s-r02","client","latency-client","2026-09-05T09:47:10.004Z","2026-09-05T09:47:20.016Z","True","150000","187501",,"187500","0","0","4458594",,"152344","23925","1",,,,"23687","1.1299999999999999"
"150k-1s-r02","client","latency-client","2026-09-05T09:47:20.016Z","2026-09-05T09:47:30.005Z","False","150000","187500",,"187500","0","0","4522640",,"154486","16895","5",,,,"16658","1.2"
"150k-1s-r02","server","latency-server","2026-09-05T09:36:20.004Z","2026-09-05T09:36:30.004Z","False","150000","187501",,"187500","0","0","223572","20292",,,"201704",,"7338","289","39520","2.1299999999999999"
"150k-1s-r02","server","latency-server","2026-09-05T09:36:30.004Z","2026-09-05T09:36:40.000Z","False","150000","187501",,"187500","0","0","1",,,,"4528253",,"160226","267","63738","1.3899999999999999"
"150k-1s-r02","server","latency-server","2026-09-05T09:36:40.000Z","2026-09-05T09:36:50.010Z","False","150000","187501",,"187500","0","0","1",,,,"4215680",,"149123","236","6784","1.3"
"150k-1s-r02","server","latency-server","2026-09-05T09:36:50.010Z","2026-09-05T09:37:00.013Z","False","150000","187501",,"187500","0","0","1",,,,"4214627",,"149101","232","10944","1.3300000000000001"
"150k-1s-r02","server","latency-server","2026-09-05T09:37:00.013Z","2026-09-05T09:37:10.010Z","False","150000","187501",,"187500","0","0","1",,,,"4191470",,"146823","263","9694","1.4299999999999999"
"150k-1s-r02","server","latency-server","2026-09-05T09:37:10.010Z","2026-09-05T09:37:20.009Z","False","150000","187501",,"187500","0","0","1",,,,"4386247",,"153858","258","12845","1.4399999999999999"
"150k-1s-r02","server","latency-server","2026-09-05T09:37:20.009Z","2026-09-05T09:37:30.012Z","False","150000","187501",,"187500","0","0","1",,,,"4361720",,"152724","251","12199","1.3999999999999999"
"150k-1s-r02","server","latency-server","2026-09-05T09:37:30.012Z","2026-09-05T09:37:40.010Z","True","150000","187501",,"187500","0","0","1",,,,"4267444",,"146735","253","11458","1.3500000000000001"
"150k-1s-r02","server","latency-server","2026-09-05T09:37:40.010Z","2026-09-05T09:37:50.008Z","True","150000","187501",,"187500","0","0","1",,,,"4362862",,"149008","243","14483","1.3799999999999999"
"150k-1s-r02","server","latency-server","2026-09-05T09:37:50.008Z","2026-09-05T09:38:00.014Z","True","150000","187501",,"187500","0","0","1",,,,"4320173",,"147472","245","9114","1.3300000000000001"
"150k-1s-r02","server","latency-server","2026-09-05T09:38:00.014Z","2026-09-05T09:38:10.009Z","True","150000","187501",,"187500","0","0","1",,,,"4595194",,"156837","260","9378","1.3700000000000001"
"150k-1s-r02","server","latency-server","2026-09-05T09:38:10.009Z","2026-09-05T09:38:20.001Z","True","150000","187501",,"187500","0","0","1",,,,"4273249",,"146171","248","13843","1.3300000000000001"
"150k-1s-r02","server","latency-server","2026-09-05T09:38:20.001Z","2026-09-05T09:38:30.008Z","True","150000","187501",,"187500","0","0","1",,,,"4338156",,"148095","254","10982","1.4299999999999999"
"150k-1s-r02","server","latency-server","2026-09-05T09:38:30.008Z","2026-09-05T09:38:40.010Z","True","150000","187501",,"187500","0","0","1",,,,"4461372",,"152438","240","5589","1.3100000000000001"
"150k-1s-r02","server","latency-server","2026-09-05T09:38:40.010Z","2026-09-05T09:38:50.002Z","True","150000","187501",,"187500","0","0","1",,,,"4436239",,"151449","260","12179","1.3500000000000001"
"150k-1s-r02","server","latency-server","2026-09-05T09:38:50.002Z","2026-09-05T09:39:00.005Z","True","150000","187501",,"187500","0","0","1",,,,"4375118",,"149478","257","14642","1.28"
"150k-1s-r02","server","latency-server","2026-09-05T09:39:00.005Z","2026-09-05T09:39:10.002Z","True","150000","187501",,"187500","0","0","1",,,,"4421124",,"150932","268","12543","1.3500000000000001"
"150k-1s-r02","server","latency-server","2026-09-05T09:39:10.002Z","2026-09-05T09:39:20.009Z","True","150000","187501",,"187500","0","0","1",,,,"4285119",,"146458","244","12183","1.3700000000000001"
"150k-1s-r02","server","latency-server","2026-09-05T09:39:20.009Z","2026-09-05T09:39:30.015Z","True","150000","187501",,"187500","0","0","1",,,,"4540478",,"154892","251","12008","1.3400000000000001"
"150k-1s-r02","server","latency-server","2026-09-05T09:39:30.015Z","2026-09-05T09:39:40.006Z","True","150000","187501",,"187500","0","0","1",,,,"4305842",,"147246","252","11447","1.3700000000000001"
"150k-1s-r02","server","latency-server","2026-09-05T09:39:40.006Z","2026-09-05T09:39:50.007Z","True","150000","187501",,"187500","0","0","1",,,,"4362335",,"149052","235","10791","1.3700000000000001"
"150k-1s-r02","server","latency-server","2026-09-05T09:39:50.007Z","2026-09-05T09:40:00.006Z","True","150000","187501",,"187500","0","0","1",,,,"4408065",,"150551","235","13374","1.3700000000000001"
"150k-1s-r02","server","latency-server","2026-09-05T09:40:00.006Z","2026-09-05T09:40:10.013Z","True","150000","187501",,"187500","0","0","1",,,,"4490983",,"153179","237","12948","1.3500000000000001"
"150k-1s-r02","server","latency-server","2026-09-05T09:40:10.013Z","2026-09-05T09:40:20.003Z","True","150000","187501",,"187500","0","0","1",,,,"4313378",,"147511","236","12206","1.3"
"150k-1s-r02","server","latency-server","2026-09-05T09:40:20.003Z","2026-09-05T09:40:30.015Z","True","150000","187501",,"187500","0","0","1",,,,"4355793",,"148819","252","11864","1.3400000000000001"
"150k-1s-r02","server","latency-server","2026-09-05T09:40:30.015Z","2026-09-05T09:40:40.014Z","True","150000","187501",,"187500","0","0","1",,,,"4222068",,"144047","241","15160","1.3700000000000001"
"150k-1s-r02","server","latency-server","2026-09-05T09:40:40.014Z","2026-09-05T09:40:50.013Z","True","150000","187501",,"187500","0","0","1",,,,"4494566",,"153589","253","11001","1.5"
"150k-1s-r02","server","latency-server","2026-09-05T09:40:50.013Z","2026-09-05T09:41:00.002Z","True","150000","187501",,"187500","0","0","1",,,,"4560347",,"155688","259","13015","1.3999999999999999"
"150k-1s-r02","server","latency-server","2026-09-05T09:41:00.002Z","2026-09-05T09:41:10.015Z","True","150000","187501",,"187500","0","0","1",,,,"4300778",,"147058","249","13042","1.3300000000000001"
"150k-1s-r02","server","latency-server","2026-09-05T09:41:10.015Z","2026-09-05T09:41:20.003Z","True","150000","187501",,"187500","0","0","1",,,,"4316543",,"147361","257","12833","1.3600000000000001"
"150k-1s-r02","server","latency-server","2026-09-05T09:41:20.003Z","2026-09-05T09:41:30.003Z","True","150000","187501",,"187500","0","0","1",,,,"4367512",,"149158","252","11336","1.3899999999999999"
"150k-1s-r02","server","latency-server","2026-09-05T09:41:30.003Z","2026-09-05T09:41:40.015Z","True","150000","187501",,"187500","0","0","1",,,,"4531343",,"154794","248","11816","1.3899999999999999"
"150k-1s-r02","server","latency-server","2026-09-05T09:41:40.015Z","2026-09-05T09:41:50.003Z","True","150000","187501",,"187500","0","0","1",,,,"4346125",,"148537","245","12457","1.4099999999999999"
"150k-1s-r02","server","latency-server","2026-09-05T09:41:50.003Z","2026-09-05T09:42:00.012Z","True","150000","187501",,"187500","0","0","1",,,,"4309924",,"147126","251","25153","1.3400000000000001"
"150k-1s-r02","server","latency-server","2026-09-05T09:42:00.012Z","2026-09-05T09:42:10.014Z","True","150000","187501",,"187500","0","0","1",,,,"4558467",,"155612","255","22904","1.3400000000000001"
"150k-1s-r02","server","latency-server","2026-09-05T09:42:10.014Z","2026-09-05T09:42:20.004Z","True","150000","187501",,"187500","0","0","1",,,,"4263452",,"145763","253","24204","1.45"
"150k-1s-r02","server","latency-server","2026-09-05T09:42:20.004Z","2026-09-05T09:42:30.005Z","True","150000","187501",,"187500","0","0","1",,,,"4396079",,"150155","233","22915","1.3400000000000001"
"150k-1s-r02","server","latency-server","2026-09-05T09:42:30.005Z","2026-09-05T09:42:40.003Z","True","150000","187501",,"187500","0","0","1",,,,"4541843",,"154936","240","35752","1.3500000000000001"
"150k-1s-r02","server","latency-server","2026-09-05T09:42:40.003Z","2026-09-05T09:42:50.014Z","True","150000","187501",,"187500","0","0","1",,,,"4357587",,"148891","229","57837","1.3600000000000001"
"150k-1s-r02","server","latency-server","2026-09-05T09:42:50.014Z","2026-09-05T09:43:00.002Z","True","150000","187501",,"187500","0","0","1",,,,"4202653",,"143543","233","36495","1.3600000000000001"
"150k-1s-r02","server","latency-server","2026-09-05T09:43:00.002Z","2026-09-05T09:43:10.001Z","True","150000","187501",,"187500","0","0","1",,,,"4527814",,"154777","271","60091","1.45"
"150k-1s-r02","server","latency-server","2026-09-05T09:43:10.001Z","2026-09-05T09:43:20.001Z","True","150000","187501",,"187500","0","0","1",,,,"4266570",,"145609","241","21173","1.4099999999999999"
"150k-1s-r02","server","latency-server","2026-09-05T09:43:20.001Z","2026-09-05T09:43:30.021Z","True","150000","187501",,"187500","0","0","1",,,,"4299766",,"146826","264","12510","1.4099999999999999"
"150k-1s-r02","server","latency-server","2026-09-05T09:43:30.021Z","2026-09-05T09:43:40.014Z","True","150000","187501",,"187500","0","0","1",,,,"4492589",,"153503","245","25295","1.3700000000000001"
"150k-1s-r02","server","latency-server","2026-09-05T09:43:40.014Z","2026-09-05T09:43:50.003Z","True","150000","187501",,"187500","0","0","1",,,,"4389305",,"149908","241","20692","1.3700000000000001"
"150k-1s-r02","server","latency-server","2026-09-05T09:43:50.003Z","2026-09-05T09:44:00.006Z","True","150000","187501",,"187500","0","0","1",,,,"4564477",,"155876","238","20829","1.3500000000000001"
"150k-1s-r02","server","latency-server","2026-09-05T09:44:00.006Z","2026-09-05T09:44:10.000Z","True","150000","187501",,"187500","0","0","1",,,,"4367791",,"149235","234","13414","1.29"
"150k-1s-r02","server","latency-server","2026-09-05T09:44:10.000Z","2026-09-05T09:44:20.008Z","True","150000","187501",,"187500","0","0","1",,,,"4216637",,"143970","251","20443","1.3799999999999999"
"150k-1s-r02","server","latency-server","2026-09-05T09:44:20.008Z","2026-09-05T09:44:30.009Z","True","150000","187501",,"187500","0","0","1",,,,"4552476",,"155575","242","19052","1.4299999999999999"
"150k-1s-r02","server","latency-server","2026-09-05T09:44:30.009Z","2026-09-05T09:44:40.011Z","True","150000","187501",,"187500","0","0","1",,,,"4147911",,"141583","272","19030","1.4399999999999999"
"150k-1s-r02","server","latency-server","2026-09-05T09:44:40.011Z","2026-09-05T09:44:50.013Z","True","150000","187501",,"187500","0","0","1",,,,"4572676",,"156333","246","15720","1.4299999999999999"
"150k-1s-r02","server","latency-server","2026-09-05T09:44:50.013Z","2026-09-05T09:45:00.001Z","True","150000","187501",,"187500","0","0","1",,,,"4351252",,"148570","256","22170","1.3899999999999999"
"150k-1s-r02","server","latency-server","2026-09-05T09:45:00.001Z","2026-09-05T09:45:10.006Z","True","150000","187501",,"187500","0","0","1",,,,"4429671",,"151353","253","54030","1.4399999999999999"
"150k-1s-r02","server","latency-server","2026-09-05T09:45:10.006Z","2026-09-05T09:45:20.011Z","True","150000","187501",,"187500","0","0","1",,,,"4347036",,"148390","245","3201","1.3799999999999999"
"150k-1s-r02","server","latency-server","2026-09-05T09:45:20.011Z","2026-09-05T09:45:30.003Z","True","150000","187501",,"187500","0","0","1",,,,"4486893",,"153294","233","36306","1.3300000000000001"
"150k-1s-r02","server","latency-server","2026-09-05T09:45:30.003Z","2026-09-05T09:45:40.008Z","True","150000","187501",,"187500","0","0","1",,,,"4268560",,"145703","238","46355","1.4099999999999999"
"150k-1s-r02","server","latency-server","2026-09-05T09:45:40.008Z","2026-09-05T09:45:50.009Z","True","150000","187501",,"187500","0","0","1",,,,"4424925",,"151190","248","9266","1.3899999999999999"
"150k-1s-r02","server","latency-server","2026-09-05T09:45:50.009Z","2026-09-05T09:46:00.047Z","True","150000","187501",,"187500","0","0","1",,,,"4511000",,"154005","236","12620","1.3899999999999999"
"150k-1s-r02","server","latency-server","2026-09-05T09:46:00.047Z","2026-09-05T09:46:10.012Z","True","150000","187501",,"187500","0","0","1",,,,"4223520",,"144250","245","13214","1.3500000000000001"
"150k-1s-r02","server","latency-server","2026-09-05T09:46:10.012Z","2026-09-05T09:46:20.002Z","True","150000","187501",,"187500","0","0","1",,,,"4576809",,"156334","227","2007","1.4099999999999999"
"150k-1s-r02","server","latency-server","2026-09-05T09:46:20.002Z","2026-09-05T09:46:30.007Z","True","150000","187501",,"187500","0","0","1",,,,"4281950",,"146352","244","14977","1.3799999999999999"
"150k-1s-r02","server","latency-server","2026-09-05T09:46:30.007Z","2026-09-05T09:46:40.008Z","True","150000","187501",,"187500","0","0","1",,,,"4499794",,"153612","225","41789","1.3500000000000001"
"150k-1s-r02","server","latency-server","2026-09-05T09:46:40.008Z","2026-09-05T09:46:50.007Z","True","150000","187501",,"187500","0","0","1",,,,"4250038",,"145189","258","17544","1.3600000000000001"
"150k-1s-r02","server","latency-server","2026-09-05T09:46:50.007Z","2026-09-05T09:47:00.013Z","True","150000","187501",,"187500","0","0","1",,,,"4420291",,"151023","260","6953","1.4199999999999999"
"150k-1s-r02","server","latency-server","2026-09-05T09:47:00.013Z","2026-09-05T09:47:10.004Z","True","150000","187501",,"187500","0","0","1",,,,"4321852",,"147507","267","11733","1.3700000000000001"
"150k-1s-r02","server","latency-server","2026-09-05T09:47:10.004Z","2026-09-05T09:47:20.016Z","True","150000","187501",,"187500","0","0","1",,,,"4478620",,"153100","238","14562","1.3500000000000001"
"150k-1s-r02","server","latency-server","2026-09-05T09:47:20.016Z","2026-09-05T09:47:30.005Z","False","150000","187500",,"187500","0","0","5",,,,"4526832",,"154430","237","10070","1.3500000000000001"
"150k-1s-r03","client","latency-client","2026-09-05T10:12:10.014Z","2026-09-05T10:12:20.014Z","False","150000","187501",,"187500","0","0","4053000",,"143507","88247","156942","14244",,,"80040","2.23"
"150k-1s-r03","client","latency-client","2026-09-05T10:12:20.014Z","2026-09-05T10:12:30.011Z","False","150000","187501",,"187500","0","0","4247550",,"150187","8474","1",,,,"8212","0.97999999999999998"
"150k-1s-r03","client","latency-client","2026-09-05T10:12:30.011Z","2026-09-05T10:12:40.013Z","False","150000","187501",,"187500","0","0","4154683",,"146711","7735","1",,,,"7470","1.01"
"150k-1s-r03","client","latency-client","2026-09-05T10:12:40.013Z","2026-09-05T10:12:50.002Z","False","150000","187501",,"187500","0","0","4360794",,"152836","8017","1",,,,"7748","0.96999999999999997"
"150k-1s-r03","client","latency-client","2026-09-05T10:12:50.002Z","2026-09-05T10:13:00.003Z","False","150000","187501",,"187500","0","0","4298694",,"150700","8824","1",,,,"8575","1.02"
"150k-1s-r03","client","latency-client","2026-09-05T10:13:00.003Z","2026-09-05T10:13:10.010Z","False","150000","187501",,"187500","0","0","4186413",,"146767","9630","1",,,,"9352","1.0600000000000001"
"150k-1s-r03","client","latency-client","2026-09-05T10:13:10.010Z","2026-09-05T10:13:20.009Z","True","150000","187501",,"187500","0","0","4454587",,"152563","10733","1",,,,"10487","1.1899999999999999"
"150k-1s-r03","client","latency-client","2026-09-05T10:13:20.009Z","2026-09-05T10:13:30.013Z","True","150000","187501",,"187500","0","0","4357885",,"148809","10216","1",,,,"9975","1.2"
"150k-1s-r03","client","latency-client","2026-09-05T10:13:30.013Z","2026-09-05T10:13:40.012Z","True","150000","187501",,"187500","0","0","4464265",,"152522","10986","1",,,,"10744","1.1799999999999999"
"150k-1s-r03","client","latency-client","2026-09-05T10:13:40.012Z","2026-09-05T10:13:50.016Z","True","150000","187501",,"187500","0","0","4325843",,"147711","9696","1",,,,"9440","1.1899999999999999"
"150k-1s-r03","client","latency-client","2026-09-05T10:13:50.016Z","2026-09-05T10:14:00.008Z","True","150000","187501",,"187500","0","0","4456969",,"152267","9631","1",,,,"9373","1.23"
"150k-1s-r03","client","latency-client","2026-09-05T10:14:00.008Z","2026-09-05T10:14:10.009Z","True","150000","187501",,"187500","0","0","4265468",,"145657","11787","1",,,,"11548","1.1799999999999999"
"150k-1s-r03","client","latency-client","2026-09-05T10:14:10.009Z","2026-09-05T10:14:20.001Z","True","150000","187501",,"187500","0","0","4503443",,"153825","9439","1",,,,"9175","1.21"
"150k-1s-r03","client","latency-client","2026-09-05T10:14:20.001Z","2026-09-05T10:14:30.011Z","True","150000","187501",,"187500","0","0","4344883",,"148389","9498","1",,,,"9238","1.24"
"150k-1s-r03","client","latency-client","2026-09-05T10:14:30.011Z","2026-09-05T10:14:40.002Z","True","150000","187501",,"187500","0","0","4371590",,"149307","9839","1",,,,"9592","1.1599999999999999"
"150k-1s-r03","client","latency-client","2026-09-05T10:14:40.002Z","2026-09-05T10:14:50.014Z","True","150000","187501",,"187500","0","0","4446444",,"151888","8915","1",,,,"8670","1.2"
"150k-1s-r03","client","latency-client","2026-09-05T10:14:50.014Z","2026-09-05T10:15:00.004Z","True","150000","187501",,"187500","0","0","4422551",,"151062","9234","1",,,,"8976","1.1399999999999999"
"150k-1s-r03","client","latency-client","2026-09-05T10:15:00.004Z","2026-09-05T10:15:10.013Z","True","150000","187501",,"187500","0","0","4318102",,"147467","9972","1",,,,"9708","1.25"
"150k-1s-r03","client","latency-client","2026-09-05T10:15:10.013Z","2026-09-05T10:15:20.011Z","True","150000","187501",,"187500","0","0","4447061",,"151908","10198","1",,,,"9948","1.1599999999999999"
"150k-1s-r03","client","latency-client","2026-09-05T10:15:20.011Z","2026-09-05T10:15:30.006Z","True","150000","187501",,"187500","0","0","4444386",,"151815","10687","1",,,,"10461","1.1699999999999999"
"150k-1s-r03","client","latency-client","2026-09-05T10:15:30.006Z","2026-09-05T10:15:40.003Z","True","150000","187501",,"187500","0","0","4227089",,"144331","10645","1",,,,"10387","1.1799999999999999"
"150k-1s-r03","client","latency-client","2026-09-05T10:15:40.003Z","2026-09-05T10:15:50.007Z","True","150000","187501",,"187500","0","0","4441851",,"151734","13704","1",,,,"13455","1.1799999999999999"
"150k-1s-r03","client","latency-client","2026-09-05T10:15:50.007Z","2026-09-05T10:16:00.008Z","True","150000","187501",,"187500","0","0","4399124",,"150261","13483","1",,,,"13235","1.2"
"150k-1s-r03","client","latency-client","2026-09-05T10:16:00.008Z","2026-09-05T10:16:10.012Z","True","150000","187501",,"187500","0","0","4529158",,"154780","13631","1",,,,"13349","1.27"
"150k-1s-r03","client","latency-client","2026-09-05T10:16:10.012Z","2026-09-05T10:16:20.008Z","True","150000","187501",,"187500","0","0","4241016",,"144775","15197","1",,,,"14943","1.1399999999999999"
"150k-1s-r03","client","latency-client","2026-09-05T10:16:20.008Z","2026-09-05T10:16:30.004Z","True","150000","187501",,"187500","0","0","4410141",,"150640","17122","1",,,,"16880","1.1299999999999999"
"150k-1s-r03","client","latency-client","2026-09-05T10:16:30.004Z","2026-09-05T10:16:40.014Z","True","150000","187501",,"187500","0","0","4437604",,"151611","17087","1",,,,"16848","1.1499999999999999"
"150k-1s-r03","client","latency-client","2026-09-05T10:16:40.014Z","2026-09-05T10:16:50.001Z","True","150000","187501",,"187500","0","0","4363563",,"149012","15538","1",,,,"15295","1.23"
"150k-1s-r03","client","latency-client","2026-09-05T10:16:50.001Z","2026-09-05T10:17:00.004Z","True","150000","187501",,"187500","0","0","4334974",,"148052","15919","1",,,,"15661","1.1599999999999999"
"150k-1s-r03","client","latency-client","2026-09-05T10:17:00.004Z","2026-09-05T10:17:10.008Z","True","150000","187501",,"187500","0","0","4486699",,"153279","15482","1",,,,"15252","1.1599999999999999"
"150k-1s-r03","client","latency-client","2026-09-05T10:17:10.008Z","2026-09-05T10:17:20.014Z","True","150000","187501",,"187500","0","0","4396126",,"150159","15189","1",,,,"14961","1.0900000000000001"
"150k-1s-r03","client","latency-client","2026-09-05T10:17:20.014Z","2026-09-05T10:17:30.003Z","True","150000","187501",,"187500","0","0","4311374",,"147237","13139","1",,,,"12888","1.1200000000000001"
"150k-1s-r03","client","latency-client","2026-09-05T10:17:30.003Z","2026-09-05T10:17:40.015Z","True","150000","187501",,"187500","0","0","4476735",,"152959","15411","1",,,,"15176","1.1399999999999999"
"150k-1s-r03","client","latency-client","2026-09-05T10:17:40.015Z","2026-09-05T10:17:50.003Z","True","150000","187501",,"187500","0","0","4334241",,"148002","17012","1",,,,"16768","1.1699999999999999"
"150k-1s-r03","client","latency-client","2026-09-05T10:17:50.003Z","2026-09-05T10:18:00.003Z","True","150000","187501",,"187500","0","0","4413271",,"150746","16251","1",,,,"16027","1.1299999999999999"
"150k-1s-r03","client","latency-client","2026-09-05T10:18:00.003Z","2026-09-05T10:18:10.010Z","True","150000","187501",,"187500","0","0","4361426",,"148979","17470","1",,,,"17230","1.21"
"150k-1s-r03","client","latency-client","2026-09-05T10:18:10.010Z","2026-09-05T10:18:20.015Z","True","150000","187501",,"187500","0","0","4439118",,"151615","16096","1",,,,"15861","1.21"
"150k-1s-r03","client","latency-client","2026-09-05T10:18:20.015Z","2026-09-05T10:18:30.002Z","True","150000","187501",,"187500","0","0","4344459",,"148374","14808","1",,,,"14569","1.1299999999999999"
"150k-1s-r03","client","latency-client","2026-09-05T10:18:30.002Z","2026-09-05T10:18:40.003Z","True","150000","187501",,"187500","0","0","4416888",,"150867","17984","1",,,,"17739","1.25"
"150k-1s-r03","client","latency-client","2026-09-05T10:18:40.003Z","2026-09-05T10:18:50.014Z","True","150000","187501",,"187500","0","0","4350051",,"148568","18055","1",,,,"17815","1.25"
"150k-1s-r03","client","latency-client","2026-09-05T10:18:50.014Z","2026-09-05T10:19:00.015Z","True","150000","187501",,"187500","0","0","4462548",,"152442","16856","1",,,,"16617","1.1899999999999999"
"150k-1s-r03","client","latency-client","2026-09-05T10:19:00.015Z","2026-09-05T10:19:10.010Z","True","150000","187501",,"187500","0","0","4324169",,"147701","17023","1",,,,"16787","1.1899999999999999"
"150k-1s-r03","client","latency-client","2026-09-05T10:19:10.010Z","2026-09-05T10:19:20.015Z","True","150000","187501",,"187500","0","0","4412711",,"150706","15050","1",,,,"14800","1.22"
"150k-1s-r03","client","latency-client","2026-09-05T10:19:20.015Z","2026-09-05T10:19:30.012Z","True","150000","187501",,"187500","0","0","4310453",,"147194","16936","1",,,,"16694","1.1699999999999999"
"150k-1s-r03","client","latency-client","2026-09-05T10:19:30.012Z","2026-09-05T10:19:40.006Z","True","150000","187501",,"187500","0","0","4432004",,"151389","17358","1",,,,"17111","1.2"
"150k-1s-r03","client","latency-client","2026-09-05T10:19:40.006Z","2026-09-05T10:19:50.003Z","True","150000","187501",,"187500","0","0","4387399",,"149852","17285","1",,,,"17026","1.1899999999999999"
"150k-1s-r03","client","latency-client","2026-09-05T10:19:50.003Z","2026-09-05T10:20:00.002Z","True","150000","187501",,"187500","0","0","4500299",,"153742","17165","1",,,,"16930","1.1699999999999999"
"150k-1s-r03","client","latency-client","2026-09-05T10:20:00.002Z","2026-09-05T10:20:10.013Z","True","150000","187501",,"187500","0","0","4576744",,"156390","17925","1",,,,"17699","1.1200000000000001"
"150k-1s-r03","client","latency-client","2026-09-05T10:20:10.013Z","2026-09-05T10:20:20.010Z","True","150000","187501",,"187500","0","0","4311126",,"147303","22771","1",,,,"22557","1.0800000000000001"
"150k-1s-r03","client","latency-client","2026-09-05T10:20:20.010Z","2026-09-05T10:20:30.004Z","True","150000","187501",,"187500","0","0","4540423",,"154898","32241","1",,,,"32047","0.89000000000000001"
"150k-1s-r03","client","latency-client","2026-09-05T10:20:30.004Z","2026-09-05T10:20:40.010Z","True","150000","187501",,"187500","0","0","4092670",,"139829","14572","1",,,,"14373","0.90000000000000002"
"150k-1s-r03","client","latency-client","2026-09-05T10:20:40.010Z","2026-09-05T10:20:50.014Z","True","150000","187501",,"187500","0","0","4397952",,"150217","14061","1",,,,"13814","1.24"
"150k-1s-r03","client","latency-client","2026-09-05T10:20:50.014Z","2026-09-05T10:21:00.014Z","True","150000","187501",,"187500","0","0","4452231",,"152098","16714","1",,,,"16482","1.22"
"150k-1s-r03","client","latency-client","2026-09-05T10:21:00.014Z","2026-09-05T10:21:10.008Z","True","150000","187501",,"187500","0","0","4368223",,"149179","15876","1",,,,"15656","1.0600000000000001"
"150k-1s-r03","client","latency-client","2026-09-05T10:21:10.008Z","2026-09-05T10:21:20.013Z","True","150000","187501",,"187500","0","0","4294204",,"146643","17179","1",,,,"16941","1.1399999999999999"
"150k-1s-r03","client","latency-client","2026-09-05T10:21:20.013Z","2026-09-05T10:21:30.014Z","True","150000","187501",,"187500","0","0","4452966",,"152110","26105","1",,,,"25856","1.24"
"150k-1s-r03","client","latency-client","2026-09-05T10:21:30.014Z","2026-09-05T10:21:40.015Z","True","150000","187501",,"187500","0","0","4422615",,"151078","36016","1",,,,"35771","1.22"
"150k-1s-r03","client","latency-client","2026-09-05T10:21:40.015Z","2026-09-05T10:21:50.001Z","True","150000","187501",,"187500","0","0","4251816",,"145164","16740","1",,,,"16490","1.3100000000000001"
"150k-1s-r03","client","latency-client","2026-09-05T10:21:50.001Z","2026-09-05T10:22:00.016Z","True","150000","187501",,"187500","0","0","4587172",,"156762","15996","1",,,,"15769","1.2"
"150k-1s-r03","client","latency-client","2026-09-05T10:22:00.016Z","2026-09-05T10:22:10.007Z","True","150000","187501",,"187500","0","0","4269312",,"145760","16559","1",,,,"16307","1.1200000000000001"
"150k-1s-r03","client","latency-client","2026-09-05T10:22:10.007Z","2026-09-05T10:22:20.013Z","True","150000","187501",,"187500","0","0","4423487",,"151095","15195","1",,,,"14948","1.21"
"150k-1s-r03","client","latency-client","2026-09-05T10:22:20.013Z","2026-09-05T10:22:30.005Z","True","150000","187501",,"187500","0","0","4377591",,"149533","14435","1",,,,"14209","1.0600000000000001"
"150k-1s-r03","client","latency-client","2026-09-05T10:22:30.005Z","2026-09-05T10:22:40.005Z","True","150000","187501",,"187500","0","0","4390065",,"149926","16172","1",,,,"15929","1.1799999999999999"
"150k-1s-r03","client","latency-client","2026-09-05T10:22:40.005Z","2026-09-05T10:22:50.003Z","True","150000","187501",,"187500","0","0","4359716",,"148899","16373","1",,,,"16140","1.1100000000000001"
"150k-1s-r03","client","latency-client","2026-09-05T10:22:50.003Z","2026-09-05T10:23:00.005Z","True","150000","187501",,"187500","0","0","4462102",,"152426","16759","1",,,,"16515","1.1899999999999999"
"150k-1s-r03","client","latency-client","2026-09-05T10:23:00.005Z","2026-09-05T10:23:10.015Z","False","150000","187500",,"187500","0","0","3782098",,"129131","27380","5",,,,"27123","1.49"
"150k-1s-r03","server","latency-server","2026-09-05T10:12:00.006Z","2026-09-05T10:12:10.006Z","False","150000","187501",,"187500","0","0","170544","15479",,,"968763",,"34480","261","76985","1.8899999999999999"
"150k-1s-r03","server","latency-server","2026-09-05T10:12:10.006Z","2026-09-05T10:12:20.012Z","False","150000","187501",,"187500","0","0","1",,,,"4161771",,"147127","263","77765","1.45"
"150k-1s-r03","server","latency-server","2026-09-05T10:12:20.012Z","2026-09-05T10:12:30.011Z","False","150000","187501",,"187500","0","0","1",,,,"4266016",,"150883","262","12255","1.4399999999999999"
"150k-1s-r03","server","latency-server","2026-09-05T10:12:30.011Z","2026-09-05T10:12:40.013Z","False","150000","187501",,"187500","0","0","1",,,,"4133825",,"145929","277","11098","1.3899999999999999"
"150k-1s-r03","server","latency-server","2026-09-05T10:12:40.013Z","2026-09-05T10:12:50.002Z","False","150000","187501",,"187500","0","0","1",,,,"4361611",,"152882","260","9190","1.3899999999999999"
"150k-1s-r03","server","latency-server","2026-09-05T10:12:50.002Z","2026-09-05T10:13:00.003Z","False","150000","187501",,"187500","0","0","1",,,,"4307516",,"151019","247","12370","1.3400000000000001"
"150k-1s-r03","server","latency-server","2026-09-05T10:13:00.003Z","2026-09-05T10:13:10.010Z","False","150000","187501",,"187500","0","0","1",,,,"4195203",,"147035","277","13461","1.5"
"150k-1s-r03","server","latency-server","2026-09-05T10:13:10.010Z","2026-09-05T10:13:20.009Z","True","150000","187501",,"187500","0","0","1",,,,"4439355",,"152047","245","14681","1.4399999999999999"
"150k-1s-r03","server","latency-server","2026-09-05T10:13:20.009Z","2026-09-05T10:13:30.030Z","True","150000","187501",,"187500","0","0","1",,,,"4347308",,"148456","250","13376","1.4299999999999999"
"150k-1s-r03","server","latency-server","2026-09-05T10:13:30.030Z","2026-09-05T10:13:40.012Z","True","150000","187501",,"187500","0","0","1",,,,"4487897",,"153312","233","14983","1.3899999999999999"
"150k-1s-r03","server","latency-server","2026-09-05T10:13:40.012Z","2026-09-05T10:13:50.017Z","True","150000","187501",,"187500","0","0","1",,,,"4309419",,"147167","259","13030","1.3100000000000001"
"150k-1s-r03","server","latency-server","2026-09-05T10:13:50.017Z","2026-09-05T10:14:00.008Z","True","150000","187501",,"187500","0","0","1",,,,"4494280",,"153533","255","7878","1.4099999999999999"
"150k-1s-r03","server","latency-server","2026-09-05T10:14:00.008Z","2026-09-05T10:14:10.009Z","True","150000","187501",,"187500","0","0","1",,,,"4241454",,"144828","239","12974","1.4399999999999999"
"150k-1s-r03","server","latency-server","2026-09-05T10:14:10.009Z","2026-09-05T10:14:20.001Z","True","150000","187501",,"187500","0","0","1",,,,"4493830",,"153529","265","14654","1.3700000000000001"
"150k-1s-r03","server","latency-server","2026-09-05T10:14:20.001Z","2026-09-05T10:14:30.023Z","True","150000","187501",,"187500","0","0","1",,,,"4336477",,"148088","267","10982","1.3500000000000001"
"150k-1s-r03","server","latency-server","2026-09-05T10:14:30.023Z","2026-09-05T10:14:40.002Z","True","150000","187501",,"187500","0","0","1",,,,"4381670",,"149675","240","5731","1.3700000000000001"
"150k-1s-r03","server","latency-server","2026-09-05T10:14:40.002Z","2026-09-05T10:14:50.014Z","True","150000","187501",,"187500","0","0","1",,,,"4477644",,"152941","244","12148","1.3999999999999999"
"150k-1s-r03","server","latency-server","2026-09-05T10:14:50.014Z","2026-09-05T10:15:00.004Z","True","150000","187501",,"187500","0","0","1",,,,"4396101",,"150152","258","13174","1.3100000000000001"
"150k-1s-r03","server","latency-server","2026-09-05T10:15:00.004Z","2026-09-05T10:15:10.013Z","True","150000","187501",,"187500","0","0","1",,,,"4333304",,"148013","264","13889","1.3400000000000001"
"150k-1s-r03","server","latency-server","2026-09-05T10:15:10.013Z","2026-09-05T10:15:20.017Z","True","150000","187501",,"187500","0","0","1",,,,"4451593",,"152040","250","11994","1.3799999999999999"
"150k-1s-r03","server","latency-server","2026-09-05T10:15:20.017Z","2026-09-05T10:15:30.041Z","True","150000","187501",,"187500","0","0","1",,,,"4435542",,"151575","226","9285","1.3700000000000001"
"150k-1s-r03","server","latency-server","2026-09-05T10:15:30.041Z","2026-09-05T10:15:40.003Z","True","150000","187501",,"187500","0","0","1",,,,"4215383",,"143862","258","15238","1.3600000000000001"
"150k-1s-r03","server","latency-server","2026-09-05T10:15:40.003Z","2026-09-05T10:15:50.007Z","True","150000","187501",,"187500","0","0","1",,,,"4450665",,"152057","249","23786","1.4199999999999999"
"150k-1s-r03","server","latency-server","2026-09-05T10:15:50.007Z","2026-09-05T10:16:00.015Z","True","150000","187501",,"187500","0","0","1",,,,"4376830",,"149496","248","25109","1.3700000000000001"
"150k-1s-r03","server","latency-server","2026-09-05T10:16:00.015Z","2026-09-05T10:16:10.012Z","True","150000","187501",,"187500","0","0","1",,,,"4570828",,"156245","282","18476","1.4299999999999999"
"150k-1s-r03","server","latency-server","2026-09-05T10:16:10.012Z","2026-09-05T10:16:20.008Z","True","150000","187501",,"187500","0","0","1",,,,"4223358",,"144127","255","11902","1.3700000000000001"
"150k-1s-r03","server","latency-server","2026-09-05T10:16:20.008Z","2026-09-05T10:16:30.004Z","True","150000","187501",,"187500","0","0","1",,,,"4431780",,"151377","242","19186","1.3700000000000001"
"150k-1s-r03","server","latency-server","2026-09-05T10:16:30.004Z","2026-09-05T10:16:40.014Z","True","150000","187501",,"187500","0","0","1",,,,"4441591",,"151732","239","15638","1.3799999999999999"
"150k-1s-r03","server","latency-server","2026-09-05T10:16:40.014Z","2026-09-05T10:16:50.006Z","True","150000","187501",,"187500","0","0","1",,,,"4314891",,"147371","243","16642","1.3500000000000001"
"150k-1s-r03","server","latency-server","2026-09-05T10:16:50.006Z","2026-09-05T10:17:00.004Z","True","150000","187501",,"187500","0","0","1",,,,"4351561",,"148601","258","20618","1.3300000000000001"
"150k-1s-r03","server","latency-server","2026-09-05T10:17:00.004Z","2026-09-05T10:17:10.008Z","True","150000","187501",,"187500","0","0","1",,,,"4483505",,"153195","230","22213","1.3500000000000001"
"150k-1s-r03","server","latency-server","2026-09-05T10:17:10.008Z","2026-09-05T10:17:20.014Z","True","150000","187501",,"187500","0","0","1",,,,"4428149",,"151249","228","20785","1.29"
"150k-1s-r03","server","latency-server","2026-09-05T10:17:20.014Z","2026-09-05T10:17:30.003Z","True","150000","187501",,"187500","0","0","1",,,,"4277695",,"146066","251","21527","1.3700000000000001"
"150k-1s-r03","server","latency-server","2026-09-05T10:17:30.003Z","2026-09-05T10:17:40.015Z","True","150000","187501",,"187500","0","0","1",,,,"4491917",,"153462","236","24072","1.3999999999999999"
"150k-1s-r03","server","latency-server","2026-09-05T10:17:40.015Z","2026-09-05T10:17:50.003Z","True","150000","187501",,"187500","0","0","1",,,,"4347889",,"148517","243","19429","1.3600000000000001"
"150k-1s-r03","server","latency-server","2026-09-05T10:17:50.003Z","2026-09-05T10:18:00.003Z","True","150000","187501",,"187500","0","0","1",,,,"4412474",,"150718","225","14952","1.3500000000000001"
"150k-1s-r03","server","latency-server","2026-09-05T10:18:00.003Z","2026-09-05T10:18:10.010Z","True","150000","187501",,"187500","0","0","1",,,,"4357396",,"148810","240","15852","1.3600000000000001"
"150k-1s-r03","server","latency-server","2026-09-05T10:18:10.010Z","2026-09-05T10:18:20.015Z","True","150000","187501",,"187500","0","0","1",,,,"4422328",,"151057","235","20860","1.3400000000000001"
"150k-1s-r03","server","latency-server","2026-09-05T10:18:20.015Z","2026-09-05T10:18:30.002Z","True","150000","187501",,"187500","0","0","1",,,,"4334028",,"148007","238","22886","1.3600000000000001"
"150k-1s-r03","server","latency-server","2026-09-05T10:18:30.002Z","2026-09-05T10:18:40.003Z","True","150000","187501",,"187500","0","0","1",,,,"4453741",,"152129","245","21201","1.4199999999999999"
"150k-1s-r03","server","latency-server","2026-09-05T10:18:40.003Z","2026-09-05T10:18:50.033Z","True","150000","187501",,"187500","0","0","1",,,,"4333015",,"147981","240","23137","1.3700000000000001"
"150k-1s-r03","server","latency-server","2026-09-05T10:18:50.033Z","2026-09-05T10:19:00.015Z","True","150000","187501",,"187500","0","0","1",,,,"4477472",,"152964","239","19877","1.3999999999999999"
"150k-1s-r03","server","latency-server","2026-09-05T10:19:00.015Z","2026-09-05T10:19:10.010Z","True","150000","187501",,"187500","0","0","1",,,,"4340192",,"148224","236","17337","1.3700000000000001"
"150k-1s-r03","server","latency-server","2026-09-05T10:19:10.010Z","2026-09-05T10:19:20.015Z","True","150000","187501",,"187500","0","0","1",,,,"4396685",,"150164","249","16736","1.4199999999999999"
"150k-1s-r03","server","latency-server","2026-09-05T10:19:20.015Z","2026-09-05T10:19:30.012Z","True","150000","187501",,"187500","0","0","1",,,,"4291243",,"146549","243","19236","1.3200000000000001"
"150k-1s-r03","server","latency-server","2026-09-05T10:19:30.012Z","2026-09-05T10:19:40.004Z","True","150000","187501",,"187500","1","0","1",,,,"4471364",,"152735","246","17035","1.4299999999999999"
"150k-1s-r03","server","latency-server","2026-09-05T10:19:40.004Z","2026-09-05T10:19:50.003Z","True","150000","187501",,"187500","0","0","1",,,,"4333641",,"148001","260","22845","1.3899999999999999"
"150k-1s-r03","server","latency-server","2026-09-05T10:19:50.003Z","2026-09-05T10:20:00.002Z","True","150000","187501",,"187500","0","0","1",,,,"4543574",,"155255","236","24175","1.3500000000000001"
"150k-1s-r03","server","latency-server","2026-09-05T10:20:00.002Z","2026-09-05T10:20:10.013Z","True","150000","187501",,"187500","0","0","1",,,,"4564851",,"155873","226","24615","1.27"
"150k-1s-r03","server","latency-server","2026-09-05T10:20:10.013Z","2026-09-05T10:20:20.010Z","True","150000","187501",,"187500","0","0","1",,,,"4299813",,"147041","214","29564","1.1599999999999999"
"150k-1s-r03","server","latency-server","2026-09-05T10:20:20.010Z","2026-09-05T10:20:30.004Z","True","150000","187501",,"187500","0","0","1",,,,"4513141",,"153916","194","35361","1"
"150k-1s-r03","server","latency-server","2026-09-05T10:20:30.004Z","2026-09-05T10:20:40.010Z","True","150000","187501",,"187500","0","0","1",,,,"4095875",,"139966","199","14171","1.0600000000000001"
"150k-1s-r03","server","latency-server","2026-09-05T10:20:40.010Z","2026-09-05T10:20:50.014Z","True","150000","187501",,"187500","0","0","1",,,,"4412363",,"150707","248","15441","1.3500000000000001"
"150k-1s-r03","server","latency-server","2026-09-05T10:20:50.014Z","2026-09-05T10:21:00.013Z","True","150000","187501",,"187500","0","0","1",,,,"4499526",,"153781","232","17049","1.3799999999999999"
"150k-1s-r03","server","latency-server","2026-09-05T10:21:00.013Z","2026-09-05T10:21:10.008Z","True","150000","187501",,"187500","0","0","1",,,,"4340963",,"148199","221","19125","1.3500000000000001"
"150k-1s-r03","server","latency-server","2026-09-05T10:21:10.008Z","2026-09-05T10:21:20.013Z","True","150000","187501",,"187500","0","0","1",,,,"4274171",,"145921","238","20620","1.3400000000000001"
"150k-1s-r03","server","latency-server","2026-09-05T10:21:20.013Z","2026-09-05T10:21:30.014Z","True","150000","187501",,"187500","0","0","1",,,,"4481818",,"153119","249","33740","1.3600000000000001"
"150k-1s-r03","server","latency-server","2026-09-05T10:21:30.014Z","2026-09-05T10:21:40.015Z","True","150000","187501",,"187500","0","0","1",,,,"4401771",,"150347","245","52016","1.4399999999999999"
"150k-1s-r03","server","latency-server","2026-09-05T10:21:40.015Z","2026-09-05T10:21:50.001Z","True","150000","187501",,"187500","0","0","1",,,,"4234176",,"144579","250","25072","1.3200000000000001"
"150k-1s-r03","server","latency-server","2026-09-05T10:21:50.001Z","2026-09-05T10:22:00.015Z","True","150000","187501",,"187500","0","0","1",,,,"4626397",,"158172","226","22355","1.3300000000000001"
"150k-1s-r03","server","latency-server","2026-09-05T10:22:00.015Z","2026-09-05T10:22:10.019Z","True","150000","187501",,"187500","0","0","1",,,,"4234158",,"144483","253","13497","1.3500000000000001"
"150k-1s-r03","server","latency-server","2026-09-05T10:22:10.019Z","2026-09-05T10:22:20.013Z","True","150000","187501",,"187500","0","0","1",,,,"4425151",,"151139","246","15933","1.3300000000000001"
"150k-1s-r03","server","latency-server","2026-09-05T10:22:20.013Z","2026-09-05T10:22:30.005Z","True","150000","187501",,"187500","0","0","1",,,,"4418455",,"150939","226","19893","1.3300000000000001"
"150k-1s-r03","server","latency-server","2026-09-05T10:22:30.005Z","2026-09-05T10:22:40.016Z","True","150000","187501",,"187500","0","0","1",,,,"4330845",,"147911","243","20023","1.3899999999999999"
"150k-1s-r03","server","latency-server","2026-09-05T10:22:40.016Z","2026-09-05T10:22:50.021Z","True","150000","187501",,"187500","0","0","1",,,,"4367878",,"149175","232","20110","1.29"
"150k-1s-r03","server","latency-server","2026-09-05T10:22:50.021Z","2026-09-05T10:23:00.005Z","True","150000","187501",,"187500","0","0","1",,,,"4487802",,"153293","244","18104","1.3200000000000001"
"150k-1s-r03","server","latency-server","2026-09-05T10:23:00.005Z","2026-09-05T10:23:10.015Z","False","150000","187500",,"187500","0","0","5",,,,"3753280",,"128133","257","14203","1.1899999999999999"
