"profile","process","endpoint","interval_start_utc","interval_end_utc","in_measurement","nominal_events_per_second","subscription","sticky","storage","buffer","dropped","read_bps","read_subscription_rps","read_data_rps","read_data_lag_us","write_bps","write_subscription_rps","write_data_rps","write_data_lag_us","rtt_us","cpu_percent"
"150k-100ms-r01","client","latency-client","2026-09-04T15:45:50.013Z","2026-09-04T15:46:00.013Z","False","150000","15001",,"0","0","0","3748717",,"148871","5188","11753","1459",,,"5065","2.0899999999999999"
"150k-100ms-r01","client","latency-client","2026-09-04T15:46:00.013Z","2026-09-04T15:46:10.002Z","False","150000","15001",,"0","0","0","3858498",,"150175","3668","1",,,,"3595","0.63"
"150k-100ms-r01","client","latency-client","2026-09-04T15:46:10.002Z","2026-09-04T15:46:20.005Z","False","150000","15001",,"0","0","0","3853054",,"149965","3589","1",,,,"3517","0.56999999999999995"
"150k-100ms-r01","client","latency-client","2026-09-04T15:46:20.005Z","2026-09-04T15:46:30.015Z","False","150000","15001",,"0","0","0","3851960",,"149926","3512","1",,,,"3441","0.58999999999999997"
"150k-100ms-r01","client","latency-client","2026-09-04T15:46:30.015Z","2026-09-04T15:46:40.009Z","False","150000","15001",,"0","0","0","3854914",,"150033","3556","1",,,,"3485","0.58999999999999997"
"150k-100ms-r01","client","latency-client","2026-09-04T15:46:40.009Z","2026-09-04T15:46:50.006Z","False","150000","15001",,"0","0","0","3855361",,"150055","3663","1",,,,"3592","0.57999999999999996"
"150k-100ms-r01","client","latency-client","2026-09-04T15:46:50.006Z","2026-09-04T15:47:00.015Z","True","150000","15001",,"0","0","0","3850748",,"149883","4214","1",,,,"4143","0.82999999999999996"
"150k-100ms-r01","client","latency-client","2026-09-04T15:47:00.015Z","2026-09-04T15:47:10.005Z","True","150000","15001",,"0","0","0","3858058",,"150151","4080","1",,,,"4009","0.66000000000000003"
"150k-100ms-r01","client","latency-client","2026-09-04T15:47:10.005Z","2026-09-04T15:47:20.011Z","True","150000","15001",,"0","0","0","3851897",,"149920","4171","1",,,,"4100","0.79000000000000004"
"150k-100ms-r01","client","latency-client","2026-09-04T15:47:20.011Z","2026-09-04T15:47:30.003Z","True","150000","15001",,"0","0","0","3857291",,"150130","3962","1",,,,"3891","0.68000000000000005"
"150k-100ms-r01","client","latency-client","2026-09-04T15:47:30.003Z","2026-09-04T15:47:40.009Z","True","150000","15001",,"0","0","0","3851894",,"149920","4042","1",,,,"3971","0.69999999999999996"
"150k-100ms-r01","client","latency-client","2026-09-04T15:47:40.009Z","2026-09-04T15:47:50.012Z","True","150000","15001",,"0","0","0","3853053",,"149965","4255","1",,,,"4184","0.76000000000000001"
"150k-100ms-r01","client","latency-client","2026-09-04T15:47:50.012Z","2026-09-04T15:48:00.007Z","True","150000","15001",,"0","0","0","3856520",,"150100","4064","1",,,,"3993","0.70999999999999996"
"150k-100ms-r01","client","latency-client","2026-09-04T15:48:00.007Z","2026-09-04T15:48:10.009Z","True","150000","15001",,"0","0","0","3853051",,"149965","4085","1",,,,"4014","0.75"
"150k-100ms-r01","client","latency-client","2026-09-04T15:48:10.009Z","2026-09-04T15:48:20.015Z","True","150000","15001",,"0","0","0","3851910",,"149948","4049","1",,,,"3978","0.73999999999999999"
"150k-100ms-r01","client","latency-client","2026-09-04T15:48:20.015Z","2026-09-04T15:48:30.002Z","True","150000","15001",,"0","0","0","3859336",,"150176","4065","1",,,,"3994","0.75"
"150k-100ms-r01","client","latency-client","2026-09-04T15:48:30.002Z","2026-09-04T15:48:40.014Z","True","150000","15001",,"0","0","0","3849708",,"149830","4055","1",,,,"3984","0.70999999999999996"
"150k-100ms-r01","client","latency-client","2026-09-04T15:48:40.014Z","2026-09-04T15:48:50.007Z","True","150000","15001",,"0","0","0","3857025",,"150115","4008","1",,,,"3938","0.71999999999999997"
"150k-100ms-r01","client","latency-client","2026-09-04T15:48:50.007Z","2026-09-04T15:49:00.004Z","True","150000","15001",,"0","0","0","3855485",,"150055","4196","1",,,,"4123","0.81000000000000005"
"150k-100ms-r01","client","latency-client","2026-09-04T15:49:00.004Z","2026-09-04T15:49:10.006Z","True","150000","15001",,"0","0","0","3853556",,"149980","4118","1",,,,"4047","0.76000000000000001"
"150k-100ms-r01","client","latency-client","2026-09-04T15:49:10.006Z","2026-09-04T15:49:20.005Z","True","150000","15001",,"0","0","0","3854712",,"150025","4118","1",,,,"4047","0.77000000000000002"
"150k-100ms-r01","client","latency-client","2026-09-04T15:49:20.005Z","2026-09-04T15:49:30.017Z","True","150000","15001",,"0","0","0","3849706",,"149830","4057","1",,,,"3985","0.76000000000000001"
"150k-100ms-r01","client","latency-client","2026-09-04T15:49:30.017Z","2026-09-04T15:49:40.002Z","True","150000","15001",,"0","0","0","3860503",,"150250","4108","1",,,,"4035","0.73999999999999999"
"150k-100ms-r01","client","latency-client","2026-09-04T15:49:40.002Z","2026-09-04T15:49:50.011Z","True","150000","15001",,"0","0","0","3850475",,"149860","4172","1",,,,"4101","0.78000000000000003"
"150k-100ms-r01","client","latency-client","2026-09-04T15:49:50.011Z","2026-09-04T15:50:00.009Z","True","150000","15001",,"0","0","0","3855096",,"150040","4230","1",,,,"4159","0.73999999999999999"
"150k-100ms-r01","client","latency-client","2026-09-04T15:50:00.009Z","2026-09-04T15:50:10.003Z","True","150000","15001",,"0","0","0","3856642",,"150100","4129","1",,,,"4057","0.83999999999999997"
"150k-100ms-r01","client","latency-client","2026-09-04T15:50:10.003Z","2026-09-04T15:50:20.008Z","True","150000","15001",,"0","0","0","3852399",,"149935","4107","1",,,,"4036","0.81000000000000005"
"150k-100ms-r01","client","latency-client","2026-09-04T15:50:20.008Z","2026-09-04T15:50:30.005Z","True","150000","15001",,"0","0","0","3855482",,"150055","4128","1",,,,"4057","0.68999999999999995"
"150k-100ms-r01","client","latency-client","2026-09-04T15:50:30.005Z","2026-09-04T15:50:40.012Z","True","150000","15001",,"0","0","0","3851634",,"149905","4179","1",,,,"4107","0.70999999999999996"
"150k-100ms-r01","client","latency-client","2026-09-04T15:50:40.012Z","2026-09-04T15:50:50.012Z","True","150000","15001",,"0","0","0","3854327",,"150010","4343","1",,,,"4271","0.80000000000000004"
"150k-100ms-r01","client","latency-client","2026-09-04T15:50:50.012Z","2026-09-04T15:51:00.010Z","True","150000","15001",,"0","0","0","3855097",,"150040","4143","1",,,,"4072","0.76000000000000001"
"150k-100ms-r01","client","latency-client","2026-09-04T15:51:00.010Z","2026-09-04T15:51:10.004Z","True","150000","15001",,"0","0","0","3856641",,"150100","4327","1",,,,"4255","0.72999999999999998"
"150k-100ms-r01","client","latency-client","2026-09-04T15:51:10.004Z","2026-09-04T15:51:20.009Z","True","150000","15001",,"0","0","0","3852400",,"149935","4064","1",,,,"3992","0.71999999999999997"
"150k-100ms-r01","client","latency-client","2026-09-04T15:51:20.009Z","2026-09-04T15:51:30.010Z","True","150000","15001",,"0","0","0","3853940",,"149995","4036","1",,,,"3965","0.81000000000000005"
"150k-100ms-r01","client","latency-client","2026-09-04T15:51:30.010Z","2026-09-04T15:51:40.004Z","True","150000","15001",,"0","0","0","3856640",,"150100","4180","1",,,,"4109","0.73999999999999999"
"150k-100ms-r01","client","latency-client","2026-09-04T15:51:40.004Z","2026-09-04T15:51:50.014Z","True","150000","15001",,"0","0","0","3850477",,"149860","4095","1",,,,"4024","0.82999999999999996"
"150k-100ms-r01","client","latency-client","2026-09-04T15:51:50.014Z","2026-09-04T15:52:00.005Z","True","150000","15001",,"0","0","0","3857797",,"150145","4150","1",,,,"4079","0.76000000000000001"
"150k-100ms-r01","client","latency-client","2026-09-04T15:52:00.005Z","2026-09-04T15:52:10.002Z","True","150000","15001",,"0","0","0","3855483",,"150055","4074","1",,,,"4003","0.75"
"150k-100ms-r01","client","latency-client","2026-09-04T15:52:10.002Z","2026-09-04T15:52:20.007Z","True","150000","15001",,"0","0","0","3852401",,"149935","4217","1",,,,"4146","0.72999999999999998"
"150k-100ms-r01","client","latency-client","2026-09-04T15:52:20.007Z","2026-09-04T15:52:30.014Z","True","150000","15001",,"0","0","0","3851627",,"149905","3950","1",,,,"3879","0.76000000000000001"
"150k-100ms-r01","client","latency-client","2026-09-04T15:52:30.014Z","2026-09-04T15:52:40.009Z","True","150000","15001",,"0","0","0","3859758",,"150085","4116","1",,,,"4045","0.78000000000000003"
"150k-100ms-r01","client","latency-client","2026-09-04T15:52:40.009Z","2026-09-04T15:52:50.010Z","True","150000","15001",,"0","0","0","3903977",,"149995","3937","1",,,,"3866","0.87"
"150k-100ms-r01","client","latency-client","2026-09-04T15:52:50.010Z","2026-09-04T15:53:00.015Z","True","150000","15001",,"0","320","0","3906430",,"150108","3803","1",,,,"3733","0.66000000000000003"
"150k-100ms-r01","client","latency-client","2026-09-04T15:53:00.015Z","2026-09-04T15:53:10.012Z","True","150000","15001",,"0","0","0","3901525",,"149881","4646","1",,,,"4557","0.90000000000000002"
"150k-100ms-r01","client","latency-client","2026-09-04T15:53:10.012Z","2026-09-04T15:53:20.015Z","True","150000","15001",,"0","0","0","3903212",,"149965","5297","1",,,,"5190","1.1899999999999999"
"150k-100ms-r01","client","latency-client","2026-09-04T15:53:20.015Z","2026-09-04T15:53:30.015Z","True","150000","15001",,"0","0","0","3904383",,"150010","5026","1",,,,"4923","1.1200000000000001"
"150k-100ms-r01","client","latency-client","2026-09-04T15:53:30.015Z","2026-09-04T15:53:40.028Z","True","150000","15001",,"0","0","0","3900099",,"149847","5080","1",,,,"4973","1.0900000000000001"
"150k-100ms-r01","client","latency-client","2026-09-04T15:53:40.028Z","2026-09-04T15:53:50.000Z","True","150000","15001",,"0","0","0","3914554",,"150398","5440","1",,,,"5331","1.0800000000000001"
"150k-100ms-r01","client","latency-client","2026-09-04T15:53:50.000Z","2026-09-04T15:54:00.008Z","True","150000","15001",,"0","0","0","3901261",,"149890","4987","1",,,,"4879","1.0700000000000001"
"150k-100ms-r01","client","latency-client","2026-09-04T15:54:00.008Z","2026-09-04T15:54:10.014Z","True","150000","15001",,"0","0","0","3902042",,"149920","4830","1",,,,"4721","1.0800000000000001"
"150k-100ms-r01","client","latency-client","2026-09-04T15:54:10.014Z","2026-09-04T15:54:20.015Z","True","150000","15001",,"0","0","0","3903993",,"149995","5313","1",,,,"5205","1.1499999999999999"
"150k-100ms-r01","client","latency-client","2026-09-04T15:54:20.015Z","2026-09-04T15:54:30.003Z","True","150000","15001",,"0","0","0","3909073",,"150190","4842","1",,,,"4731","1.05"
"150k-100ms-r01","client","latency-client","2026-09-04T15:54:30.003Z","2026-09-04T15:54:40.010Z","True","150000","15001",,"0","0","0","3901652",,"149905","4962","1",,,,"4857","1.0900000000000001"
"150k-100ms-r01","client","latency-client","2026-09-04T15:54:40.010Z","2026-09-04T15:54:50.005Z","True","150000","15001",,"0","0","0","3906336",,"150085","5317","1",,,,"5206","1.0600000000000001"
"150k-100ms-r01","client","latency-client","2026-09-04T15:54:50.005Z","2026-09-04T15:55:00.013Z","True","150000","15001",,"0","0","0","3901262",,"149890","5196","1",,,,"5087","1.21"
"150k-100ms-r01","client","latency-client","2026-09-04T15:55:00.013Z","2026-09-04T15:55:10.009Z","True","150000","15001",,"0","0","0","3905945",,"150070","5182","1",,,,"5074","1.1000000000000001"
"150k-100ms-r01","client","latency-client","2026-09-04T15:55:10.009Z","2026-09-04T15:55:20.001Z","True","150000","15001",,"0","0","0","3907509",,"150130","5173","1",,,,"5064","1.1899999999999999"
"150k-100ms-r01","client","latency-client","2026-09-04T15:55:20.001Z","2026-09-04T15:55:30.009Z","True","150000","15001",,"0","0","0","3901261",,"149890","5155","1",,,,"5043","1.1499999999999999"
"150k-100ms-r01","client","latency-client","2026-09-04T15:55:30.009Z","2026-09-04T15:55:40.004Z","True","150000","15001",,"0","0","0","3906335",,"150085","5271","1",,,,"5162","1.1200000000000001"
"150k-100ms-r01","client","latency-client","2026-09-04T15:55:40.004Z","2026-09-04T15:55:50.007Z","True","150000","15001",,"0","0","0","3903211",,"149965","5386","1",,,,"5278","1.2"
"150k-100ms-r01","client","latency-client","2026-09-04T15:55:50.007Z","2026-09-04T15:56:00.003Z","True","150000","15001",,"0","0","0","3905945",,"150070","5335","1",,,,"5229","1.1100000000000001"
"150k-100ms-r01","client","latency-client","2026-09-04T15:56:00.003Z","2026-09-04T15:56:10.006Z","True","150000","15001",,"0","0","0","3903212",,"149965","5150","1",,,,"5041","1.1100000000000001"
"150k-100ms-r01","client","latency-client","2026-09-04T15:56:10.006Z","2026-09-04T15:56:20.013Z","True","150000","15001",,"0","0","0","3901651",,"149905","5050","1",,,,"4941","1.1599999999999999"
"150k-100ms-r01","client","latency-client","2026-09-04T15:56:20.013Z","2026-09-04T15:56:30.008Z","True","150000","15001",,"0","0","0","3906336",,"150085","5336","1",,,,"5231","1.1499999999999999"
"150k-100ms-r01","client","latency-client","2026-09-04T15:56:30.008Z","2026-09-04T15:56:40.007Z","True","150000","15001",,"0","0","0","3904772",,"150025","5059","1",,,,"4948","1.0600000000000001"
"150k-100ms-r01","client","latency-client","2026-09-04T15:56:40.007Z","2026-09-04T15:56:50.011Z","True","150000","15001",,"0","0","0","3902821",,"149950","5319","1",,,,"5212","1.1100000000000001"
"150k-100ms-r01","server","latency-server","2026-09-04T15:45:40.017Z","2026-09-04T15:45:50.017Z","False","150000","15001",,"0","0","0","14468","1796",,,"88838",,"3593","73","3356","1.8999999999999999"
"150k-100ms-r01","server","latency-server","2026-09-04T15:45:50.017Z","2026-09-04T15:46:00.013Z","False","150000","15001",,"0","14667","0","1",,,,"3780705",,"150088","73","5104","1.22"
"150k-100ms-r01","server","latency-server","2026-09-04T15:46:00.013Z","2026-09-04T15:46:10.002Z","False","150000","15001",,"0","0","0","1",,,,"3857696",,"150141","73","5538","1.1599999999999999"
"150k-100ms-r01","server","latency-server","2026-09-04T15:46:10.002Z","2026-09-04T15:46:20.005Z","False","150000","15001",,"0","0","0","1",,,,"3853054",,"149965","72","1781","1.1200000000000001"
"150k-100ms-r01","server","latency-server","2026-09-04T15:46:20.005Z","2026-09-04T15:46:30.015Z","False","150000","15001",,"0","12620","0","1",,,,"3855989",,"150127","71","4372","1.0700000000000001"
"150k-100ms-r01","server","latency-server","2026-09-04T15:46:30.015Z","2026-09-04T15:46:40.009Z","False","150000","15001",,"0","0","0","1",,,,"3850879",,"149832","72","6219","1.0800000000000001"
"150k-100ms-r01","server","latency-server","2026-09-04T15:46:40.009Z","2026-09-04T15:46:50.007Z","False","150000","15001",,"0","0","0","1",,,,"3854975",,"150040","71","5676","1.1699999999999999"
"150k-100ms-r01","server","latency-server","2026-09-04T15:46:50.007Z","2026-09-04T15:47:00.015Z","True","150000","15001",,"0","3187","0","1",,,,"3851126",,"149890","71","5627","1.1699999999999999"
"150k-100ms-r01","server","latency-server","2026-09-04T15:47:00.015Z","2026-09-04T15:47:10.005Z","True","150000","15001",,"0","0","0","1",,,,"3858065",,"150160","71","6414","1.1899999999999999"
"150k-100ms-r01","server","latency-server","2026-09-04T15:47:10.005Z","2026-09-04T15:47:20.011Z","True","150000","15001",,"0","0","0","1",,,,"3851897",,"149920","71","6736","1.1699999999999999"
"150k-100ms-r01","server","latency-server","2026-09-04T15:47:20.011Z","2026-09-04T15:47:30.003Z","True","150000","15001",,"0","0","0","1",,,,"3857291",,"150130","71","6988","1.1499999999999999"
"150k-100ms-r01","server","latency-server","2026-09-04T15:47:30.003Z","2026-09-04T15:47:40.009Z","True","150000","15001",,"0","0","0","1",,,,"3851894",,"149920","71","7096","1.1399999999999999"
"150k-100ms-r01","server","latency-server","2026-09-04T15:47:40.009Z","2026-09-04T15:47:50.012Z","True","150000","15001",,"0","0","0","1",,,,"3853053",,"149965","71","6645","1.0800000000000001"
"150k-100ms-r01","server","latency-server","2026-09-04T15:47:50.012Z","2026-09-04T15:48:00.014Z","True","150000","15001",,"0","0","0","1",,,,"3853436",,"149980","71","6885","1.1200000000000001"
"150k-100ms-r01","server","latency-server","2026-09-04T15:48:00.014Z","2026-09-04T15:48:10.009Z","True","150000","15001",,"0","0","0","1",,,,"3856135",,"150085","72","6791","1.1399999999999999"
"150k-100ms-r01","server","latency-server","2026-09-04T15:48:10.009Z","2026-09-04T15:48:20.015Z","True","150000","15001",,"0","13942","0","1",,,,"3854324",,"150049","71","5675","1.1699999999999999"
"150k-100ms-r01","server","latency-server","2026-09-04T15:48:20.015Z","2026-09-04T15:48:30.002Z","True","150000","15001",,"0","0","0","1",,,,"3856917",,"150075","71","2262","1.1599999999999999"
"150k-100ms-r01","server","latency-server","2026-09-04T15:48:30.002Z","2026-09-04T15:48:40.014Z","True","150000","15001",,"0","0","0","1",,,,"3849708",,"149830","71","5347","1.1399999999999999"
"150k-100ms-r01","server","latency-server","2026-09-04T15:48:40.014Z","2026-09-04T15:48:50.007Z","True","150000","15001",,"0","0","0","1",,,,"3857025",,"150115","71","5957","1.1499999999999999"
"150k-100ms-r01","server","latency-server","2026-09-04T15:48:50.007Z","2026-09-04T15:49:00.004Z","True","150000","15001",,"0","0","0","1",,,,"3855485",,"150055","73","5907","1.1699999999999999"
"150k-100ms-r01","server","latency-server","2026-09-04T15:49:00.004Z","2026-09-04T15:49:10.008Z","True","150000","15001",,"0","0","0","1",,,,"3852786",,"149950","71","6672","1.1399999999999999"
"150k-100ms-r01","server","latency-server","2026-09-04T15:49:10.008Z","2026-09-04T15:49:20.005Z","True","150000","15001",,"0","0","0","1",,,,"3855483",,"150055","71","6659","1.1100000000000001"
"150k-100ms-r01","server","latency-server","2026-09-04T15:49:20.005Z","2026-09-04T15:49:30.017Z","True","150000","15001",,"0","0","0","1",,,,"3849706",,"149830","71","6409","1.1599999999999999"
"150k-100ms-r01","server","latency-server","2026-09-04T15:49:30.017Z","2026-09-04T15:49:40.001Z","True","150000","15001",,"0","0","0","1",,,,"3860503",,"150250","72","6212","1.01"
"150k-100ms-r01","server","latency-server","2026-09-04T15:49:40.001Z","2026-09-04T15:49:50.011Z","True","150000","15001",,"0","0","0","1",,,,"3850475",,"149860","71","6687","1.1299999999999999"
"150k-100ms-r01","server","latency-server","2026-09-04T15:49:50.011Z","2026-09-04T15:50:00.009Z","True","150000","15001",,"0","0","0","1",,,,"3855096",,"150040","71","6229","1.21"
"150k-100ms-r01","server","latency-server","2026-09-04T15:50:00.009Z","2026-09-04T15:50:10.003Z","True","150000","15001",,"0","0","0","1",,,,"3856642",,"150100","72","5901","1.0900000000000001"
"150k-100ms-r01","server","latency-server","2026-09-04T15:50:10.003Z","2026-09-04T15:50:20.008Z","True","150000","15001",,"0","0","0","1",,,,"3852399",,"149935","71","2840","1.1499999999999999"
"150k-100ms-r01","server","latency-server","2026-09-04T15:50:20.008Z","2026-09-04T15:50:30.005Z","True","150000","15001",,"0","0","0","1",,,,"3855482",,"150055","72","4573","1.1899999999999999"
"150k-100ms-r01","server","latency-server","2026-09-04T15:50:30.005Z","2026-09-04T15:50:40.012Z","True","150000","15001",,"0","0","0","1",,,,"3851634",,"149905","72","6122","1.1000000000000001"
"150k-100ms-r01","server","latency-server","2026-09-04T15:50:40.012Z","2026-09-04T15:50:50.012Z","True","150000","15001",,"0","0","0","1",,,,"3854327",,"150010","72","5481","1.1799999999999999"
"150k-100ms-r01","server","latency-server","2026-09-04T15:50:50.012Z","2026-09-04T15:51:00.010Z","True","150000","15001",,"0","0","0","1",,,,"3855097",,"150040","71","6125","1.0900000000000001"
"150k-100ms-r01","server","latency-server","2026-09-04T15:51:00.010Z","2026-09-04T15:51:10.004Z","True","150000","15001",,"0","0","0","1",,,,"3856641",,"150100","71","6729","1.1799999999999999"
"150k-100ms-r01","server","latency-server","2026-09-04T15:51:10.004Z","2026-09-04T15:51:20.008Z","True","150000","15001",,"0","0","0","1",,,,"3852785",,"149950","71","5915","1.1299999999999999"
"150k-100ms-r01","server","latency-server","2026-09-04T15:51:20.008Z","2026-09-04T15:51:30.010Z","True","150000","15001",,"0","0","0","1",,,,"3853554",,"149980","71","6188","1.1299999999999999"
"150k-100ms-r01","server","latency-server","2026-09-04T15:51:30.010Z","2026-09-04T15:51:40.004Z","True","150000","15001",,"0","0","0","1",,,,"3856640",,"150100","71","6920","1.1599999999999999"
"150k-100ms-r01","server","latency-server","2026-09-04T15:51:40.004Z","2026-09-04T15:51:50.014Z","True","150000","15001",,"0","0","0","1",,,,"3850477",,"149860","71","5946","1.1499999999999999"
"150k-100ms-r01","server","latency-server","2026-09-04T15:51:50.014Z","2026-09-04T15:52:00.010Z","True","150000","15001",,"0","0","0","1",,,,"3855867",,"150070","71","6588","1.1399999999999999"
"150k-100ms-r01","server","latency-server","2026-09-04T15:52:00.010Z","2026-09-04T15:52:10.002Z","True","150000","15001",,"0","0","0","1",,,,"3857413",,"150130","71","3172","1.1399999999999999"
"150k-100ms-r01","server","latency-server","2026-09-04T15:52:10.002Z","2026-09-04T15:52:20.007Z","True","150000","15001",,"0","0","0","1",,,,"3852401",,"149935","71","5457","1.1499999999999999"
"150k-100ms-r01","server","latency-server","2026-09-04T15:52:20.007Z","2026-09-04T15:52:30.002Z","True","150000","15001",,"0","0","0","1",,,,"3856251",,"150085","71","5791","1.1699999999999999"
"150k-100ms-r01","server","latency-server","2026-09-04T15:52:30.002Z","2026-09-04T15:52:40.009Z","True","150000","15001",,"0","0","0","1",,,,"3855130",,"149905","71","6942","1.1200000000000001"
"150k-100ms-r01","server","latency-server","2026-09-04T15:52:40.009Z","2026-09-04T15:52:50.010Z","True","150000","15001",,"0","0","0","1",,,,"3903977",,"149995","71","6612","1.25"
"150k-100ms-r01","server","latency-server","2026-09-04T15:52:50.010Z","2026-09-04T15:53:00.015Z","True","150000","15001",,"0","9432","0","1",,,,"3916820",,"150510","69","6187","1.1699999999999999"
"150k-100ms-r01","server","latency-server","2026-09-04T15:53:00.015Z","2026-09-04T15:53:10.015Z","True","150000","15001",,"0","0","0","1",,,,"3889961",,"149434","89","6729","1.1599999999999999"
"150k-100ms-r01","server","latency-server","2026-09-04T15:53:10.015Z","2026-09-04T15:53:20.015Z","True","150000","15001",,"0","12188","0","1",,,,"3904383",,"150010","106","7942","1.3400000000000001"
"150k-100ms-r01","server","latency-server","2026-09-04T15:53:20.015Z","2026-09-04T15:53:30.015Z","True","150000","15001",,"0","0","0","1",,,,"3904383",,"150010","103","5801","1.3799999999999999"
"150k-100ms-r01","server","latency-server","2026-09-04T15:53:30.015Z","2026-09-04T15:53:40.012Z","True","150000","15001",,"0","0","0","1",,,,"3905554",,"150055","107","7012","1.3400000000000001"
"150k-100ms-r01","server","latency-server","2026-09-04T15:53:40.012Z","2026-09-04T15:53:50.016Z","True","150000","15001",,"0","0","0","1",,,,"3902821",,"149950","109","7401","1.45"
"150k-100ms-r01","server","latency-server","2026-09-04T15:53:50.016Z","2026-09-04T15:54:00.008Z","True","150000","15001",,"0","0","0","1",,,,"3907508",,"150130","108","6181","1.3700000000000001"
"150k-100ms-r01","server","latency-server","2026-09-04T15:54:00.008Z","2026-09-04T15:54:10.014Z","True","150000","15001",,"0","0","0","1",,,,"3902042",,"149920","109","8376","1.3200000000000001"
"150k-100ms-r01","server","latency-server","2026-09-04T15:54:10.014Z","2026-09-04T15:54:20.015Z","True","150000","15001",,"0","0","0","1",,,,"3903993",,"149995","107","9982","1.3600000000000001"
"150k-100ms-r01","server","latency-server","2026-09-04T15:54:20.015Z","2026-09-04T15:54:30.003Z","True","150000","15001",,"0","0","0","1",,,,"3909073",,"150190","111","9507","1.3600000000000001"
"150k-100ms-r01","server","latency-server","2026-09-04T15:54:30.003Z","2026-09-04T15:54:40.010Z","True","150000","15001",,"0","0","0","1",,,,"3901652",,"149905","105","9051","1.3700000000000001"
"150k-100ms-r01","server","latency-server","2026-09-04T15:54:40.010Z","2026-09-04T15:54:50.005Z","True","150000","15001",,"0","0","0","1",,,,"3906336",,"150085","111","7781","1.3400000000000001"
"150k-100ms-r01","server","latency-server","2026-09-04T15:54:50.005Z","2026-09-04T15:55:00.013Z","True","150000","15001",,"0","0","0","1",,,,"3901262",,"149890","109","3615","1.3300000000000001"
"150k-100ms-r01","server","latency-server","2026-09-04T15:55:00.013Z","2026-09-04T15:55:10.016Z","True","150000","15001",,"0","0","0","1",,,,"3903602",,"149980","108","4801","1.3600000000000001"
"150k-100ms-r01","server","latency-server","2026-09-04T15:55:10.016Z","2026-09-04T15:55:20.001Z","True","150000","15001",,"0","0","0","1",,,,"3909857",,"150220","109","14887","1.4099999999999999"
"150k-100ms-r01","server","latency-server","2026-09-04T15:55:20.001Z","2026-09-04T15:55:30.009Z","True","150000","15001",,"0","0","0","1",,,,"3901261",,"149890","111","10789","1.52"
"150k-100ms-r01","server","latency-server","2026-09-04T15:55:30.009Z","2026-09-04T15:55:40.004Z","True","150000","15001",,"0","0","0","1",,,,"3906335",,"150085","109","7538","1.3999999999999999"
"150k-100ms-r01","server","latency-server","2026-09-04T15:55:40.004Z","2026-09-04T15:55:50.007Z","True","150000","15001",,"0","0","0","1",,,,"3903211",,"149965","107","10582","1.3400000000000001"
"150k-100ms-r01","server","latency-server","2026-09-04T15:55:50.007Z","2026-09-04T15:56:00.006Z","True","150000","15001",,"0","0","0","1",,,,"3904773",,"150025","106","9867","1.3799999999999999"
"150k-100ms-r01","server","latency-server","2026-09-04T15:56:00.006Z","2026-09-04T15:56:10.008Z","True","150000","15001",,"0","0","0","1",,,,"3903602",,"149980","109","8749","1.4099999999999999"
"150k-100ms-r01","server","latency-server","2026-09-04T15:56:10.008Z","2026-09-04T15:56:20.023Z","True","150000","15001",,"0","0","0","1",,,,"3898923",,"149800","108","9370","1.4099999999999999"
"150k-100ms-r01","server","latency-server","2026-09-04T15:56:20.023Z","2026-09-04T15:56:30.008Z","True","150000","15001",,"0","0","0","1",,,,"3909856",,"150220","105","7083","1.3700000000000001"
"150k-100ms-r01","server","latency-server","2026-09-04T15:56:30.008Z","2026-09-04T15:56:40.007Z","True","150000","15001",,"0","0","0","1",,,,"3904772",,"150025","111","8056","1.3600000000000001"
"150k-100ms-r01","server","latency-server","2026-09-04T15:56:40.007Z","2026-09-04T15:56:50.011Z","True","150000","15001",,"0","0","0","1",,,,"3902821",,"149950","106","9215","1.3799999999999999"
"150k-100ms-r02","client","latency-client","2026-09-04T16:21:20.003Z","2026-09-04T16:21:30.003Z","False","150000","15001",,"0","0","0","3755447",,"149544","5744","13380","1661",,,"5561","2.5299999999999998"
"150k-100ms-r02","client","latency-client","2026-09-04T16:21:30.003Z","2026-09-04T16:21:40.003Z","False","150000","15001",,"0","0","0","3854340",,"150010","3983","1",,,,"3860","0.72999999999999998"
"150k-100ms-r02","client","latency-client","2026-09-04T16:21:40.003Z","2026-09-04T16:21:50.013Z","False","150000","15001",,"0","0","0","3850489",,"149860","8960","1",,,,"8837","0.83999999999999997"
"150k-100ms-r02","client","latency-client","2026-09-04T16:21:50.013Z","2026-09-04T16:22:00.004Z","False","150000","15001",,"0","0","0","3857708",,"150145","6099","1",,,,"5977","0.80000000000000004"
"150k-100ms-r02","client","latency-client","2026-09-04T16:22:00.004Z","2026-09-04T16:22:10.007Z","False","150000","15001",,"0","0","0","3853063",,"149965","4090","1",,,,"3970","0.72999999999999998"
"150k-100ms-r02","client","latency-client","2026-09-04T16:22:10.007Z","2026-09-04T16:22:20.007Z","False","150000","15001",,"0","0","0","3854219",,"150010","4269","1",,,,"4147","0.81999999999999995"
"150k-100ms-r02","client","latency-client","2026-09-04T16:22:20.007Z","2026-09-04T16:22:30.009Z","False","150000","15001",,"0","0","0","3853448",,"149980","4643","1",,,,"4525","0.92000000000000004"
"150k-100ms-r02","client","latency-client","2026-09-04T16:22:30.009Z","2026-09-04T16:22:40.013Z","True","150000","15001",,"0","0","0","3852678",,"149950","4742","1",,,,"4625","1.0600000000000001"
"150k-100ms-r02","client","latency-client","2026-09-04T16:22:40.013Z","2026-09-04T16:22:50.013Z","True","150000","15001",,"0","0","0","3854219",,"150010","4619","1",,,,"4499","1.1599999999999999"
"150k-100ms-r02","client","latency-client","2026-09-04T16:22:50.013Z","2026-09-04T16:23:00.008Z","True","150000","15001",,"0","0","0","3856147",,"150085","4542","1",,,,"4422","1.01"
"150k-100ms-r02","client","latency-client","2026-09-04T16:23:00.008Z","2026-09-04T16:23:10.015Z","True","150000","15001",,"0","0","0","3851523",,"149905","4711","1",,,,"4591","1"
"150k-100ms-r02","client","latency-client","2026-09-04T16:23:10.015Z","2026-09-04T16:23:20.012Z","True","150000","15001",,"0","0","0","3855375",,"150055","4706","1",,,,"4586","1.01"
"150k-100ms-r02","client","latency-client","2026-09-04T16:23:20.012Z","2026-09-04T16:23:30.001Z","True","150000","15001",,"0","320","0","3838733",,"149470","4779","1",,,,"4662","1.05"
"150k-100ms-r02","client","latency-client","2026-09-04T16:23:30.001Z","2026-09-04T16:23:40.008Z","True","150000","15001",,"0","0","0","3871215",,"150608","4911","1",,,,"4794","0.97999999999999998"
"150k-100ms-r02","client","latency-client","2026-09-04T16:23:40.008Z","2026-09-04T16:23:50.014Z","True","150000","15001",,"0","0","0","3851908",,"149920","5001","1",,,,"4881","1.1499999999999999"
"150k-100ms-r02","client","latency-client","2026-09-04T16:23:50.014Z","2026-09-04T16:24:00.010Z","True","150000","15001",,"0","0","0","3855762",,"150070","4900","1",,,,"4783","1.03"
"150k-100ms-r02","client","latency-client","2026-09-04T16:24:00.010Z","2026-09-04T16:24:10.005Z","True","150000","15001",,"0","0","0","3856186",,"150085","4802","1",,,,"4684","0.98999999999999999"
"150k-100ms-r02","client","latency-client","2026-09-04T16:24:10.005Z","2026-09-04T16:24:20.001Z","True","150000","15001",,"0","0","0","3855881",,"150070","4709","1",,,,"4591","1.03"
"150k-100ms-r02","client","latency-client","2026-09-04T16:24:20.001Z","2026-09-04T16:24:30.013Z","True","150000","15001",,"0","0","0","3849719",,"149830","4905","1",,,,"4789","0.93999999999999995"
"150k-100ms-r02","client","latency-client","2026-09-04T16:24:30.013Z","2026-09-04T16:24:40.012Z","True","150000","15001",,"0","0","0","3854724",,"150025","4791","1",,,,"4676","1.0900000000000001"
"150k-100ms-r02","client","latency-client","2026-09-04T16:24:40.012Z","2026-09-04T16:24:50.005Z","True","150000","15001",,"0","0","0","3857039",,"150115","4702","1",,,,"4583","1.0900000000000001"
"150k-100ms-r02","client","latency-client","2026-09-04T16:24:50.005Z","2026-09-04T16:25:00.014Z","True","150000","15001",,"0","0","0","3850874",,"149875","4729","1",,,,"4610","1.01"
"150k-100ms-r02","client","latency-client","2026-09-04T16:25:00.014Z","2026-09-04T16:25:10.011Z","True","150000","15001",,"0","0","0","3855496",,"150055","4742","1",,,,"4625","1.03"
"150k-100ms-r02","client","latency-client","2026-09-04T16:25:10.011Z","2026-09-04T16:25:20.013Z","True","150000","15001",,"0","0","0","3853569",,"149980","4834","1",,,,"4714","1.02"
"150k-100ms-r02","client","latency-client","2026-09-04T16:25:20.013Z","2026-09-04T16:25:30.003Z","True","150000","15001",,"0","0","0","3858197",,"150160","4547","1",,,,"4427","1.02"
"150k-100ms-r02","client","latency-client","2026-09-04T16:25:30.003Z","2026-09-04T16:25:40.007Z","True","150000","15001",,"0","0","0","3852798",,"149950","4860","1",,,,"4742","1.0900000000000001"
"150k-100ms-r02","client","latency-client","2026-09-04T16:25:40.007Z","2026-09-04T16:25:50.003Z","True","150000","15001",,"0","0","0","3855881",,"150070","4724","1",,,,"4601","0.93999999999999995"
"150k-100ms-r02","client","latency-client","2026-09-04T16:25:50.003Z","2026-09-04T16:26:00.012Z","True","150000","15001",,"0","0","0","3850873",,"149875","4791","1",,,,"4673","0.97999999999999998"
"150k-100ms-r02","client","latency-client","2026-09-04T16:26:00.012Z","2026-09-04T16:26:10.002Z","True","150000","15001",,"0","0","0","3858197",,"150160","5062","1",,,,"4942","0.96999999999999997"
"150k-100ms-r02","client","latency-client","2026-09-04T16:26:10.002Z","2026-09-04T16:26:20.003Z","True","150000","15001",,"0","0","0","3853954",,"149995","4868","1",,,,"4749","1.02"
"150k-100ms-r02","client","latency-client","2026-09-04T16:26:20.003Z","2026-09-04T16:26:30.003Z","True","150000","15001",,"0","0","0","3854339",,"150010","4796","1",,,,"4678","1.01"
"150k-100ms-r02","client","latency-client","2026-09-04T16:26:30.003Z","2026-09-04T16:26:40.023Z","True","150000","15001",,"0","0","0","3846646",,"149710","4803","1",,,,"4683","1.0600000000000001"
"150k-100ms-r02","client","latency-client","2026-09-04T16:26:40.023Z","2026-09-04T16:26:50.002Z","True","150000","15001",,"0","0","0","3862450",,"150325","4822","1",,,,"4706","1.01"
"150k-100ms-r02","client","latency-client","2026-09-04T16:26:50.002Z","2026-09-04T16:27:00.014Z","True","150000","15001",,"0","0","0","3849720",,"149830","4544","1",,,,"4425","0.96999999999999997"
"150k-100ms-r02","client","latency-client","2026-09-04T16:27:00.014Z","2026-09-04T16:27:10.007Z","True","150000","15001",,"0","0","0","3857039",,"150115","4635","1",,,,"4517","1.04"
"150k-100ms-r02","client","latency-client","2026-09-04T16:27:10.007Z","2026-09-04T16:27:20.002Z","True","150000","15001",,"0","0","0","3856267",,"150085","4635","1",,,,"4516","1.1100000000000001"
"150k-100ms-r02","client","latency-client","2026-09-04T16:27:20.002Z","2026-09-04T16:27:30.005Z","True","150000","15001",,"0","0","0","3853183",,"149965","4832","1",,,,"4715","1.03"
"150k-100ms-r02","client","latency-client","2026-09-04T16:27:30.005Z","2026-09-04T16:27:40.012Z","True","150000","15001",,"0","0","0","3851643",,"149905","4569","1",,,,"4449","1.02"
"150k-100ms-r02","client","latency-client","2026-09-04T16:27:40.012Z","2026-09-04T16:27:50.014Z","True","150000","15001",,"0","0","0","3853569",,"149980","4849","1",,,,"4731","1.03"
"150k-100ms-r02","client","latency-client","2026-09-04T16:27:50.014Z","2026-09-04T16:28:00.002Z","True","150000","15001",,"0","0","0","3858970",,"150190","4650","1",,,,"4531","0.97999999999999998"
"150k-100ms-r02","client","latency-client","2026-09-04T16:28:00.002Z","2026-09-04T16:28:10.016Z","True","150000","15001",,"0","0","0","3848950",,"149800","4843","1",,,,"4725","1.0700000000000001"
"150k-100ms-r02","client","latency-client","2026-09-04T16:28:10.016Z","2026-09-04T16:28:20.007Z","True","150000","15001",,"0","0","0","3905395",,"150145","4567","1",,,,"4452","1.04"
"150k-100ms-r02","client","latency-client","2026-09-04T16:28:20.007Z","2026-09-04T16:28:30.015Z","True","150000","15001",,"0","0","0","3901263",,"149890","4551","1",,,,"4436","0.95999999999999996"
"150k-100ms-r02","client","latency-client","2026-09-04T16:28:30.015Z","2026-09-04T16:28:40.002Z","True","150000","15001",,"0","0","0","3909467",,"150205","6826","1",,,,"6712","1.05"
"150k-100ms-r02","client","latency-client","2026-09-04T16:28:40.002Z","2026-09-04T16:28:50.008Z","True","150000","15001",,"0","0","0","3902043",,"149920","5498","1",,,,"5383","1.01"
"150k-100ms-r02","client","latency-client","2026-09-04T16:28:50.008Z","2026-09-04T16:29:00.010Z","True","150000","15001",,"0","0","0","3903603",,"149980","4483","1",,,,"4368","1.0600000000000001"
"150k-100ms-r02","client","latency-client","2026-09-04T16:29:00.010Z","2026-09-04T16:29:10.001Z","True","150000","15001",,"0","0","0","3907901",,"150145","4568","1",,,,"4453","1.0900000000000001"
"150k-100ms-r02","client","latency-client","2026-09-04T16:29:10.001Z","2026-09-04T16:29:20.006Z","True","150000","15001",,"0","0","0","3902433",,"149935","4429","1",,,,"4313","1.01"
"150k-100ms-r02","client","latency-client","2026-09-04T16:29:20.006Z","2026-09-04T16:29:30.003Z","True","150000","15001",,"0","0","0","3905555",,"150055","4377","1",,,,"4260","1.03"
"150k-100ms-r02","client","latency-client","2026-09-04T16:29:30.003Z","2026-09-04T16:29:40.013Z","True","150000","15001",,"0","0","0","3900483",,"149860","4368","1",,,,"4249","1.1000000000000001"
"150k-100ms-r02","client","latency-client","2026-09-04T16:29:40.013Z","2026-09-04T16:29:50.009Z","True","150000","15001",,"0","0","0","3905946",,"150070","4461","1",,,,"4344","0.97999999999999998"
"150k-100ms-r02","client","latency-client","2026-09-04T16:29:50.009Z","2026-09-04T16:30:00.001Z","True","150000","15001",,"0","0","0","3907510",,"150130","4323","1",,,,"4206","1.0900000000000001"
"150k-100ms-r02","client","latency-client","2026-09-04T16:30:00.001Z","2026-09-04T16:30:10.001Z","True","150000","15001",,"0","0","0","3904384",,"150010","8232","1",,,,"8114","1.0700000000000001"
"150k-100ms-r02","client","latency-client","2026-09-04T16:30:10.001Z","2026-09-04T16:30:20.001Z","True","150000","15001",,"0","0","0","3904384",,"150010","6870","1",,,,"6753","1.05"
"150k-100ms-r02","client","latency-client","2026-09-04T16:30:20.001Z","2026-09-04T16:30:30.005Z","True","150000","15001",,"0","571","0","3899026",,"149814","4620","1",,,,"4503","1.1299999999999999"
"150k-100ms-r02","client","latency-client","2026-09-04T16:30:30.005Z","2026-09-04T16:30:40.006Z","True","150000","15001",,"0","0","0","3907792",,"150130","4441","1",,,,"4327","1.04"
"150k-100ms-r02","client","latency-client","2026-09-04T16:30:40.006Z","2026-09-04T16:30:50.012Z","True","150000","15001",,"0","0","0","3902042",,"149920","4670","1",,,,"4554","1.0700000000000001"
"150k-100ms-r02","client","latency-client","2026-09-04T16:30:50.012Z","2026-09-04T16:31:00.009Z","True","150000","15001",,"0","0","0","3905556",,"150055","4301","1",,,,"4186","1.03"
"150k-100ms-r02","client","latency-client","2026-09-04T16:31:00.009Z","2026-09-04T16:31:10.010Z","True","150000","15001",,"0","0","0","3904384",,"150010","4522","1",,,,"4406","1.01"
"150k-100ms-r02","client","latency-client","2026-09-04T16:31:10.010Z","2026-09-04T16:31:20.010Z","True","150000","15001",,"0","0","0","3903993",,"149995","4460","1",,,,"4345","1.04"
"150k-100ms-r02","client","latency-client","2026-09-04T16:31:20.010Z","2026-09-04T16:31:30.002Z","True","150000","15001",,"0","0","0","3907510",,"150130","4456","1",,,,"4340","0.89000000000000001"
"150k-100ms-r02","client","latency-client","2026-09-04T16:31:30.002Z","2026-09-04T16:31:40.015Z","True","150000","15001",,"0","0","0","3899314",,"149815","4458","1",,,,"4343","1.03"
"150k-100ms-r02","client","latency-client","2026-09-04T16:31:40.015Z","2026-09-04T16:31:50.005Z","True","150000","15001",,"0","0","0","3908292",,"150160","4436","1",,,,"4316","0.95999999999999996"
"150k-100ms-r02","client","latency-client","2026-09-04T16:31:50.005Z","2026-09-04T16:32:00.002Z","True","150000","15001",,"0","0","0","3905555",,"150055","4724","1",,,,"4610","1.03"
"150k-100ms-r02","client","latency-client","2026-09-04T16:32:00.002Z","2026-09-04T16:32:10.002Z","True","150000","15001",,"0","0","0","3904384",,"150010","4450","1",,,,"4334","1.04"
"150k-100ms-r02","client","latency-client","2026-09-04T16:32:10.002Z","2026-09-04T16:32:20.006Z","True","150000","15001",,"0","0","0","3902823",,"149950","4305","1",,,,"4186","1.03"
"150k-100ms-r02","server","latency-server","2026-09-04T16:21:10.014Z","2026-09-04T16:21:20.014Z","False","150000","0",,"0","0","0","0",,,,"0",,,,,"2.21"
"150k-100ms-r02","server","latency-server","2026-09-04T16:21:20.014Z","2026-09-04T16:21:30.003Z","False","150000","15001",,"0","0","0","12093","1501",,,"3394151",,"135157","122","4265","1.24"
"150k-100ms-r02","server","latency-server","2026-09-04T16:21:30.003Z","2026-09-04T16:21:40.003Z","False","150000","15001",,"0","0","0","1",,,,"3854340",,"150010","123","10300","1.3300000000000001"
"150k-100ms-r02","server","latency-server","2026-09-04T16:21:40.003Z","2026-09-04T16:21:50.017Z","False","150000","15001",,"0","0","0","1",,,,"3849335",,"149815","122","12618","1.4199999999999999"
"150k-100ms-r02","server","latency-server","2026-09-04T16:21:50.017Z","2026-09-04T16:22:00.004Z","False","150000","15001",,"0","0","0","1",,,,"3858867",,"150190","122","7352","1.48"
"150k-100ms-r02","server","latency-server","2026-09-04T16:22:00.004Z","2026-09-04T16:22:10.007Z","False","150000","15001",,"0","0","0","1",,,,"3853063",,"149965","120","6555","1.4199999999999999"
"150k-100ms-r02","server","latency-server","2026-09-04T16:22:10.007Z","2026-09-04T16:22:20.007Z","False","150000","15001",,"0","0","0","1",,,,"3854219",,"150010","122","3466","1.55"
"150k-100ms-r02","server","latency-server","2026-09-04T16:22:20.007Z","2026-09-04T16:22:30.009Z","False","150000","15001",,"0","0","0","1",,,,"3853448",,"149980","118","5215","1.3899999999999999"
"150k-100ms-r02","server","latency-server","2026-09-04T16:22:30.009Z","2026-09-04T16:22:40.013Z","True","150000","15001",,"0","0","0","1",,,,"3852678",,"149950","117","8453","1.3500000000000001"
"150k-100ms-r02","server","latency-server","2026-09-04T16:22:40.013Z","2026-09-04T16:22:50.013Z","True","150000","15001",,"0","0","0","1",,,,"3854219",,"150010","120","8869","1.3600000000000001"
"150k-100ms-r02","server","latency-server","2026-09-04T16:22:50.013Z","2026-09-04T16:23:00.008Z","True","150000","15001",,"0","0","0","1",,,,"3856147",,"150085","119","8303","1.4399999999999999"
"150k-100ms-r02","server","latency-server","2026-09-04T16:23:00.008Z","2026-09-04T16:23:10.000Z","True","150000","15001",,"0","0","0","1",,,,"3857305",,"150130","120","6535","1.4399999999999999"
"150k-100ms-r02","server","latency-server","2026-09-04T16:23:10.000Z","2026-09-04T16:23:20.012Z","True","150000","15001",,"0","0","0","1",,,,"3849599",,"149830","121","6698","1.3999999999999999"
"150k-100ms-r02","server","latency-server","2026-09-04T16:23:20.012Z","2026-09-04T16:23:30.015Z","True","150000","15001",,"0","0","0","1",,,,"3853063",,"149965","117","6702","1.3600000000000001"
"150k-100ms-r02","server","latency-server","2026-09-04T16:23:30.015Z","2026-09-04T16:23:40.008Z","True","150000","15001",,"0","0","0","1",,,,"3856919",,"150115","117","8120","1.3700000000000001"
"150k-100ms-r02","server","latency-server","2026-09-04T16:23:40.008Z","2026-09-04T16:23:50.014Z","True","150000","15001",,"0","0","0","1",,,,"3851908",,"149920","120","6920","1.4399999999999999"
"150k-100ms-r02","server","latency-server","2026-09-04T16:23:50.014Z","2026-09-04T16:24:00.010Z","True","150000","15001",,"0","0","0","1",,,,"3855762",,"150070","117","2648","1.4099999999999999"
"150k-100ms-r02","server","latency-server","2026-09-04T16:24:00.010Z","2026-09-04T16:24:10.005Z","True","150000","15001",,"0","0","0","1",,,,"3856186",,"150085","118","5052","1.47"
"150k-100ms-r02","server","latency-server","2026-09-04T16:24:10.005Z","2026-09-04T16:24:20.001Z","True","150000","15001",,"0","0","0","1",,,,"3855881",,"150070","118","6712","1.3600000000000001"
"150k-100ms-r02","server","latency-server","2026-09-04T16:24:20.001Z","2026-09-04T16:24:30.013Z","True","150000","15001",,"0","0","0","1",,,,"3849719",,"149830","116","7018","1.3500000000000001"
"150k-100ms-r02","server","latency-server","2026-09-04T16:24:30.013Z","2026-09-04T16:24:40.012Z","True","150000","15001",,"0","0","0","1",,,,"3854724",,"150025","116","7115","1.3700000000000001"
"150k-100ms-r02","server","latency-server","2026-09-04T16:24:40.012Z","2026-09-04T16:24:50.006Z","True","150000","15001",,"0","0","0","1",,,,"3857039",,"150115","119","6736","1.5"
"150k-100ms-r02","server","latency-server","2026-09-04T16:24:50.006Z","2026-09-04T16:25:00.014Z","True","150000","15001",,"0","0","0","1",,,,"3850874",,"149875","119","6736","1.3799999999999999"
"150k-100ms-r02","server","latency-server","2026-09-04T16:25:00.014Z","2026-09-04T16:25:10.010Z","True","150000","15001",,"0","0","0","1",,,,"3855882",,"150070","118","5772","1.4099999999999999"
"150k-100ms-r02","server","latency-server","2026-09-04T16:25:10.010Z","2026-09-04T16:25:20.013Z","True","150000","15001",,"0","0","0","1",,,,"3853184",,"149965","120","6467","1.5"
"150k-100ms-r02","server","latency-server","2026-09-04T16:25:20.013Z","2026-09-04T16:25:30.003Z","True","150000","15001",,"0","0","0","1",,,,"3858197",,"150160","121","6964","1.46"
"150k-100ms-r02","server","latency-server","2026-09-04T16:25:30.003Z","2026-09-04T16:25:40.007Z","True","150000","15001",,"0","0","0","1",,,,"3852798",,"149950","119","7077","1.3200000000000001"
"150k-100ms-r02","server","latency-server","2026-09-04T16:25:40.007Z","2026-09-04T16:25:50.003Z","True","150000","15001",,"0","0","0","1",,,,"3855881",,"150070","122","6762","1.52"
"150k-100ms-r02","server","latency-server","2026-09-04T16:25:50.003Z","2026-09-04T16:26:00.012Z","True","150000","15001",,"0","0","0","1",,,,"3850873",,"149875","118","7156","1.29"
"150k-100ms-r02","server","latency-server","2026-09-04T16:26:00.012Z","2026-09-04T16:26:10.002Z","True","150000","15001",,"0","0","0","1",,,,"3858197",,"150160","119","7161","1.3400000000000001"
"150k-100ms-r02","server","latency-server","2026-09-04T16:26:10.002Z","2026-09-04T16:26:20.003Z","True","150000","15001",,"0","0","0","1",,,,"3853954",,"149995","118","5301","1.3100000000000001"
"150k-100ms-r02","server","latency-server","2026-09-04T16:26:20.003Z","2026-09-04T16:26:30.004Z","True","150000","15001",,"0","0","0","1",,,,"3853953",,"149995","117","4448","1.3799999999999999"
"150k-100ms-r02","server","latency-server","2026-09-04T16:26:30.004Z","2026-09-04T16:26:40.013Z","True","150000","15001",,"0","0","0","1",,,,"3850874",,"149875","120","5657","1.3200000000000001"
"150k-100ms-r02","server","latency-server","2026-09-04T16:26:40.013Z","2026-09-04T16:26:50.002Z","True","150000","15001",,"0","0","0","1",,,,"3858584",,"150175","117","7064","1.3700000000000001"
"150k-100ms-r02","server","latency-server","2026-09-04T16:26:50.002Z","2026-09-04T16:27:00.014Z","True","150000","15001",,"0","0","0","1",,,,"3849720",,"149830","118","6532","1.3400000000000001"
"150k-100ms-r02","server","latency-server","2026-09-04T16:27:00.014Z","2026-09-04T16:27:10.007Z","True","150000","15001",,"0","0","0","1",,,,"3857039",,"150115","119","6004","1.3700000000000001"
"150k-100ms-r02","server","latency-server","2026-09-04T16:27:10.007Z","2026-09-04T16:27:20.001Z","True","150000","15001",,"0","0","0","1",,,,"3856652",,"150100","120","6086","1.4299999999999999"
"150k-100ms-r02","server","latency-server","2026-09-04T16:27:20.001Z","2026-09-04T16:27:30.005Z","True","150000","15001",,"0","0","0","1",,,,"3852798",,"149950","117","6800","1.46"
"150k-100ms-r02","server","latency-server","2026-09-04T16:27:30.005Z","2026-09-04T16:27:40.013Z","True","150000","15001",,"0","0","0","1",,,,"3851258",,"149890","120","9081","1.3899999999999999"
"150k-100ms-r02","server","latency-server","2026-09-04T16:27:40.013Z","2026-09-04T16:27:50.014Z","True","150000","15001",,"0","0","0","1",,,,"3853954",,"149995","118","7843","1.3799999999999999"
"150k-100ms-r02","server","latency-server","2026-09-04T16:27:50.014Z","2026-09-04T16:28:00.002Z","True","150000","15001",,"0","0","0","1",,,,"3858970",,"150190","118","6497","1.45"
"150k-100ms-r02","server","latency-server","2026-09-04T16:28:00.002Z","2026-09-04T16:28:10.016Z","True","150000","15001",,"0","0","0","1",,,,"3848950",,"149800","118","6584","1.3899999999999999"
"150k-100ms-r02","server","latency-server","2026-09-04T16:28:10.016Z","2026-09-04T16:28:20.007Z","True","150000","15001",,"0","0","0","1",,,,"3905395",,"150145","115","6482","1.3600000000000001"
"150k-100ms-r02","server","latency-server","2026-09-04T16:28:20.007Z","2026-09-04T16:28:30.016Z","True","150000","15001",,"0","0","0","1",,,,"3901263",,"149890","115","5814","1.3799999999999999"
"150k-100ms-r02","server","latency-server","2026-09-04T16:28:30.016Z","2026-09-04T16:28:40.002Z","True","150000","15001",,"0","0","0","1",,,,"3909467",,"150205","114","8541","1.27"
"150k-100ms-r02","server","latency-server","2026-09-04T16:28:40.002Z","2026-09-04T16:28:50.009Z","True","150000","15001",,"0","0","0","1",,,,"3901653",,"149905","116","7711","1.4099999999999999"
"150k-100ms-r02","server","latency-server","2026-09-04T16:28:50.009Z","2026-09-04T16:29:00.010Z","True","150000","15001",,"0","0","0","1",,,,"3903994",,"149995","115","6453","1.3899999999999999"
"150k-100ms-r02","server","latency-server","2026-09-04T16:29:00.010Z","2026-09-04T16:29:10.001Z","True","150000","15001",,"0","0","0","1",,,,"3907901",,"150145","114","5856","1.48"
"150k-100ms-r02","server","latency-server","2026-09-04T16:29:10.001Z","2026-09-04T16:29:20.006Z","True","150000","15001",,"0","0","0","1",,,,"3902433",,"149935","116","6238","1.3700000000000001"
"150k-100ms-r02","server","latency-server","2026-09-04T16:29:20.006Z","2026-09-04T16:29:30.004Z","True","150000","15001",,"0","0","0","1",,,,"3905165",,"150040","117","6276","1.3200000000000001"
"150k-100ms-r02","server","latency-server","2026-09-04T16:29:30.004Z","2026-09-04T16:29:40.013Z","True","150000","15001",,"0","0","0","1",,,,"3900873",,"149875","119","6734","1.5"
"150k-100ms-r02","server","latency-server","2026-09-04T16:29:40.013Z","2026-09-04T16:29:50.009Z","True","150000","15001",,"0","0","0","1",,,,"3905946",,"150070","118","8846","1.3999999999999999"
"150k-100ms-r02","server","latency-server","2026-09-04T16:29:50.009Z","2026-09-04T16:30:00.001Z","True","150000","15001",,"0","0","0","1",,,,"3907510",,"150130","117","8420","1.3799999999999999"
"150k-100ms-r02","server","latency-server","2026-09-04T16:30:00.001Z","2026-09-04T16:30:10.001Z","True","150000","15001",,"0","0","0","1",,,,"3904384",,"150010","118","11514","1.4399999999999999"
"150k-100ms-r02","server","latency-server","2026-09-04T16:30:10.001Z","2026-09-04T16:30:20.001Z","True","150000","15001",,"0","0","0","1",,,,"3904384",,"150010","116","9350","1.3799999999999999"
"150k-100ms-r02","server","latency-server","2026-09-04T16:30:20.001Z","2026-09-04T16:30:30.005Z","True","150000","15001",,"0","0","0","1",,,,"3902823",,"149950","116","3931","1.4399999999999999"
"150k-100ms-r02","server","latency-server","2026-09-04T16:30:30.005Z","2026-09-04T16:30:40.006Z","True","150000","15001",,"0","0","0","1",,,,"3903993",,"149995","114","5425","1.4299999999999999"
"150k-100ms-r02","server","latency-server","2026-09-04T16:30:40.006Z","2026-09-04T16:30:50.012Z","True","150000","15001",,"0","0","0","1",,,,"3902042",,"149920","116","5701","1.4199999999999999"
"150k-100ms-r02","server","latency-server","2026-09-04T16:30:50.012Z","2026-09-04T16:31:00.009Z","True","150000","15001",,"0","0","0","1",,,,"3905556",,"150055","115","5616","1.3700000000000001"
"150k-100ms-r02","server","latency-server","2026-09-04T16:31:00.009Z","2026-09-04T16:31:10.009Z","True","150000","15001",,"0","0","0","1",,,,"3904384",,"150010","116","6649","1.46"
"150k-100ms-r02","server","latency-server","2026-09-04T16:31:10.009Z","2026-09-04T16:31:20.010Z","True","150000","15001",,"0","0","0","1",,,,"3903993",,"149995","116","6975","1.3899999999999999"
"150k-100ms-r02","server","latency-server","2026-09-04T16:31:20.010Z","2026-09-04T16:31:30.002Z","True","150000","15001",,"0","0","0","1",,,,"3907510",,"150130","116","7149","1.3600000000000001"
"150k-100ms-r02","server","latency-server","2026-09-04T16:31:30.002Z","2026-09-04T16:31:40.015Z","True","150000","15001",,"0","0","0","1",,,,"3899314",,"149815","115","7648","1.3200000000000001"
"150k-100ms-r02","server","latency-server","2026-09-04T16:31:40.015Z","2026-09-04T16:31:50.005Z","True","150000","15001",,"0","0","0","1",,,,"3908292",,"150160","120","6778","1.4299999999999999"
"150k-100ms-r02","server","latency-server","2026-09-04T16:31:50.005Z","2026-09-04T16:32:00.002Z","True","150000","15001",,"0","0","0","1",,,,"3905555",,"150055","114","7890","1.3700000000000001"
"150k-100ms-r02","server","latency-server","2026-09-04T16:32:00.002Z","2026-09-04T16:32:10.002Z","True","150000","15001",,"0","0","0","1",,,,"3904384",,"150010","116","6980","1.3500000000000001"
"150k-100ms-r02","server","latency-server","2026-09-04T16:32:10.002Z","2026-09-04T16:32:20.008Z","True","150000","15001",,"0","0","0","1",,,,"3902433",,"149935","119","5625","1.3899999999999999"
"150k-100ms-r03","client","latency-client","2026-09-04T17:44:20.005Z","2026-09-04T17:44:30.005Z","False","150000","15001",,"0","0","0","3772914",,"149124","5385","9030","1121",,,"5223","1.9099999999999999"
"150k-100ms-r03","client","latency-client","2026-09-04T17:44:30.005Z","2026-09-04T17:44:40.003Z","False","150000","15001",,"0","0","0","3855110",,"150040","4100","1",,,,"3978","0.72999999999999998"
"150k-100ms-r03","client","latency-client","2026-09-04T17:44:40.003Z","2026-09-04T17:44:50.014Z","False","150000","15001",,"0","0","0","3850103",,"149845","3926","1",,,,"3804","0.76000000000000001"
"150k-100ms-r03","client","latency-client","2026-09-04T17:44:50.014Z","2026-09-04T17:45:00.006Z","False","150000","15001",,"0","0","0","3857424",,"150130","4068","1",,,,"3945","0.70999999999999996"
"150k-100ms-r03","client","latency-client","2026-09-04T17:45:00.006Z","2026-09-04T17:45:10.013Z","False","150000","15001",,"0","0","0","3871669",,"150725","4152","1",,,,"4028","0.78000000000000003"
"150k-100ms-r03","client","latency-client","2026-09-04T17:45:10.013Z","2026-09-04T17:45:20.004Z","False","150000","15001",,"0","0","0","3837751",,"149323","4372","1",,,,"4251","0.82999999999999996"
"150k-100ms-r03","client","latency-client","2026-09-04T17:45:20.004Z","2026-09-04T17:45:30.014Z","True","150000","15001",,"0","0","0","3850492",,"149861","4670","1",,,,"4550","1.03"
"150k-100ms-r03","client","latency-client","2026-09-04T17:45:30.014Z","2026-09-04T17:45:40.012Z","True","150000","15001",,"0","306","0","3867949",,"150580","4755","1",,,,"4635","0.98999999999999999"
"150k-100ms-r03","client","latency-client","2026-09-04T17:45:40.012Z","2026-09-04T17:45:50.008Z","True","150000","15001",,"0","0","0","3843033",,"149527","4659","1",,,,"4540","1.1699999999999999"
"150k-100ms-r03","client","latency-client","2026-09-04T17:45:50.008Z","2026-09-04T17:46:00.004Z","True","150000","15001",,"0","0","0","3855880",,"150070","4704","1",,,,"4584","0.98999999999999999"
"150k-100ms-r03","client","latency-client","2026-09-04T17:46:00.004Z","2026-09-04T17:46:10.016Z","True","150000","15001",,"0","0","0","3863342",,"150426","4707","1",,,,"4587","1.01"
"150k-100ms-r03","client","latency-client","2026-09-04T17:46:10.016Z","2026-09-04T17:46:20.000Z","True","150000","15001",,"0","0","0","3846853",,"149652","4560","1",,,,"4441","0.97999999999999998"
"150k-100ms-r03","client","latency-client","2026-09-04T17:46:20.000Z","2026-09-04T17:46:30.006Z","True","150000","15001",,"0","0","0","3852027",,"149920","4746","1",,,,"4626","0.98999999999999999"
"150k-100ms-r03","client","latency-client","2026-09-04T17:46:30.006Z","2026-09-04T17:46:40.008Z","True","150000","15001",,"0","0","0","3855973",,"150080","4680","1",,,,"4561","0.96999999999999997"
"150k-100ms-r03","client","latency-client","2026-09-04T17:46:40.008Z","2026-09-04T17:46:50.009Z","True","150000","15001",,"0","0","0","3851547",,"149894","4890","1",,,,"4774","1.03"
"150k-100ms-r03","client","latency-client","2026-09-04T17:46:50.009Z","2026-09-04T17:47:00.008Z","True","150000","15001",,"0","0","0","3854724",,"150025","4792","1",,,,"4675","0.93000000000000005"
"150k-100ms-r03","client","latency-client","2026-09-04T17:47:00.008Z","2026-09-04T17:47:10.007Z","True","150000","15001",,"0","0","0","3854723",,"150025","4990","1",,,,"4872","1.1599999999999999"
"150k-100ms-r03","client","latency-client","2026-09-04T17:47:10.007Z","2026-09-04T17:47:20.001Z","True","150000","15001",,"0","0","0","3856652",,"150100","4685","1",,,,"4568","1.0800000000000001"
"150k-100ms-r03","client","latency-client","2026-09-04T17:47:20.001Z","2026-09-04T17:47:30.007Z","True","150000","15001",,"0","0","0","3852027",,"149920","4727","1",,,,"4609","1.01"
"150k-100ms-r03","client","latency-client","2026-09-04T17:47:30.007Z","2026-09-04T17:47:40.005Z","True","150000","15001",,"0","0","0","3855109",,"150040","4621","1",,,,"4502","0.97999999999999998"
"150k-100ms-r03","client","latency-client","2026-09-04T17:47:40.005Z","2026-09-04T17:47:50.011Z","True","150000","15001",,"0","0","0","3852027",,"149920","4890","1",,,,"4771","1.04"
"150k-100ms-r03","client","latency-client","2026-09-04T17:47:50.011Z","2026-09-04T17:48:00.010Z","True","150000","15001",,"0","0","0","3854724",,"150025","4728","1",,,,"4609","1.04"
"150k-100ms-r03","client","latency-client","2026-09-04T17:48:00.010Z","2026-09-04T17:48:10.012Z","True","150000","15001",,"0","0","0","3853567",,"149980","4787","1",,,,"4669","0.97999999999999998"
"150k-100ms-r03","client","latency-client","2026-09-04T17:48:10.012Z","2026-09-04T17:48:21.854Z","True","150000","15001",,"0","0","0","3254803",,"126676","4977","1",,,,"4860","0.89000000000000001"
"150k-100ms-r03","client","latency-client","2026-09-04T17:48:21.854Z","2026-09-04T17:48:30.006Z","True","150000","15001",,"0","0","0","3877033",,"150893","4767","0",,,,"4648","1.1000000000000001"
"150k-100ms-r03","client","latency-client","2026-09-04T17:48:30.006Z","2026-09-04T17:48:40.015Z","True","150000","15001",,"0","0","0","3850873",,"149875","4773","1",,,,"4655","1.02"
"150k-100ms-r03","client","latency-client","2026-09-04T17:48:40.015Z","2026-09-04T17:48:50.010Z","True","150000","15001",,"0","0","0","3856267",,"150085","4767","1",,,,"4648","1.04"
"150k-100ms-r03","client","latency-client","2026-09-04T17:48:50.010Z","2026-09-04T17:49:00.005Z","True","150000","15001",,"0","0","0","3856267",,"150085","4830","1",,,,"4712","1.0800000000000001"
"150k-100ms-r03","client","latency-client","2026-09-04T17:49:00.005Z","2026-09-04T17:49:10.006Z","True","150000","15001",,"0","0","0","3853953",,"149995","7959","1",,,,"7843","1.1100000000000001"
"150k-100ms-r03","client","latency-client","2026-09-04T17:49:10.006Z","2026-09-04T17:49:20.012Z","True","150000","15001",,"0","0","0","3852028",,"149920","4872","1",,,,"4755","0.90000000000000002"
"150k-100ms-r03","client","latency-client","2026-09-04T17:49:20.012Z","2026-09-04T17:49:30.013Z","True","150000","15001",,"0","0","0","3853953",,"149995","4756","1",,,,"4639","0.93000000000000005"
"150k-100ms-r03","client","latency-client","2026-09-04T17:49:30.013Z","2026-09-04T17:49:40.002Z","True","150000","15001",,"0","0","0","3858583",,"150175","4919","1",,,,"4803","1.05"
"150k-100ms-r03","client","latency-client","2026-09-04T17:49:40.002Z","2026-09-04T17:49:50.008Z","True","150000","15001",,"0","0","0","3852028",,"149920","4646","1",,,,"4528","0.97999999999999998"
"150k-100ms-r03","client","latency-client","2026-09-04T17:49:50.008Z","2026-09-04T17:50:00.011Z","True","150000","15001",,"0","0","0","3853183",,"149965","4596","1",,,,"4475","1.1299999999999999"
"150k-100ms-r03","client","latency-client","2026-09-04T17:50:00.011Z","2026-09-04T17:50:10.008Z","True","150000","15001",,"0","0","0","3855496",,"150055","4578","1",,,,"4459","1.01"
"150k-100ms-r03","client","latency-client","2026-09-04T17:50:10.008Z","2026-09-04T17:50:20.002Z","True","150000","15001",,"0","0","0","3856653",,"150100","4782","1",,,,"4664","1"
"150k-100ms-r03","client","latency-client","2026-09-04T17:50:20.002Z","2026-09-04T17:50:30.001Z","True","150000","15001",,"0","0","0","3854725",,"150025","4436","1",,,,"4316","0.94999999999999996"
"150k-100ms-r03","client","latency-client","2026-09-04T17:50:30.001Z","2026-09-04T17:50:40.012Z","True","150000","15001",,"0","0","0","3850104",,"149845","4853","1",,,,"4736","1.1100000000000001"
"150k-100ms-r03","client","latency-client","2026-09-04T17:50:40.012Z","2026-09-04T17:50:50.011Z","True","150000","15001",,"0","0","0","3854724",,"150025","4682","1",,,,"4562","1.01"
"150k-100ms-r03","client","latency-client","2026-09-04T17:50:50.011Z","2026-09-04T17:51:00.014Z","True","150000","15001",,"0","0","0","3853183",,"149965","4653","1",,,,"4534","0.94999999999999996"
"150k-100ms-r03","client","latency-client","2026-09-04T17:51:00.014Z","2026-09-04T17:51:10.015Z","True","150000","15001",,"0","0","0","3863962",,"149995","4566","1",,,,"4450","0.93999999999999995"
"150k-100ms-r03","client","latency-client","2026-09-04T17:51:10.015Z","2026-09-04T17:51:20.000Z","True","150000","15001",,"0","0","0","3910250",,"150235","6370","1",,,,"6255","0.93999999999999995"
"150k-100ms-r03","client","latency-client","2026-09-04T17:51:20.000Z","2026-09-04T17:51:30.002Z","True","150000","15001",,"0","0","0","3903505",,"149980","4979","1",,,,"4865","0.98999999999999999"
"150k-100ms-r03","client","latency-client","2026-09-04T17:51:30.002Z","2026-09-04T17:51:40.006Z","True","150000","15001",,"0","0","0","3902700",,"149950","4757","1",,,,"4643","1.03"
"150k-100ms-r03","client","latency-client","2026-09-04T17:51:40.006Z","2026-09-04T17:51:50.003Z","True","150000","15001",,"0","0","0","3905434",,"150055","4326","1",,,,"4209","1.1000000000000001"
"150k-100ms-r03","client","latency-client","2026-09-04T17:51:50.003Z","2026-09-04T17:52:00.005Z","True","150000","15001",,"0","0","0","3903480",,"149980","4670","1",,,,"4555","1.0600000000000001"
"150k-100ms-r03","client","latency-client","2026-09-04T17:52:00.005Z","2026-09-04T17:52:10.002Z","True","150000","15001",,"0","0","0","3905433",,"150055","4762","1",,,,"4649","1.04"
"150k-100ms-r03","client","latency-client","2026-09-04T17:52:10.002Z","2026-09-04T17:52:20.016Z","True","150000","15001",,"0","0","0","3898804",,"149800","5304","1",,,,"5195","1.1499999999999999"
"150k-100ms-r03","client","latency-client","2026-09-04T17:52:20.016Z","2026-09-04T17:52:30.003Z","True","150000","15001",,"0","0","0","3909344",,"150205","4924","1",,,,"4815","1.05"
"150k-100ms-r03","client","latency-client","2026-09-04T17:52:30.003Z","2026-09-04T17:52:40.011Z","True","150000","15001",,"0","0","0","3901141",,"149890","4901","1",,,,"4793","1.03"
"150k-100ms-r03","client","latency-client","2026-09-04T17:52:40.011Z","2026-09-04T17:52:50.013Z","True","150000","15001",,"0","0","0","3903481",,"149980","4777","1",,,,"4667","1.1000000000000001"
"150k-100ms-r03","client","latency-client","2026-09-04T17:52:50.013Z","2026-09-04T17:53:00.012Z","True","150000","15001",,"0","0","0","3905043",,"150040","5041","1",,,,"4923","1.1499999999999999"
"150k-100ms-r03","client","latency-client","2026-09-04T17:53:00.012Z","2026-09-04T17:53:10.013Z","True","150000","15001",,"0","0","0","3903481",,"149980","5107","1",,,,"4994","1.04"
"150k-100ms-r03","client","latency-client","2026-09-04T17:53:10.013Z","2026-09-04T17:53:20.008Z","True","150000","15001",,"0","0","0","3906215",,"150085","5016","1",,,,"4902","1.1399999999999999"
"150k-100ms-r03","client","latency-client","2026-09-04T17:53:20.008Z","2026-09-04T17:53:30.013Z","True","150000","15001",,"0","0","0","3902311",,"149935","4949","1",,,,"4843","1.0800000000000001"
"150k-100ms-r03","client","latency-client","2026-09-04T17:53:30.013Z","2026-09-04T17:53:40.012Z","True","150000","15001",,"0","0","0","3904685",,"150025","5019","1",,,,"4915","1.1399999999999999"
"150k-100ms-r03","client","latency-client","2026-09-04T17:53:40.012Z","2026-09-04T17:53:50.001Z","True","150000","15001",,"0","0","0","3908684",,"150175","5409","1",,,,"5296","1.1599999999999999"
"150k-100ms-r03","client","latency-client","2026-09-04T17:53:50.001Z","2026-09-04T17:54:00.013Z","True","150000","15001",,"0","0","0","3899704",,"149830","4943","1",,,,"4835","1.05"
"150k-100ms-r03","client","latency-client","2026-09-04T17:54:00.013Z","2026-09-04T17:54:10.012Z","True","150000","15001",,"0","0","0","3904775",,"150025","5001","1",,,,"4891","1.02"
"150k-100ms-r03","client","latency-client","2026-09-04T17:54:10.012Z","2026-09-04T17:54:20.005Z","True","150000","15001",,"0","0","0","3907119",,"150115","4828","1",,,,"4719","1.02"
"150k-100ms-r03","client","latency-client","2026-09-04T17:54:20.005Z","2026-09-04T17:54:30.014Z","True","150000","15001",,"0","0","0","3900874",,"149875","4881","1",,,,"4773","1.0800000000000001"
"150k-100ms-r03","client","latency-client","2026-09-04T17:54:30.014Z","2026-09-04T17:54:40.004Z","True","150000","15001",,"0","0","0","3908293",,"150160","5050","1",,,,"4943","1.0600000000000001"
"150k-100ms-r03","client","latency-client","2026-09-04T17:54:40.004Z","2026-09-04T17:54:50.004Z","True","150000","15001",,"0","0","0","3904384",,"150010","4954","1",,,,"4848","1.05"
"150k-100ms-r03","client","latency-client","2026-09-04T17:54:50.004Z","2026-09-04T17:55:00.009Z","True","150000","15001",,"0","0","0","3902433",,"149935","4696","1",,,,"4588","1.0600000000000001"
"150k-100ms-r03","client","latency-client","2026-09-04T17:55:00.009Z","2026-09-04T17:55:10.016Z","True","150000","15001",,"0","0","0","3901653",,"149905","4745","1",,,,"4636","0.97999999999999998"
"150k-100ms-r03","client","latency-client","2026-09-04T17:55:10.016Z","2026-09-04T17:55:20.003Z","False","150000","15000",,"0","0","0","3440331",,"132180","4952","5",,,,"4846","1.3500000000000001"
"150k-100ms-r03","server","latency-server","2026-09-04T17:44:10.015Z","2026-09-04T17:44:20.015Z","False","150000","15001",,"0","1131","0","10546","1309",,,"1068256",,"43222","126","5038","1.79"
"150k-100ms-r03","server","latency-server","2026-09-04T17:44:20.015Z","2026-09-04T17:44:30.005Z","False","150000","15001",,"0","1814","0","3",,,,"3827753",,"150145","122","7684","1.3100000000000001"
"150k-100ms-r03","server","latency-server","2026-09-04T17:44:30.005Z","2026-09-04T17:44:40.003Z","False","150000","15001",,"0","0","0","1",,,,"3855110",,"150040","122","5746","1.4399999999999999"
"150k-100ms-r03","server","latency-server","2026-09-04T17:44:40.003Z","2026-09-04T17:44:50.014Z","False","150000","15001",,"0","0","0","1",,,,"3850103",,"149845","123","3927","1.4099999999999999"
"150k-100ms-r03","server","latency-server","2026-09-04T17:44:50.014Z","2026-09-04T17:45:00.006Z","False","150000","15001",,"0","0","0","1",,,,"3857424",,"150130","122","6629","1.3500000000000001"
"150k-100ms-r03","server","latency-server","2026-09-04T17:45:00.006Z","2026-09-04T17:45:10.014Z","False","150000","15001",,"0","0","0","1",,,,"3890159",,"151404","124","6009","1.3500000000000001"
"150k-100ms-r03","server","latency-server","2026-09-04T17:45:10.014Z","2026-09-04T17:45:20.004Z","False","150000","15001",,"0","0","0","1",,,,"3819232",,"148643","121","4265","1.28"
"150k-100ms-r03","server","latency-server","2026-09-04T17:45:20.004Z","2026-09-04T17:45:30.014Z","True","150000","15001",,"0","14629","0","1",,,,"3851308",,"149918","120","6732","1.26"
"150k-100ms-r03","server","latency-server","2026-09-04T17:45:30.014Z","2026-09-04T17:45:40.013Z","True","150000","15001",,"0","1340","0","1",,,,"3888383",,"151345","120","5902","1.53"
"150k-100ms-r03","server","latency-server","2026-09-04T17:45:40.013Z","2026-09-04T17:45:50.008Z","True","150000","15001",,"0","12398","0","1",,,,"3821772",,"148705","120","5986","1.4199999999999999"
"150k-100ms-r03","server","latency-server","2026-09-04T17:45:50.008Z","2026-09-04T17:46:00.004Z","True","150000","15001",,"0","0","0","1",,,,"3855880",,"150070","119","5772","1.4299999999999999"
"150k-100ms-r03","server","latency-server","2026-09-04T17:46:00.004Z","2026-09-04T17:46:10.016Z","True","150000","15001",,"0","3169","0","1",,,,"3879360",,"151022","120","5782","1.4199999999999999"
"150k-100ms-r03","server","latency-server","2026-09-04T17:46:10.016Z","2026-09-04T17:46:20.018Z","True","150000","15001",,"0","6152","0","1",,,,"3845564",,"149697","119","5097","1.4399999999999999"
"150k-100ms-r03","server","latency-server","2026-09-04T17:46:20.018Z","2026-09-04T17:46:30.005Z","True","150000","15001",,"0","0","0","1",,,,"3837656",,"149292","119","6387","1.3200000000000001"
"150k-100ms-r03","server","latency-server","2026-09-04T17:46:30.005Z","2026-09-04T17:46:40.008Z","True","150000","15001",,"0","11549","0","1",,,,"3862004",,"150332","119","6092","1.3799999999999999"
"150k-100ms-r03","server","latency-server","2026-09-04T17:46:40.008Z","2026-09-04T17:46:50.011Z","True","150000","15001",,"0","0","0","1",,,,"3844360",,"149597","116","7976","1.4099999999999999"
"150k-100ms-r03","server","latency-server","2026-09-04T17:46:50.011Z","2026-09-04T17:47:00.008Z","True","150000","15001",,"0","0","0","1",,,,"3855495",,"150055","118","5973","1.5"
"150k-100ms-r03","server","latency-server","2026-09-04T17:47:00.008Z","2026-09-04T17:47:10.007Z","True","150000","15001",,"0","0","0","1",,,,"3854723",,"150025","118","7893","1.4399999999999999"
"150k-100ms-r03","server","latency-server","2026-09-04T17:47:10.007Z","2026-09-04T17:47:20.002Z","True","150000","15001",,"0","0","0","1",,,,"3856266",,"150085","118","7023","1.48"
"150k-100ms-r03","server","latency-server","2026-09-04T17:47:20.002Z","2026-09-04T17:47:30.007Z","True","150000","15001",,"0","0","0","1",,,,"3852412",,"149935","118","2031","1.3300000000000001"
"150k-100ms-r03","server","latency-server","2026-09-04T17:47:30.007Z","2026-09-04T17:47:40.007Z","True","150000","15001",,"0","0","0","1",,,,"3854338",,"150010","119","6501","1.51"
"150k-100ms-r03","server","latency-server","2026-09-04T17:47:40.007Z","2026-09-04T17:47:50.011Z","True","150000","15001",,"0","0","0","1",,,,"3852797",,"149950","120","7222","1.3700000000000001"
"150k-100ms-r03","server","latency-server","2026-09-04T17:47:50.011Z","2026-09-04T17:48:00.010Z","True","150000","15001",,"0","0","0","1",,,,"3854724",,"150025","119","7628","1.3500000000000001"
"150k-100ms-r03","server","latency-server","2026-09-04T17:48:00.010Z","2026-09-04T17:48:10.012Z","True","150000","15001",,"0","0","0","1",,,,"3853567",,"149980","118","15887","1.3500000000000001"
"150k-100ms-r03","server","latency-server","2026-09-04T17:48:10.012Z","2026-09-04T17:48:21.854Z","True","150000","15001",,"0","7665","0","1",,,,"3254803",,"126676","117","5967","1.1399999999999999"
"150k-100ms-r03","server","latency-server","2026-09-04T17:48:21.854Z","2026-09-04T17:48:30.006Z","True","150000","15001",,"0","0","0","0",,,,"3877033",,"150893","119","8335","1.3899999999999999"
"150k-100ms-r03","server","latency-server","2026-09-04T17:48:30.006Z","2026-09-04T17:48:40.015Z","True","150000","15001",,"0","0","0","1",,,,"3850873",,"149875","118","7255","1.3799999999999999"
"150k-100ms-r03","server","latency-server","2026-09-04T17:48:40.015Z","2026-09-04T17:48:50.010Z","True","150000","15001",,"0","0","0","1",,,,"3856267",,"150085","119","5584","1.4399999999999999"
"150k-100ms-r03","server","latency-server","2026-09-04T17:48:50.010Z","2026-09-04T17:49:00.005Z","True","150000","15001",,"0","0","0","1",,,,"3856267",,"150085","118","6307","1.46"
"150k-100ms-r03","server","latency-server","2026-09-04T17:49:00.005Z","2026-09-04T17:49:10.015Z","True","150000","15001",,"0","0","0","1",,,,"3850488",,"149860","116","10206","1.4299999999999999"
"150k-100ms-r03","server","latency-server","2026-09-04T17:49:10.015Z","2026-09-04T17:49:20.013Z","True","150000","15001",,"0","0","0","1",,,,"3855110",,"150040","117","8160","1.27"
"150k-100ms-r03","server","latency-server","2026-09-04T17:49:20.013Z","2026-09-04T17:49:30.013Z","True","150000","15001",,"0","0","0","1",,,,"3854338",,"150010","118","3077","1.3400000000000001"
"150k-100ms-r03","server","latency-server","2026-09-04T17:49:30.013Z","2026-09-04T17:49:40.002Z","True","150000","15001",,"0","0","0","1",,,,"3858583",,"150175","117","2257","1.4299999999999999"
"150k-100ms-r03","server","latency-server","2026-09-04T17:49:40.002Z","2026-09-04T17:49:50.008Z","True","150000","15001",,"0","0","0","1",,,,"3852028",,"149920","118","4225","1.4399999999999999"
"150k-100ms-r03","server","latency-server","2026-09-04T17:49:50.008Z","2026-09-04T17:50:00.011Z","True","150000","15001",,"0","0","0","1",,,,"3853183",,"149965","121","7024","1.4399999999999999"
"150k-100ms-r03","server","latency-server","2026-09-04T17:50:00.011Z","2026-09-04T17:50:10.008Z","True","150000","15001",,"0","0","0","1",,,,"3855496",,"150055","120","9474","1.3400000000000001"
"150k-100ms-r03","server","latency-server","2026-09-04T17:50:10.008Z","2026-09-04T17:50:20.002Z","True","150000","15001",,"0","0","0","1",,,,"3856653",,"150100","118","7954","1.4399999999999999"
"150k-100ms-r03","server","latency-server","2026-09-04T17:50:20.002Z","2026-09-04T17:50:30.016Z","True","150000","15001",,"0","0","0","1",,,,"3848951",,"149800","120","5265","1.3700000000000001"
"150k-100ms-r03","server","latency-server","2026-09-04T17:50:30.016Z","2026-09-04T17:50:40.014Z","True","150000","15001",,"0","0","0","1",,,,"3855496",,"150055","118","8110","1.46"
"150k-100ms-r03","server","latency-server","2026-09-04T17:50:40.014Z","2026-09-04T17:50:50.010Z","True","150000","15001",,"0","0","0","1",,,,"3855495",,"150055","120","7028","1.3799999999999999"
"150k-100ms-r03","server","latency-server","2026-09-04T17:50:50.010Z","2026-09-04T17:51:00.015Z","True","150000","15001",,"0","0","0","1",,,,"3852413",,"149935","119","8327","1.3300000000000001"
"150k-100ms-r03","server","latency-server","2026-09-04T17:51:00.015Z","2026-09-04T17:51:10.015Z","True","150000","15001",,"0","0","0","1",,,,"3864348",,"150010","116","9382","1.4199999999999999"
"150k-100ms-r03","server","latency-server","2026-09-04T17:51:10.015Z","2026-09-04T17:51:20.000Z","True","150000","15001",,"0","0","0","1",,,,"3910250",,"150235","115","10623","1.3799999999999999"
"150k-100ms-r03","server","latency-server","2026-09-04T17:51:20.000Z","2026-09-04T17:51:30.002Z","True","150000","15001",,"0","0","0","1",,,,"3903505",,"149980","114","8807","1.4099999999999999"
"150k-100ms-r03","server","latency-server","2026-09-04T17:51:30.002Z","2026-09-04T17:51:40.006Z","True","150000","15001",,"0","0","0","1",,,,"3902700",,"149950","114","7103","1.45"
"150k-100ms-r03","server","latency-server","2026-09-04T17:51:40.006Z","2026-09-04T17:51:50.003Z","True","150000","15001",,"0","0","0","1",,,,"3905434",,"150055","117","6772","1.3"
"150k-100ms-r03","server","latency-server","2026-09-04T17:51:50.003Z","2026-09-04T17:52:00.004Z","True","150000","15001",,"0","0","0","1",,,,"3903871",,"149995","115","4038","1.4099999999999999"
"150k-100ms-r03","server","latency-server","2026-09-04T17:52:00.004Z","2026-09-04T17:52:10.002Z","True","150000","15001",,"0","0","0","1",,,,"3905043",,"150040","114","6707","1.3300000000000001"
"150k-100ms-r03","server","latency-server","2026-09-04T17:52:10.002Z","2026-09-04T17:52:20.016Z","True","150000","15001",,"0","0","0","1",,,,"3898804",,"149800","109","7620","1.4399999999999999"
"150k-100ms-r03","server","latency-server","2026-09-04T17:52:20.016Z","2026-09-04T17:52:30.003Z","True","150000","15001",,"0","0","0","1",,,,"3909344",,"150205","109","6976","1.27"
"150k-100ms-r03","server","latency-server","2026-09-04T17:52:30.003Z","2026-09-04T17:52:40.011Z","True","150000","15001",,"0","0","0","1",,,,"3901141",,"149890","107","6745","1.3799999999999999"
"150k-100ms-r03","server","latency-server","2026-09-04T17:52:40.011Z","2026-09-04T17:52:50.013Z","True","150000","15001",,"0","0","0","1",,,,"3903481",,"149980","110","6162","1.3600000000000001"
"150k-100ms-r03","server","latency-server","2026-09-04T17:52:50.013Z","2026-09-04T17:53:00.011Z","True","150000","15001",,"0","0","0","1",,,,"3905043",,"150040","117","6342","1.3200000000000001"
"150k-100ms-r03","server","latency-server","2026-09-04T17:53:00.011Z","2026-09-04T17:53:10.013Z","True","150000","15001",,"0","0","0","1",,,,"3903481",,"149980","113","5831","1.28"
"150k-100ms-r03","server","latency-server","2026-09-04T17:53:10.013Z","2026-09-04T17:53:20.008Z","True","150000","15001",,"0","0","0","1",,,,"3906215",,"150085","113","17505","1.3899999999999999"
"150k-100ms-r03","server","latency-server","2026-09-04T17:53:20.008Z","2026-09-04T17:53:30.014Z","True","150000","15001",,"0","0","0","1",,,,"3901921",,"149920","106","7413","1.3500000000000001"
"150k-100ms-r03","server","latency-server","2026-09-04T17:53:30.014Z","2026-09-04T17:53:40.012Z","True","150000","15001",,"0","0","0","1",,,,"3905076",,"150040","104","8787","1.3899999999999999"
"150k-100ms-r03","server","latency-server","2026-09-04T17:53:40.012Z","2026-09-04T17:53:50.017Z","True","150000","15001",,"0","0","0","1",,,,"3902433",,"149935","112","7221","1.3300000000000001"
"150k-100ms-r03","server","latency-server","2026-09-04T17:53:50.017Z","2026-09-04T17:54:00.013Z","True","150000","15001",,"0","0","0","1",,,,"3905946",,"150070","108","8364","1.3200000000000001"
"150k-100ms-r03","server","latency-server","2026-09-04T17:54:00.013Z","2026-09-04T17:54:10.012Z","True","150000","15001",,"0","0","0","1",,,,"3904775",,"150025","109","6749","1.4299999999999999"
"150k-100ms-r03","server","latency-server","2026-09-04T17:54:10.012Z","2026-09-04T17:54:20.005Z","True","150000","15001",,"0","0","0","1",,,,"3907119",,"150115","109","5353","1.3400000000000001"
"150k-100ms-r03","server","latency-server","2026-09-04T17:54:20.005Z","2026-09-04T17:54:30.020Z","True","150000","15001",,"0","0","0","1",,,,"3898536",,"149785","109","6889","1.3200000000000001"
"150k-100ms-r03","server","latency-server","2026-09-04T17:54:30.020Z","2026-09-04T17:54:40.004Z","True","150000","15001",,"0","0","0","1",,,,"3910641",,"150250","107","8852","1.3100000000000001"
"150k-100ms-r03","server","latency-server","2026-09-04T17:54:40.004Z","2026-09-04T17:54:50.004Z","True","150000","15001",,"0","0","0","1",,,,"3904384",,"150010","106","6684","1.3999999999999999"
"150k-100ms-r03","server","latency-server","2026-09-04T17:54:50.004Z","2026-09-04T17:55:00.009Z","True","150000","15001",,"0","0","0","1",,,,"3902433",,"149935","108","8871","1.27"
"150k-100ms-r03","server","latency-server","2026-09-04T17:55:00.009Z","2026-09-04T17:55:10.000Z","True","150000","15001",,"0","0","0","1",,,,"3907901",,"150145","109","6678","1.3"
"150k-100ms-r03","server","latency-server","2026-09-04T17:55:10.000Z","2026-09-04T17:55:20.003Z","False","150000","15000",,"0","0","0","4",,,,"3434828",,"131969","106","6113","1.1499999999999999"
"150k-10ms-r01","client","latency-client","2026-09-04T15:57:40.016Z","2026-09-04T15:57:50.016Z","False","150000","1501",,"0","0","0","3695340",,"149826","1025","1208","161",,,"884","2.4700000000000002"
"150k-10ms-r01","client","latency-client","2026-09-04T15:57:50.016Z","2026-09-04T15:58:00.009Z","False","150000","1501",,"0","0","0","3705247",,"149889","445","1",,,,"302","0.78000000000000003"
"150k-10ms-r01","client","latency-client","2026-09-04T15:58:00.009Z","2026-09-04T15:58:10.001Z","False","150000","1501",,"0","243","0","3689037",,"149258","448","1",,,,"307","0.91000000000000003"
"150k-10ms-r01","client","latency-client","2026-09-04T15:58:10.001Z","2026-09-04T15:58:20.013Z","False","150000","1501",,"0","0","0","3682152",,"148930","464","1",,,,"323","0.76000000000000001"
"150k-10ms-r01","client","latency-client","2026-09-04T15:58:20.013Z","2026-09-04T15:58:30.010Z","False","150000","1501",,"0","48","0","3724085",,"149010","431","1",,,,"289","0.68000000000000005"
"150k-10ms-r01","client","latency-client","2026-09-04T15:58:30.010Z","2026-09-04T15:58:40.005Z","False","150000","1501",,"0","0","0","3734384",,"149057","417","1",,,,"278","0.87"
"150k-10ms-r01","client","latency-client","2026-09-04T15:58:40.005Z","2026-09-04T15:58:50.011Z","False","150000","1501",,"0","0","0","3746927",,"149571","508","1",,,,"370","1.1499999999999999"
"150k-10ms-r01","client","latency-client","2026-09-04T15:58:50.011Z","2026-09-04T15:59:00.009Z","True","150000","1501",,"0","0","0","3723575",,"148616","568","1",,,,"432","1.26"
"150k-10ms-r01","client","latency-client","2026-09-04T15:59:00.009Z","2026-09-04T15:59:10.002Z","True","150000","1501",,"0","0","0","3801823",,"149003","565","1",,,,"428","1.3999999999999999"
"150k-10ms-r01","client","latency-client","2026-09-04T15:59:10.002Z","2026-09-04T15:59:20.001Z","True","150000","1501",,"0","320","0","3828501",,"148888","509","1",,,,"373","1.28"
"150k-10ms-r01","client","latency-client","2026-09-04T15:59:20.001Z","2026-09-04T15:59:30.013Z","True","150000","1501",,"0","0","0","3826414",,"148746","518","1",,,,"382","1.3400000000000001"
"150k-10ms-r01","client","latency-client","2026-09-04T15:59:30.013Z","2026-09-04T15:59:40.007Z","True","150000","1501",,"0","0","0","3839588",,"149288","556","1",,,,"419","1.2"
"150k-10ms-r01","client","latency-client","2026-09-04T15:59:40.007Z","2026-09-04T15:59:50.001Z","True","150000","1501",,"0","250","0","3827997",,"148838","540","1",,,,"404","1.1100000000000001"
"150k-10ms-r01","client","latency-client","2026-09-04T15:59:50.001Z","2026-09-04T16:00:00.010Z","True","150000","1501",,"0","0","0","3815350",,"148348","511","1",,,,"373","1.3500000000000001"
"150k-10ms-r01","client","latency-client","2026-09-04T16:00:00.010Z","2026-09-04T16:00:10.006Z","True","150000","1501",,"0","0","0","3814844",,"148324","508","1",,,,"374","1.29"
"150k-10ms-r01","client","latency-client","2026-09-04T16:00:10.006Z","2026-09-04T16:00:20.008Z","True","150000","1501",,"0","0","0","3836515",,"149169","533","1",,,,"398","1.1799999999999999"
"150k-10ms-r01","client","latency-client","2026-09-04T16:00:20.008Z","2026-09-04T16:00:30.005Z","True","150000","1501",,"0","0","0","3834572",,"149094","564","1",,,,"427","1.4399999999999999"
"150k-10ms-r01","client","latency-client","2026-09-04T16:00:30.005Z","2026-09-04T16:00:40.002Z","True","150000","1501",,"0","50","0","3857743",,"149994","505","1",,,,"370","1.21"
"150k-10ms-r01","client","latency-client","2026-09-04T16:00:40.002Z","2026-09-04T16:00:50.008Z","True","150000","1501",,"0","0","0","3838840",,"149259","804","1",,,,"668","1.27"
"150k-10ms-r01","client","latency-client","2026-09-04T16:00:50.008Z","2026-09-04T16:01:00.001Z","True","150000","1501",,"0","0","0","3859287",,"150054","1005","1",,,,"869","1.26"
"150k-10ms-r01","client","latency-client","2026-09-04T16:01:00.001Z","2026-09-04T16:01:10.014Z","True","150000","1501",,"0","0","0","3813023",,"148256","530","1",,,,"396","1.2"
"150k-10ms-r01","client","latency-client","2026-09-04T16:01:10.014Z","2026-09-04T16:01:20.014Z","True","150000","1501",,"0","0","0","3848864",,"149649","520","1",,,,"385","1.3200000000000001"
"150k-10ms-r01","client","latency-client","2026-09-04T16:01:20.014Z","2026-09-04T16:01:30.001Z","True","150000","1501",,"0","0","0","3850009",,"149694","538","1",,,,"404","1.3100000000000001"
"150k-10ms-r01","client","latency-client","2026-09-04T16:01:30.001Z","2026-09-04T16:01:40.009Z","True","150000","1501",,"0","0","0","3845806",,"149538","555","1",,,,"420","1.26"
"150k-10ms-r01","client","latency-client","2026-09-04T16:01:40.009Z","2026-09-04T16:01:50.008Z","True","150000","1501",,"0","0","0","3833788",,"149055","575","1",,,,"443","1.21"
"150k-10ms-r01","client","latency-client","2026-09-04T16:01:50.008Z","2026-09-04T16:02:00.014Z","True","150000","1501",,"0","0","0","3854271",,"149859","571","1",,,,"434","1.1599999999999999"
"150k-10ms-r01","client","latency-client","2026-09-04T16:02:00.014Z","2026-09-04T16:02:10.009Z","True","150000","1501",,"0","0","0","3843065",,"149424","560","1",,,,"425","1.26"
"150k-10ms-r01","client","latency-client","2026-09-04T16:02:10.009Z","2026-09-04T16:02:20.010Z","True","150000","1501",,"0","0","0","3833039",,"149034","533","1",,,,"399","1.3200000000000001"
"150k-10ms-r01","client","latency-client","2026-09-04T16:02:20.010Z","2026-09-04T16:02:30.004Z","True","150000","1501",,"0","0","0","3855038",,"149889","528","1",,,,"419","1.1899999999999999"
"150k-10ms-r01","client","latency-client","2026-09-04T16:02:30.004Z","2026-09-04T16:02:40.002Z","True","150000","1501",,"0","0","0","3861214",,"150130","472","1",,,,"395","1.0800000000000001"
"150k-10ms-r01","client","latency-client","2026-09-04T16:02:40.002Z","2026-09-04T16:02:50.015Z","True","150000","1501",,"0","0","0","3859285",,"150055","462","1",,,,"375","0.95999999999999996"
"150k-10ms-r01","client","latency-client","2026-09-04T16:02:50.015Z","2026-09-04T16:03:00.000Z","True","150000","1501",,"0","231","0","3854601",,"149874","508","1",,,,"394","1.23"
"150k-10ms-r01","client","latency-client","2026-09-04T16:03:00.000Z","2026-09-04T16:03:10.003Z","True","150000","1501",,"0","0","0","3859205",,"150054","521","1",,,,"416","1.1200000000000001"
"150k-10ms-r01","client","latency-client","2026-09-04T16:03:10.003Z","2026-09-04T16:03:20.013Z","True","150000","1501",,"0","0","0","3852733",,"149800","529","1",,,,"402","1.22"
"150k-10ms-r01","client","latency-client","2026-09-04T16:03:20.013Z","2026-09-04T16:03:30.010Z","True","150000","1501",,"0","0","0","3844702",,"149492","571","1",,,,"440","1.3100000000000001"
"150k-10ms-r01","client","latency-client","2026-09-04T16:03:30.010Z","2026-09-04T16:03:40.001Z","True","150000","1501",,"0","320","0","3860861",,"150113","566","1",,,,"441","1.22"
"150k-10ms-r01","client","latency-client","2026-09-04T16:03:40.001Z","2026-09-04T16:03:50.015Z","True","150000","1501",,"0","0","0","3855701",,"149913","581","1",,,,"457","1.1200000000000001"
"150k-10ms-r01","client","latency-client","2026-09-04T16:03:50.015Z","2026-09-04T16:04:00.003Z","True","150000","1501",,"0","0","0","3845731",,"149528","612","1",,,,"488","1.3200000000000001"
"150k-10ms-r01","client","latency-client","2026-09-04T16:04:00.003Z","2026-09-04T16:04:10.006Z","True","150000","1501",,"0","0","0","3851444",,"149754","609","1",,,,"485","1.22"
"150k-10ms-r01","client","latency-client","2026-09-04T16:04:10.006Z","2026-09-04T16:04:20.015Z","True","150000","1501",,"0","0","0","3849136",,"149665","558","1",,,,"432","1.1599999999999999"
"150k-10ms-r01","client","latency-client","2026-09-04T16:04:20.015Z","2026-09-04T16:04:30.007Z","True","150000","1501",,"0","0","0","3855684",,"149919","526","1",,,,"399","1.3200000000000001"
"150k-10ms-r01","client","latency-client","2026-09-04T16:04:30.007Z","2026-09-04T16:04:40.013Z","True","150000","1501",,"0","0","0","3850290",,"149709","589","1",,,,"461","1.1899999999999999"
"150k-10ms-r01","client","latency-client","2026-09-04T16:04:40.013Z","2026-09-04T16:04:50.014Z","True","150000","1501",,"0","0","0","3848354",,"149634","561","1",,,,"432","1.3899999999999999"
"150k-10ms-r01","client","latency-client","2026-09-04T16:04:50.014Z","2026-09-04T16:05:00.016Z","True","150000","1501",,"0","0","0","3851829",,"149769","519","1",,,,"383","1.25"
"150k-10ms-r01","client","latency-client","2026-09-04T16:05:00.016Z","2026-09-04T16:05:10.010Z","True","150000","1501",,"0","58","0","3859593",,"150099","521","1",,,,"386","1.3400000000000001"
"150k-10ms-r01","client","latency-client","2026-09-04T16:05:10.010Z","2026-09-04T16:05:20.009Z","True","150000","1501",,"0","0","0","3852170",,"149755","516","1",,,,"382","1.3"
"150k-10ms-r01","client","latency-client","2026-09-04T16:05:20.009Z","2026-09-04T16:05:30.001Z","True","150000","1501",,"0","0","0","3855684",,"149919","547","1",,,,"412","1.3899999999999999"
"150k-10ms-r01","client","latency-client","2026-09-04T16:05:30.001Z","2026-09-04T16:05:40.015Z","True","150000","1501",,"0","0","0","3854924",,"149890","528","1",,,,"392","1.3100000000000001"
"150k-10ms-r01","client","latency-client","2026-09-04T16:05:40.015Z","2026-09-04T16:05:50.017Z","True","150000","1501",,"0","0","0","3856089",,"149946","527","1",,,,"393","1.45"
"150k-10ms-r01","client","latency-client","2026-09-04T16:05:50.017Z","2026-09-04T16:06:00.018Z","True","150000","1501",,"0","0","0","3857290",,"150006","553","1",,,,"419","1.3200000000000001"
"150k-10ms-r01","client","latency-client","2026-09-04T16:06:00.018Z","2026-09-04T16:06:10.002Z","True","150000","1501",,"0","0","0","3849423",,"149640","619","1",,,,"487","1.29"
"150k-10ms-r01","client","latency-client","2026-09-04T16:06:10.002Z","2026-09-04T16:06:20.018Z","True","150000","1501",,"0","231","0","3854241",,"149860","608","1",,,,"477","1.3500000000000001"
"150k-10ms-r01","client","latency-client","2026-09-04T16:06:20.018Z","2026-09-04T16:06:30.005Z","True","150000","1501",,"0","0","0","3850009",,"149694","587","1",,,,"459","1.1299999999999999"
"150k-10ms-r01","client","latency-client","2026-09-04T16:06:30.005Z","2026-09-04T16:06:40.015Z","True","150000","1501",,"0","0","0","3856589",,"149950","571","1",,,,"441","1.1399999999999999"
"150k-10ms-r01","client","latency-client","2026-09-04T16:06:40.015Z","2026-09-04T16:06:50.006Z","True","150000","1501",,"0","0","0","3852331",,"149784","550","1",,,,"421","1.27"
"150k-10ms-r01","client","latency-client","2026-09-04T16:06:50.006Z","2026-09-04T16:07:00.002Z","True","150000","1501",,"0","0","0","3861990",,"150160","582","1",,,,"455","1.24"
"150k-10ms-r01","client","latency-client","2026-09-04T16:07:00.002Z","2026-09-04T16:07:10.000Z","True","150000","1501",,"0","47","0","3840469",,"149351","615","1",,,,"491","1.25"
"150k-10ms-r01","client","latency-client","2026-09-04T16:07:10.000Z","2026-09-04T16:07:20.005Z","True","150000","1501",,"0","0","0","3859958",,"150052","582","1",,,,"457","1.25"
"150k-10ms-r01","client","latency-client","2026-09-04T16:07:20.005Z","2026-09-04T16:07:30.009Z","True","150000","1501",,"0","0","0","3847325",,"149589","571","1",,,,"445","1.1299999999999999"
"150k-10ms-r01","client","latency-client","2026-09-04T16:07:30.009Z","2026-09-04T16:07:40.009Z","True","150000","1501",,"0","0","0","3852724",,"149799","568","1",,,,"443","1.1699999999999999"
"150k-10ms-r01","client","latency-client","2026-09-04T16:07:40.009Z","2026-09-04T16:07:50.009Z","True","150000","1501",,"0","0","0","3848866",,"149649","542","1",,,,"417","1.27"
"150k-10ms-r01","client","latency-client","2026-09-04T16:07:50.009Z","2026-09-04T16:08:00.006Z","True","150000","1501",,"0","0","0","3857741",,"149994","585","1",,,,"459","1.1299999999999999"
"150k-10ms-r01","client","latency-client","2026-09-04T16:08:00.006Z","2026-09-04T16:08:10.006Z","True","150000","1501",,"0","0","0","3860446",,"150100","576","1",,,,"448","1.26"
"150k-10ms-r01","client","latency-client","2026-09-04T16:08:10.006Z","2026-09-04T16:08:20.004Z","True","150000","1501",,"0","0","0","3853496",,"149829","542","1",,,,"412","1.23"
"150k-10ms-r01","client","latency-client","2026-09-04T16:08:20.004Z","2026-09-04T16:08:30.001Z","True","150000","1501",,"0","0","0","3850833",,"149757","518","1",,,,"388","1.1799999999999999"
"150k-10ms-r01","client","latency-client","2026-09-04T16:08:30.001Z","2026-09-04T16:08:40.016Z","True","150000","1501",,"0","0","0","3861561",,"150111","546","1",,,,"416","1.1599999999999999"
"150k-10ms-r01","server","latency-server","2026-09-04T15:57:30.005Z","2026-09-04T15:57:40.005Z","False","150000","0",,"0","0","0","0",,,,"0",,,,,"2.1299999999999999"
"150k-10ms-r01","server","latency-server","2026-09-04T15:57:40.005Z","2026-09-04T15:57:50.015Z","False","150000","1501",,"0","0","0","1124","149",,,"3439509",,"139453","140","481","3.1299999999999999"
"150k-10ms-r01","server","latency-server","2026-09-04T15:57:50.015Z","2026-09-04T15:58:00.010Z","False","150000","1501",,"0","0","0","1",,,,"3705247",,"149889","142","430","3.4199999999999999"
"150k-10ms-r01","server","latency-server","2026-09-04T15:58:00.010Z","2026-09-04T15:58:10.001Z","False","150000","1501",,"0","185","0","1",,,,"3690646",,"149313","141","342","3.3999999999999999"
"150k-10ms-r01","server","latency-server","2026-09-04T15:58:10.001Z","2026-09-04T15:58:20.013Z","False","150000","1501",,"0","0","0","1",,,,"3680545",,"148876","142","513","3.3999999999999999"
"150k-10ms-r01","server","latency-server","2026-09-04T15:58:20.013Z","2026-09-04T15:58:30.010Z","False","150000","1501",,"0","202","0","1",,,,"3726240",,"149094","142","469","3.3999999999999999"
"150k-10ms-r01","server","latency-server","2026-09-04T15:58:30.010Z","2026-09-04T15:58:40.005Z","False","150000","1501",,"0","0","0","1",,,,"3732602",,"148988","139","533","3.3999999999999999"
"150k-10ms-r01","server","latency-server","2026-09-04T15:58:40.005Z","2026-09-04T15:58:50.003Z","False","150000","1501",,"0","0","0","1",,,,"3749540",,"149664","138","336","3.3999999999999999"
"150k-10ms-r01","server","latency-server","2026-09-04T15:58:50.003Z","2026-09-04T15:59:00.009Z","True","150000","1501",,"0","0","0","1",,,,"3720608",,"148509","136","183","3.4500000000000002"
"150k-10ms-r01","server","latency-server","2026-09-04T15:59:00.009Z","2026-09-04T15:59:10.002Z","True","150000","1501",,"0","0","0","1",,,,"3801823",,"149003","137","235","3.3999999999999999"
"150k-10ms-r01","server","latency-server","2026-09-04T15:59:10.002Z","2026-09-04T15:59:20.001Z","True","150000","1501",,"0","0","0","1",,,,"3829945",,"148914","137","285","3.4199999999999999"
"150k-10ms-r01","server","latency-server","2026-09-04T15:59:20.001Z","2026-09-04T15:59:30.013Z","True","150000","1501",,"0","0","0","1",,,,"3824972",,"148720","136","406","3.3900000000000001"
"150k-10ms-r01","server","latency-server","2026-09-04T15:59:30.013Z","2026-09-04T15:59:40.007Z","True","150000","1501",,"0","0","0","1",,,,"3839588",,"149288","137","328","3.4199999999999999"
"150k-10ms-r01","server","latency-server","2026-09-04T15:59:40.007Z","2026-09-04T15:59:50.001Z","True","150000","1501",,"0","0","0","1",,,,"3827997",,"148838","137","255","3.4300000000000002"
"150k-10ms-r01","server","latency-server","2026-09-04T15:59:50.001Z","2026-09-04T16:00:00.010Z","True","150000","1501",,"0","863","0","1",,,,"3816158",,"148381","137","181","3.3999999999999999"
"150k-10ms-r01","server","latency-server","2026-09-04T16:00:00.010Z","2026-09-04T16:00:10.006Z","True","150000","1501",,"0","0","0","1",,,,"3814035",,"148291","134","179","3.4199999999999999"
"150k-10ms-r01","server","latency-server","2026-09-04T16:00:10.006Z","2026-09-04T16:00:20.008Z","True","150000","1501",,"0","0","0","1",,,,"3836515",,"149169","135","198","3.4100000000000001"
"150k-10ms-r01","server","latency-server","2026-09-04T16:00:20.008Z","2026-09-04T16:00:30.005Z","True","150000","1501",,"0","0","0","1",,,,"3834572",,"149094","137","231","3.3900000000000001"
"150k-10ms-r01","server","latency-server","2026-09-04T16:00:30.005Z","2026-09-04T16:00:40.002Z","True","150000","1501",,"0","0","0","1",,,,"3857743",,"149994","135","254","3.4700000000000002"
"150k-10ms-r01","server","latency-server","2026-09-04T16:00:40.002Z","2026-09-04T16:00:50.008Z","True","150000","1501",,"0","0","0","1",,,,"3838840",,"149259","136","3285","3.4199999999999999"
"150k-10ms-r01","server","latency-server","2026-09-04T16:00:50.008Z","2026-09-04T16:01:00.001Z","True","150000","1501",,"0","0","0","1",,,,"3859287",,"150054","137","5858","3.4399999999999999"
"150k-10ms-r01","server","latency-server","2026-09-04T16:01:00.001Z","2026-09-04T16:01:10.014Z","True","150000","1501",,"0","0","0","1",,,,"3813023",,"148256","135","697","3.4100000000000001"
"150k-10ms-r01","server","latency-server","2026-09-04T16:01:10.014Z","2026-09-04T16:01:20.014Z","True","150000","1501",,"0","0","0","1",,,,"3848864",,"149649","136","469","3.3900000000000001"
"150k-10ms-r01","server","latency-server","2026-09-04T16:01:20.014Z","2026-09-04T16:01:30.001Z","True","150000","1501",,"0","0","0","1",,,,"3850009",,"149694","134","285","3.4500000000000002"
"150k-10ms-r01","server","latency-server","2026-09-04T16:01:30.001Z","2026-09-04T16:01:40.009Z","True","150000","1501",,"0","1167","0","1",,,,"3846602",,"149572","134","300","3.4300000000000002"
"150k-10ms-r01","server","latency-server","2026-09-04T16:01:40.009Z","2026-09-04T16:01:50.007Z","True","150000","1501",,"0","0","0","1",,,,"3833375",,"149036","133","295","3.3799999999999999"
"150k-10ms-r01","server","latency-server","2026-09-04T16:01:50.007Z","2026-09-04T16:02:00.014Z","True","150000","1501",,"0","0","0","1",,,,"3853886",,"149845","137","387","3.3799999999999999"
"150k-10ms-r01","server","latency-server","2026-09-04T16:02:00.014Z","2026-09-04T16:02:10.009Z","True","150000","1501",,"0","0","0","1",,,,"3843065",,"149424","135","400","3.4300000000000002"
"150k-10ms-r01","server","latency-server","2026-09-04T16:02:10.009Z","2026-09-04T16:02:20.010Z","True","150000","1501",,"0","0","0","1",,,,"3833039",,"149034","134","632","3.4100000000000001"
"150k-10ms-r01","server","latency-server","2026-09-04T16:02:20.010Z","2026-09-04T16:02:30.004Z","True","150000","1501",,"0","0","0","1",,,,"3855038",,"149889","109","798","3.4100000000000001"
"150k-10ms-r01","server","latency-server","2026-09-04T16:02:30.004Z","2026-09-04T16:02:40.002Z","True","150000","1501",,"0","0","0","1",,,,"3861214",,"150130","78","553","3.3300000000000001"
"150k-10ms-r01","server","latency-server","2026-09-04T16:02:40.002Z","2026-09-04T16:02:50.015Z","True","150000","1501",,"0","0","0","1",,,,"3859285",,"150055","87","755","3.29"
"150k-10ms-r01","server","latency-server","2026-09-04T16:02:50.015Z","2026-09-04T16:03:00.000Z","True","150000","1501",,"0","0","0","1",,,,"3854601",,"149874","114","283","3.3599999999999999"
"150k-10ms-r01","server","latency-server","2026-09-04T16:03:00.000Z","2026-09-04T16:03:10.003Z","True","150000","1501",,"0","0","0","1",,,,"3859205",,"150054","105","200","3.3500000000000001"
"150k-10ms-r01","server","latency-server","2026-09-04T16:03:10.003Z","2026-09-04T16:03:20.013Z","True","150000","1501",,"0","0","0","1",,,,"3852733",,"149800","128","324","3.4199999999999999"
"150k-10ms-r01","server","latency-server","2026-09-04T16:03:20.013Z","2026-09-04T16:03:30.010Z","True","150000","1501",,"0","0","0","1",,,,"3846158",,"149544","131","459","3.4399999999999999"
"150k-10ms-r01","server","latency-server","2026-09-04T16:03:30.010Z","2026-09-04T16:03:40.001Z","True","150000","1501",,"0","0","0","1",,,,"3860060",,"150084","125","478","3.4100000000000001"
"150k-10ms-r01","server","latency-server","2026-09-04T16:03:40.001Z","2026-09-04T16:03:50.015Z","True","150000","1501",,"0","0","0","1",,,,"3855048",,"149890","124","436","3.3700000000000001"
"150k-10ms-r01","server","latency-server","2026-09-04T16:03:50.015Z","2026-09-04T16:04:00.003Z","True","150000","1501",,"0","0","0","1",,,,"3845731",,"149528","125","592","3.4199999999999999"
"150k-10ms-r01","server","latency-server","2026-09-04T16:04:00.003Z","2026-09-04T16:04:10.006Z","True","150000","1501",,"0","0","0","1",,,,"3851444",,"149754","124","518","3.3799999999999999"
"150k-10ms-r01","server","latency-server","2026-09-04T16:04:10.006Z","2026-09-04T16:04:20.015Z","True","150000","1501",,"0","0","0","1",,,,"3849136",,"149665","126","320","3.4500000000000002"
"150k-10ms-r01","server","latency-server","2026-09-04T16:04:20.015Z","2026-09-04T16:04:30.007Z","True","150000","1501",,"0","0","0","1",,,,"3855684",,"149919","127","390","3.4300000000000002"
"150k-10ms-r01","server","latency-server","2026-09-04T16:04:30.007Z","2026-09-04T16:04:40.013Z","True","150000","1501",,"0","0","0","1",,,,"3850290",,"149709","128","211","3.4300000000000002"
"150k-10ms-r01","server","latency-server","2026-09-04T16:04:40.013Z","2026-09-04T16:04:50.014Z","True","150000","1501",,"0","0","0","1",,,,"3848354",,"149634","129","276","3.3700000000000001"
"150k-10ms-r01","server","latency-server","2026-09-04T16:04:50.014Z","2026-09-04T16:05:00.015Z","True","150000","1501",,"0","0","0","1",,,,"3852214",,"149784","136","418","3.3700000000000001"
"150k-10ms-r01","server","latency-server","2026-09-04T16:05:00.015Z","2026-09-04T16:05:10.010Z","True","150000","1501",,"0","647","0","1",,,,"3860796",,"150123","135","620","3.3900000000000001"
"150k-10ms-r01","server","latency-server","2026-09-04T16:05:10.010Z","2026-09-04T16:05:20.009Z","True","150000","1501",,"0","0","0","1",,,,"3850581",,"149716","134","331","3.3999999999999999"
"150k-10ms-r01","server","latency-server","2026-09-04T16:05:20.009Z","2026-09-04T16:05:30.001Z","True","150000","1501",,"0","0","0","1",,,,"3855684",,"149919","135","628","3.4199999999999999"
"150k-10ms-r01","server","latency-server","2026-09-04T16:05:30.001Z","2026-09-04T16:05:40.015Z","True","150000","1501",,"0","0","0","1",,,,"3854924",,"149890","135","830","3.3799999999999999"
"150k-10ms-r01","server","latency-server","2026-09-04T16:05:40.015Z","2026-09-04T16:05:50.009Z","True","150000","1501",,"0","0","0","1",,,,"3858776",,"150039","135","522","3.3700000000000001"
"150k-10ms-r01","server","latency-server","2026-09-04T16:05:50.009Z","2026-09-04T16:06:00.012Z","True","150000","1501",,"0","0","0","1",,,,"3859163",,"150054","134","293","3.3599999999999999"
"150k-10ms-r01","server","latency-server","2026-09-04T16:06:00.012Z","2026-09-04T16:06:10.002Z","True","150000","1501",,"0","0","0","1",,,,"3844864",,"149498","131","431","3.3100000000000001"
"150k-10ms-r01","server","latency-server","2026-09-04T16:06:10.002Z","2026-09-04T16:06:20.011Z","True","150000","1501",,"0","0","0","1",,,,"3856936",,"149965","130","612","3.3900000000000001"
"150k-10ms-r01","server","latency-server","2026-09-04T16:06:20.011Z","2026-09-04T16:06:30.005Z","True","150000","1501",,"0","0","0","1",,,,"3847312",,"149589","128","789","3.4100000000000001"
"150k-10ms-r01","server","latency-server","2026-09-04T16:06:30.005Z","2026-09-04T16:06:40.015Z","True","150000","1501",,"0","0","0","1",,,,"3856589",,"149950","129","365","3.3599999999999999"
"150k-10ms-r01","server","latency-server","2026-09-04T16:06:40.015Z","2026-09-04T16:06:50.006Z","True","150000","1501",,"0","0","0","1",,,,"3852331",,"149784","129","299","3.3799999999999999"
"150k-10ms-r01","server","latency-server","2026-09-04T16:06:50.006Z","2026-09-04T16:07:00.002Z","True","150000","1501",,"0","0","0","1",,,,"3861990",,"150160","127","316","3.3999999999999999"
"150k-10ms-r01","server","latency-server","2026-09-04T16:07:00.002Z","2026-09-04T16:07:10.017Z","True","150000","1501",,"0","0","0","1",,,,"3839245",,"149275","125","607","3.3900000000000001"
"150k-10ms-r01","server","latency-server","2026-09-04T16:07:10.017Z","2026-09-04T16:07:20.005Z","True","150000","1501",,"0","0","0","1",,,,"3861219",,"150130","124","537","3.3700000000000001"
"150k-10ms-r01","server","latency-server","2026-09-04T16:07:20.005Z","2026-09-04T16:07:30.009Z","True","150000","1501",,"0","0","0","1",,,,"3847325",,"149589","125","420","3.3999999999999999"
"150k-10ms-r01","server","latency-server","2026-09-04T16:07:30.009Z","2026-09-04T16:07:40.009Z","True","150000","1501",,"0","1356","0","1",,,,"3853527",,"149833","125","236","3.3799999999999999"
"150k-10ms-r01","server","latency-server","2026-09-04T16:07:40.009Z","2026-09-04T16:07:50.009Z","True","150000","1501",,"0","0","0","1",,,,"3848062",,"149616","125","321","3.3500000000000001"
"150k-10ms-r01","server","latency-server","2026-09-04T16:07:50.009Z","2026-09-04T16:08:00.006Z","True","150000","1501",,"0","0","0","1",,,,"3857741",,"149994","125","421","3.3999999999999999"
"150k-10ms-r01","server","latency-server","2026-09-04T16:08:00.006Z","2026-09-04T16:08:10.006Z","True","150000","1501",,"0","0","0","1",,,,"3860446",,"150100","129","429","3.3900000000000001"
"150k-10ms-r01","server","latency-server","2026-09-04T16:08:10.006Z","2026-09-04T16:08:20.004Z","True","150000","1501",,"0","0","0","1",,,,"3853496",,"149829","129","327","3.3999999999999999"
"150k-10ms-r01","server","latency-server","2026-09-04T16:08:20.004Z","2026-09-04T16:08:30.001Z","True","150000","1501",,"0","548","0","1",,,,"3852432",,"149793","130","322","3.3900000000000001"
"150k-10ms-r01","server","latency-server","2026-09-04T16:08:30.001Z","2026-09-04T16:08:40.016Z","True","150000","1501",,"0","0","0","1",,,,"3859964",,"150076","130","424","3.3700000000000001"
"150k-10ms-r02","client","latency-client","2026-09-04T16:33:10.003Z","2026-09-04T16:33:20.003Z","False","150000","1501",,"0","0","0","3682597",,"149354","1133","1364","181",,,"1006","2.7999999999999998"
"150k-10ms-r02","client","latency-client","2026-09-04T16:33:20.003Z","2026-09-04T16:33:30.010Z","False","150000","1501",,"0","0","0","3707480",,"149980","455","1",,,,"326","0.81999999999999995"
"150k-10ms-r02","client","latency-client","2026-09-04T16:33:30.010Z","2026-09-04T16:33:40.013Z","False","150000","1501",,"0","0","0","3701920",,"149765","585","1",,,,"455","0.68999999999999995"
"150k-10ms-r02","client","latency-client","2026-09-04T16:33:40.013Z","2026-09-04T16:33:50.005Z","False","150000","1501",,"0","0","0","3697251",,"149589","786","1",,,,"658","0.66000000000000003"
"150k-10ms-r02","client","latency-client","2026-09-04T16:33:50.005Z","2026-09-04T16:34:00.013Z","False","150000","1501",,"0","0","0","3733480",,"149548","469","1",,,,"342","0.88"
"150k-10ms-r02","client","latency-client","2026-09-04T16:34:00.013Z","2026-09-04T16:34:10.001Z","False","150000","1501",,"0","0","0","3738610",,"149228","476","1",,,,"346","0.77000000000000002"
"150k-10ms-r02","client","latency-client","2026-09-04T16:34:10.001Z","2026-09-04T16:34:20.008Z","False","150000","1501",,"0","0","0","3754056",,"149845","538","1",,,,"409","1.1299999999999999"
"150k-10ms-r02","client","latency-client","2026-09-04T16:34:20.008Z","2026-09-04T16:34:30.003Z","True","150000","1501",,"0","0","0","3747277",,"149574","734","1",,,,"607","1.1599999999999999"
"150k-10ms-r02","client","latency-client","2026-09-04T16:34:30.003Z","2026-09-04T16:34:40.015Z","True","150000","1501",,"0","0","0","3820622",,"150070","1118","1",,,,"989","1.25"
"150k-10ms-r02","client","latency-client","2026-09-04T16:34:40.015Z","2026-09-04T16:34:50.001Z","True","150000","1501",,"0","0","0","3854260",,"149859","636","1",,,,"506","1.3100000000000001"
"150k-10ms-r02","client","latency-client","2026-09-04T16:34:50.001Z","2026-09-04T16:35:00.011Z","True","150000","1501",,"0","0","0","3852732",,"149800","485","1",,,,"356","1.3200000000000001"
"150k-10ms-r02","client","latency-client","2026-09-04T16:35:00.011Z","2026-09-04T16:35:10.015Z","True","150000","1501",,"0","0","0","3843466",,"149439","513","1",,,,"386","1.3100000000000001"
"150k-10ms-r02","client","latency-client","2026-09-04T16:35:10.015Z","2026-09-04T16:35:20.008Z","True","150000","1501",,"0","0","0","3855423",,"149904","518","1",,,,"392","1.25"
"150k-10ms-r02","client","latency-client","2026-09-04T16:35:20.008Z","2026-09-04T16:35:30.004Z","True","150000","1501",,"0","0","0","3859733",,"150076","536","1",,,,"409","1.28"
"150k-10ms-r02","client","latency-client","2026-09-04T16:35:30.004Z","2026-09-04T16:35:40.007Z","True","150000","1501",,"0","0","0","3857685",,"149988","591","1",,,,"465","1.3500000000000001"
"150k-10ms-r02","client","latency-client","2026-09-04T16:35:40.007Z","2026-09-04T16:35:50.009Z","True","150000","1501",,"0","0","0","3859674",,"150069","517","1",,,,"392","1.22"
"150k-10ms-r02","client","latency-client","2026-09-04T16:35:50.009Z","2026-09-04T16:36:00.012Z","True","150000","1501",,"0","0","0","3836099",,"149154","506","1",,,,"380","1.2"
"150k-10ms-r02","client","latency-client","2026-09-04T16:36:00.012Z","2026-09-04T16:36:10.006Z","True","150000","1501",,"0","0","0","3854946",,"149889","483","1",,,,"356","1.23"
"150k-10ms-r02","client","latency-client","2026-09-04T16:36:10.006Z","2026-09-04T16:36:20.005Z","True","150000","1501",,"0","0","0","3856971",,"149964","556","1",,,,"428","1.3"
"150k-10ms-r02","client","latency-client","2026-09-04T16:36:20.005Z","2026-09-04T16:36:30.007Z","True","150000","1501",,"0","0","0","3844235",,"149469","485","1",,,,"356","1.1399999999999999"
"150k-10ms-r02","client","latency-client","2026-09-04T16:36:30.007Z","2026-09-04T16:36:40.010Z","True","150000","1501",,"0","0","0","3851568",,"149754","554","1",,,,"425","1.23"
"150k-10ms-r02","client","latency-client","2026-09-04T16:36:40.010Z","2026-09-04T16:36:50.009Z","True","150000","1501",,"0","0","0","3853111",,"149814","548","1",,,,"419","1.3100000000000001"
"150k-10ms-r02","client","latency-client","2026-09-04T16:36:50.009Z","2026-09-04T16:37:00.002Z","True","150000","1501",,"0","0","0","3843832",,"149454","502","1",,,,"375","1.3100000000000001"
"150k-10ms-r02","client","latency-client","2026-09-04T16:37:00.002Z","2026-09-04T16:37:10.015Z","True","150000","1501",,"0","231","0","3855433",,"149905","521","1",,,,"394","1.1000000000000001"
"150k-10ms-r02","client","latency-client","2026-09-04T16:37:10.015Z","2026-09-04T16:37:20.004Z","True","150000","1501",,"0","0","0","3853104",,"149814","518","1",,,,"393","1.25"
"150k-10ms-r02","client","latency-client","2026-09-04T16:37:20.004Z","2026-09-04T16:37:30.003Z","True","150000","1501",,"0","0","0","3853109",,"149814","518","1",,,,"393","1.27"
"150k-10ms-r02","client","latency-client","2026-09-04T16:37:30.003Z","2026-09-04T16:37:40.007Z","True","150000","1501",,"0","0","0","3858902",,"150039","491","1",,,,"366","1.1399999999999999"
"150k-10ms-r02","client","latency-client","2026-09-04T16:37:40.007Z","2026-09-04T16:37:50.006Z","True","150000","1501",,"0","0","0","3849249",,"149664","559","1",,,,"433","1.1599999999999999"
"150k-10ms-r02","client","latency-client","2026-09-04T16:37:50.006Z","2026-09-04T16:38:00.010Z","True","150000","1501",,"0","0","0","3851185",,"149739","570","1",,,,"445","1.25"
"150k-10ms-r02","client","latency-client","2026-09-04T16:38:00.010Z","2026-09-04T16:38:10.008Z","True","150000","1501",,"0","0","0","3849633",,"149679","537","1",,,,"407","1.24"
"150k-10ms-r02","client","latency-client","2026-09-04T16:38:10.008Z","2026-09-04T16:38:20.004Z","True","150000","1501",,"0","0","0","3852810",,"149807","492","1",,,,"362","1.1499999999999999"
"150k-10ms-r02","client","latency-client","2026-09-04T16:38:20.004Z","2026-09-04T16:38:30.012Z","True","150000","1501",,"0","0","0","3854956",,"149881","499","1",,,,"367","1.23"
"150k-10ms-r02","client","latency-client","2026-09-04T16:38:30.012Z","2026-09-04T16:38:40.015Z","True","150000","1501",,"0","0","0","3859256",,"150054","491","1",,,,"368","1.24"
"150k-10ms-r02","client","latency-client","2026-09-04T16:38:40.015Z","2026-09-04T16:38:50.006Z","True","150000","1501",,"0","0","0","3844507",,"149484","443","1",,,,"352","1.1299999999999999"
"150k-10ms-r02","client","latency-client","2026-09-04T16:38:50.006Z","2026-09-04T16:39:00.003Z","True","150000","1501",,"0","0","0","3842294",,"149394","502","1",,,,"393","1.25"
"150k-10ms-r02","client","latency-client","2026-09-04T16:39:00.003Z","2026-09-04T16:39:10.012Z","True","150000","1501",,"0","0","0","3860831",,"150114","569","1",,,,"434","1.29"
"150k-10ms-r02","client","latency-client","2026-09-04T16:39:10.012Z","2026-09-04T16:39:20.003Z","True","150000","1501",,"0","0","0","3860060",,"150084","531","1",,,,"396","1.3500000000000001"
"150k-10ms-r02","client","latency-client","2026-09-04T16:39:20.003Z","2026-09-04T16:39:30.013Z","True","150000","1501",,"0","72","0","3857400",,"150008","527","1",,,,"390","1.27"
"150k-10ms-r02","client","latency-client","2026-09-04T16:39:30.013Z","2026-09-04T16:39:40.013Z","True","150000","1501",,"0","0","0","3859634",,"150041","547","1",,,,"411","1.3200000000000001"
"150k-10ms-r02","client","latency-client","2026-09-04T16:39:40.013Z","2026-09-04T16:39:50.004Z","True","150000","1501",,"0","250","0","3860000",,"150084","559","1",,,,"424","1.3200000000000001"
"150k-10ms-r02","client","latency-client","2026-09-04T16:39:50.004Z","2026-09-04T16:40:00.013Z","True","150000","1501",,"0","166","0","3858459",,"150057","575","1",,,,"439","1.3"
"150k-10ms-r02","client","latency-client","2026-09-04T16:40:00.013Z","2026-09-04T16:40:10.004Z","True","150000","1501",,"0","166","0","3859937",,"150089","552","1",,,,"418","1.3200000000000001"
"150k-10ms-r02","client","latency-client","2026-09-04T16:40:10.004Z","2026-09-04T16:40:20.007Z","True","150000","1501",,"0","0","0","3857548",,"149958","594","1",,,,"461","1.4099999999999999"
"150k-10ms-r02","client","latency-client","2026-09-04T16:40:20.007Z","2026-09-04T16:40:30.005Z","True","150000","1501",,"0","0","0","3857232",,"149979","565","1",,,,"435","1.3"
"150k-10ms-r02","client","latency-client","2026-09-04T16:40:30.005Z","2026-09-04T16:40:40.010Z","True","150000","1501",,"0","0","0","3862249",,"150175","554","1",,,,"424","1.25"
"150k-10ms-r02","client","latency-client","2026-09-04T16:40:40.010Z","2026-09-04T16:40:50.011Z","True","150000","1501",,"0","0","0","3856075",,"149934","503","1",,,,"374","1.1699999999999999"
"150k-10ms-r02","client","latency-client","2026-09-04T16:40:50.011Z","2026-09-04T16:41:00.015Z","True","150000","1501",,"0","0","0","3862635",,"150190","554","1",,,,"427","1.1799999999999999"
"150k-10ms-r02","client","latency-client","2026-09-04T16:41:00.015Z","2026-09-04T16:41:10.013Z","True","150000","1501",,"0","0","0","3853372",,"149829","515","1",,,,"388","1.21"
"150k-10ms-r02","client","latency-client","2026-09-04T16:41:10.013Z","2026-09-04T16:41:20.015Z","True","150000","1501",,"0","166","0","3861576",,"150183","559","1",,,,"432","1.3200000000000001"
"150k-10ms-r02","client","latency-client","2026-09-04T16:41:20.015Z","2026-09-04T16:41:30.015Z","True","150000","1501",,"0","0","0","3862151",,"150136","519","1",,,,"392","1.25"
"150k-10ms-r02","client","latency-client","2026-09-04T16:41:30.015Z","2026-09-04T16:41:40.006Z","True","150000","1501",,"0","0","0","3859935",,"150084","568","1",,,,"440","1.22"
"150k-10ms-r02","client","latency-client","2026-09-04T16:41:40.006Z","2026-09-04T16:41:50.005Z","True","150000","1501",,"0","320","0","3843826",,"149491","554","1",,,,"424","1.26"
"150k-10ms-r02","client","latency-client","2026-09-04T16:41:50.005Z","2026-09-04T16:42:00.007Z","True","150000","1501",,"0","0","0","3857127",,"149943","524","1",,,,"390","1.26"
"150k-10ms-r02","client","latency-client","2026-09-04T16:42:00.007Z","2026-09-04T16:42:10.012Z","True","150000","1501",,"0","0","0","3854650",,"149874","544","1",,,,"412","1.3200000000000001"
"150k-10ms-r02","client","latency-client","2026-09-04T16:42:10.012Z","2026-09-04T16:42:20.016Z","True","150000","1501",,"0","0","0","3862762",,"150190","527","1",,,,"396","1.1899999999999999"
"150k-10ms-r02","client","latency-client","2026-09-04T16:42:20.016Z","2026-09-04T16:42:30.005Z","True","150000","1501",,"0","0","0","3860831",,"150115","525","1",,,,"394","1.21"
"150k-10ms-r02","client","latency-client","2026-09-04T16:42:30.005Z","2026-09-04T16:42:40.014Z","True","150000","1501",,"0","166","0","3858588",,"150055","502","1",,,,"373","1.1799999999999999"
"150k-10ms-r02","client","latency-client","2026-09-04T16:42:40.014Z","2026-09-04T16:42:50.013Z","True","150000","1501",,"0","0","0","3855356",,"149874","492","1",,,,"364","1.1799999999999999"
"150k-10ms-r02","client","latency-client","2026-09-04T16:42:50.013Z","2026-09-04T16:43:00.013Z","True","150000","1501",,"0","0","0","3856585",,"149949","515","1",,,,"387","1.3100000000000001"
"150k-10ms-r02","client","latency-client","2026-09-04T16:43:00.013Z","2026-09-04T16:43:10.007Z","True","150000","1501",,"0","0","0","3862763",,"150190","510","1",,,,"383","1.21"
"150k-10ms-r02","client","latency-client","2026-09-04T16:43:10.007Z","2026-09-04T16:43:20.009Z","True","150000","1501",,"0","0","0","3859673",,"150069","516","1",,,,"388","1.1899999999999999"
"150k-10ms-r02","client","latency-client","2026-09-04T16:43:20.009Z","2026-09-04T16:43:30.007Z","True","150000","1501",,"0","0","0","3861218",,"150130","525","1",,,,"396","1.1899999999999999"
"150k-10ms-r02","client","latency-client","2026-09-04T16:43:30.007Z","2026-09-04T16:43:40.015Z","True","150000","1501",,"0","0","0","3861216",,"150129","509","1",,,,"380","1.2"
"150k-10ms-r02","client","latency-client","2026-09-04T16:43:40.015Z","2026-09-04T16:43:50.005Z","True","150000","1501",,"0","0","0","3860446",,"150100","515","1",,,,"385","1.28"
"150k-10ms-r02","client","latency-client","2026-09-04T16:43:50.005Z","2026-09-04T16:44:00.013Z","True","150000","1501",,"0","0","0","3855104",,"149896","539","1",,,,"407","1.28"
"150k-10ms-r02","client","latency-client","2026-09-04T16:44:00.013Z","2026-09-04T16:44:10.006Z","True","150000","1501",,"0","0","0","3861517",,"150138","557","1",,,,"428","1.27"
"150k-10ms-r02","server","latency-server","2026-09-04T16:33:00.003Z","2026-09-04T16:33:10.003Z","False","150000","0",,"0","0","0","0",,,,"0",,,,,"2.4300000000000002"
"150k-10ms-r02","server","latency-server","2026-09-04T16:33:10.003Z","2026-09-04T16:33:20.002Z","False","150000","1501",,"0","251","0","1125","150",,,"3038814",,"123244","127","349","2.7599999999999998"
"150k-10ms-r02","server","latency-server","2026-09-04T16:33:20.002Z","2026-09-04T16:33:30.010Z","False","150000","1501",,"0","0","0","1",,,,"3707480",,"149980","130","269","3.29"
"150k-10ms-r02","server","latency-server","2026-09-04T16:33:30.010Z","2026-09-04T16:33:40.012Z","False","150000","1501",,"0","0","0","1",,,,"3702283",,"149769","130","413","3.3300000000000001"
"150k-10ms-r02","server","latency-server","2026-09-04T16:33:40.012Z","2026-09-04T16:33:50.005Z","False","150000","1501",,"0","0","0","1",,,,"3698192",,"149604","128","735","3.3100000000000001"
"150k-10ms-r02","server","latency-server","2026-09-04T16:33:50.005Z","2026-09-04T16:34:00.013Z","False","150000","1501",,"0","0","0","1",,,,"3732178",,"149530","127","434","3.3700000000000001"
"150k-10ms-r02","server","latency-server","2026-09-04T16:34:00.013Z","2026-09-04T16:34:10.001Z","False","150000","1501",,"0","0","0","1",,,,"3738610",,"149228","130","196","3.3700000000000001"
"150k-10ms-r02","server","latency-server","2026-09-04T16:34:10.001Z","2026-09-04T16:34:20.008Z","False","150000","1501",,"0","0","0","1",,,,"3754056",,"149845","130","254","3.3599999999999999"
"150k-10ms-r02","server","latency-server","2026-09-04T16:34:20.008Z","2026-09-04T16:34:30.003Z","True","150000","1501",,"0","0","0","1",,,,"3747277",,"149574","128","429","3.3399999999999999"
"150k-10ms-r02","server","latency-server","2026-09-04T16:34:30.003Z","2026-09-04T16:34:40.015Z","True","150000","1501",,"0","0","0","1",,,,"3820622",,"150070","129","791","3.3300000000000001"
"150k-10ms-r02","server","latency-server","2026-09-04T16:34:40.015Z","2026-09-04T16:34:50.001Z","True","150000","1501",,"0","0","0","1",,,,"3854260",,"149859","130","437","3.2799999999999998"
"150k-10ms-r02","server","latency-server","2026-09-04T16:34:50.001Z","2026-09-04T16:35:00.011Z","True","150000","1501",,"0","0","0","1",,,,"3852732",,"149800","129","195","3.3399999999999999"
"150k-10ms-r02","server","latency-server","2026-09-04T16:35:00.011Z","2026-09-04T16:35:10.015Z","True","150000","1501",,"0","0","0","1",,,,"3843466",,"149439","127","680","3.3300000000000001"
"150k-10ms-r02","server","latency-server","2026-09-04T16:35:10.015Z","2026-09-04T16:35:20.008Z","True","150000","1501",,"0","0","0","1",,,,"3855423",,"149904","126","1616","3.2999999999999998"
"150k-10ms-r02","server","latency-server","2026-09-04T16:35:20.008Z","2026-09-04T16:35:30.004Z","True","150000","1501",,"0","350","0","1",,,,"3861336",,"150136","127","729","3.3399999999999999"
"150k-10ms-r02","server","latency-server","2026-09-04T16:35:30.004Z","2026-09-04T16:35:40.007Z","True","150000","1501",,"0","0","0","1",,,,"3856082",,"149928","126","1031","3.3100000000000001"
"150k-10ms-r02","server","latency-server","2026-09-04T16:35:40.007Z","2026-09-04T16:35:50.009Z","True","150000","1501",,"0","0","0","1",,,,"3859674",,"150069","126","910","3.3100000000000001"
"150k-10ms-r02","server","latency-server","2026-09-04T16:35:50.009Z","2026-09-04T16:36:00.012Z","True","150000","1501",,"0","0","0","1",,,,"3836099",,"149154","126","792","3.2799999999999998"
"150k-10ms-r02","server","latency-server","2026-09-04T16:36:00.012Z","2026-09-04T16:36:10.006Z","True","150000","1501",,"0","0","0","1",,,,"3854946",,"149889","127","825","3.3500000000000001"
"150k-10ms-r02","server","latency-server","2026-09-04T16:36:10.006Z","2026-09-04T16:36:20.005Z","True","150000","1501",,"0","0","0","1",,,,"3856971",,"149964","128","442","3.3300000000000001"
"150k-10ms-r02","server","latency-server","2026-09-04T16:36:20.005Z","2026-09-04T16:36:30.007Z","True","150000","1501",,"0","0","0","1",,,,"3844235",,"149469","130","554","3.25"
"150k-10ms-r02","server","latency-server","2026-09-04T16:36:30.007Z","2026-09-04T16:36:40.010Z","True","150000","1501",,"0","0","0","1",,,,"3851568",,"149754","129","266","3.3500000000000001"
"150k-10ms-r02","server","latency-server","2026-09-04T16:36:40.010Z","2026-09-04T16:36:50.009Z","True","150000","1501",,"0","0","0","1",,,,"3853111",,"149814","129","422","3.3500000000000001"
"150k-10ms-r02","server","latency-server","2026-09-04T16:36:50.009Z","2026-09-04T16:37:00.002Z","True","150000","1501",,"0","0","0","1",,,,"3843832",,"149454","128","281","3.3399999999999999"
"150k-10ms-r02","server","latency-server","2026-09-04T16:37:00.002Z","2026-09-04T16:37:10.000Z","True","150000","1501",,"0","0","0","1",,,,"3853496",,"149829","127","317","3.2999999999999998"
"150k-10ms-r02","server","latency-server","2026-09-04T16:37:10.000Z","2026-09-04T16:37:20.004Z","True","150000","1501",,"0","1109","0","1",,,,"3855055",,"149890","125","459","3.3599999999999999"
"150k-10ms-r02","server","latency-server","2026-09-04T16:37:20.004Z","2026-09-04T16:37:30.002Z","True","150000","1501",,"0","0","0","1",,,,"3853482",,"149828","126","158","3.3199999999999998"
"150k-10ms-r02","server","latency-server","2026-09-04T16:37:30.002Z","2026-09-04T16:37:40.007Z","True","150000","1501",,"0","0","0","1",,,,"3858516",,"150024","125","241","3.2999999999999998"
"150k-10ms-r02","server","latency-server","2026-09-04T16:37:40.007Z","2026-09-04T16:37:50.006Z","True","150000","1501",,"0","0","0","1",,,,"3849249",,"149664","126","327","3.3599999999999999"
"150k-10ms-r02","server","latency-server","2026-09-04T16:37:50.006Z","2026-09-04T16:38:00.010Z","True","150000","1501",,"0","0","0","1",,,,"3851185",,"149739","125","433","3.3700000000000001"
"150k-10ms-r02","server","latency-server","2026-09-04T16:38:00.010Z","2026-09-04T16:38:10.008Z","True","150000","1501",,"0","0","0","1",,,,"3849633",,"149679","131","422","3.3100000000000001"
"150k-10ms-r02","server","latency-server","2026-09-04T16:38:10.008Z","2026-09-04T16:38:20.004Z","True","150000","1501",,"0","0","0","1",,,,"3854267",,"149859","130","648","3.3199999999999998"
"150k-10ms-r02","server","latency-server","2026-09-04T16:38:20.004Z","2026-09-04T16:38:30.012Z","True","150000","1501",,"0","0","0","1",,,,"3853501",,"149830","132","397","3.3500000000000001"
"150k-10ms-r02","server","latency-server","2026-09-04T16:38:30.012Z","2026-09-04T16:38:40.000Z","True","150000","1501",,"0","0","0","1",,,,"3857323",,"149979","123","442","3.29"
"150k-10ms-r02","server","latency-server","2026-09-04T16:38:40.000Z","2026-09-04T16:38:50.006Z","True","150000","1501",,"0","0","0","1",,,,"3846458",,"149559","91","539","3.2799999999999998"
"150k-10ms-r02","server","latency-server","2026-09-04T16:38:50.006Z","2026-09-04T16:39:00.003Z","True","150000","1501",,"0","0","0","1",,,,"3842294",,"149394","109","810","3.2999999999999998"
"150k-10ms-r02","server","latency-server","2026-09-04T16:39:00.003Z","2026-09-04T16:39:10.014Z","True","150000","1501",,"0","0","0","1",,,,"3860445",,"150100","135","367","3.3199999999999998"
"150k-10ms-r02","server","latency-server","2026-09-04T16:39:10.014Z","2026-09-04T16:39:20.003Z","True","150000","1501",,"0","0","0","1",,,,"3860446",,"150100","135","245","3.3300000000000001"
"150k-10ms-r02","server","latency-server","2026-09-04T16:39:20.003Z","2026-09-04T16:39:30.013Z","True","150000","1501",,"0","511","0","1",,,,"3859000",,"150061","137","177","3.3500000000000001"
"150k-10ms-r02","server","latency-server","2026-09-04T16:39:30.013Z","2026-09-04T16:39:40.014Z","True","150000","1501",,"0","0","0","1",,,,"3857646",,"149973","136","458","3.3799999999999999"
"150k-10ms-r02","server","latency-server","2026-09-04T16:39:40.014Z","2026-09-04T16:39:50.004Z","True","150000","1501",,"0","0","0","1",,,,"3860386",,"150100","135","946","3.3599999999999999"
"150k-10ms-r02","server","latency-server","2026-09-04T16:39:50.004Z","2026-09-04T16:40:00.013Z","True","150000","1501",,"0","135","0","1",,,,"3860706",,"150114","136","1073","3.3700000000000001"
"150k-10ms-r02","server","latency-server","2026-09-04T16:40:00.013Z","2026-09-04T16:40:10.004Z","True","150000","1501",,"0","0","0","1",,,,"3859935",,"150084","134","464","3.3500000000000001"
"150k-10ms-r02","server","latency-server","2026-09-04T16:40:10.004Z","2026-09-04T16:40:20.007Z","True","150000","1501",,"0","0","0","1",,,,"3855302",,"149904","133","410","3.2799999999999998"
"150k-10ms-r02","server","latency-server","2026-09-04T16:40:20.007Z","2026-09-04T16:40:30.009Z","True","150000","1501",,"0","0","0","1",,,,"3855690",,"149919","130","463","3.3700000000000001"
"150k-10ms-r02","server","latency-server","2026-09-04T16:40:30.009Z","2026-09-04T16:40:40.010Z","True","150000","1501",,"0","0","0","1",,,,"3863794",,"150235","129","475","3.3399999999999999"
"150k-10ms-r02","server","latency-server","2026-09-04T16:40:40.010Z","2026-09-04T16:40:50.011Z","True","150000","1501",,"0","0","0","1",,,,"3856075",,"149934","129","388","3.27"
"150k-10ms-r02","server","latency-server","2026-09-04T16:40:50.011Z","2026-09-04T16:41:00.014Z","True","150000","1501",,"0","0","0","1",,,,"3863022",,"150205","127","263","3.3199999999999998"
"150k-10ms-r02","server","latency-server","2026-09-04T16:41:00.014Z","2026-09-04T16:41:10.013Z","True","150000","1501",,"0","251","0","1",,,,"3852986",,"149814","127","644","3.3500000000000001"
"150k-10ms-r02","server","latency-server","2026-09-04T16:41:10.013Z","2026-09-04T16:41:20.014Z","True","150000","1501",,"0","0","0","1",,,,"3863794",,"150235","127","1068","3.3500000000000001"
"150k-10ms-r02","server","latency-server","2026-09-04T16:41:20.014Z","2026-09-04T16:41:30.015Z","True","150000","1501",,"0","0","0","1",,,,"3859934",,"150084","127","505","3.3399999999999999"
"150k-10ms-r02","server","latency-server","2026-09-04T16:41:30.015Z","2026-09-04T16:41:40.006Z","True","150000","1501",,"0","0","0","1",,,,"3859935",,"150084","128","546","3.3399999999999999"
"150k-10ms-r02","server","latency-server","2026-09-04T16:41:40.006Z","2026-09-04T16:41:50.005Z","True","150000","1501",,"0","0","0","1",,,,"3845264",,"149514","130","409","3.3599999999999999"
"150k-10ms-r02","server","latency-server","2026-09-04T16:41:50.005Z","2026-09-04T16:42:00.007Z","True","150000","1501",,"0","0","0","1",,,,"3855689",,"149919","134","360","3.3399999999999999"
"150k-10ms-r02","server","latency-server","2026-09-04T16:42:00.007Z","2026-09-04T16:42:10.012Z","True","150000","1501",,"0","0","0","1",,,,"3854650",,"149874","132","223","3.3399999999999999"
"150k-10ms-r02","server","latency-server","2026-09-04T16:42:10.012Z","2026-09-04T16:42:20.015Z","True","150000","1501",,"0","0","0","1",,,,"3863148",,"150205","131","312","3.3599999999999999"
"150k-10ms-r02","server","latency-server","2026-09-04T16:42:20.015Z","2026-09-04T16:42:30.005Z","True","150000","1501",,"0","0","0","1",,,,"3860444",,"150100","131","231","3.3399999999999999"
"150k-10ms-r02","server","latency-server","2026-09-04T16:42:30.005Z","2026-09-04T16:42:40.014Z","True","150000","1501",,"0","0","0","1",,,,"3860833",,"150114","129","320","3.3500000000000001"
"150k-10ms-r02","server","latency-server","2026-09-04T16:42:40.014Z","2026-09-04T16:42:50.013Z","True","150000","1501",,"0","0","0","1",,,,"3853109",,"149814","128","408","3.3399999999999999"
"150k-10ms-r02","server","latency-server","2026-09-04T16:42:50.013Z","2026-09-04T16:43:00.013Z","True","150000","1501",,"0","0","0","1",,,,"3856585",,"149949","128","482","3.3599999999999999"
"150k-10ms-r02","server","latency-server","2026-09-04T16:43:00.013Z","2026-09-04T16:43:10.007Z","True","150000","1501",,"0","0","0","1",,,,"3862763",,"150190","127","783","3.3999999999999999"
"150k-10ms-r02","server","latency-server","2026-09-04T16:43:10.007Z","2026-09-04T16:43:20.009Z","True","150000","1501",,"0","0","0","1",,,,"3859673",,"150069","127","272","3.2599999999999998"
"150k-10ms-r02","server","latency-server","2026-09-04T16:43:20.009Z","2026-09-04T16:43:30.007Z","True","150000","1501",,"0","0","0","1",,,,"3861218",,"150130","129","287","3.3199999999999998"
"150k-10ms-r02","server","latency-server","2026-09-04T16:43:30.007Z","2026-09-04T16:43:40.000Z","True","150000","1501",,"0","0","0","1",,,,"3859287",,"150054","129","195","3.29"
"150k-10ms-r02","server","latency-server","2026-09-04T16:43:40.000Z","2026-09-04T16:43:50.005Z","True","150000","1501",,"0","0","0","1",,,,"3862374",,"150175","130","273","3.3500000000000001"
"150k-10ms-r02","server","latency-server","2026-09-04T16:43:50.005Z","2026-09-04T16:44:00.013Z","True","150000","1501",,"0","431","0","1",,,,"3855918",,"149952","131","578","3.3799999999999999"
"150k-10ms-r02","server","latency-server","2026-09-04T16:44:00.013Z","2026-09-04T16:44:10.006Z","True","150000","1501",,"0","0","0","1",,,,"3860703",,"150082","129","845","3.3100000000000001"
"150k-10ms-r03","client","latency-client","2026-09-04T17:08:40.002Z","2026-09-04T17:08:50.002Z","False","150000","1501",,"0","121","0","3689364",,"149789","1346","1937","258",,,"1217","3.3900000000000001"
"150k-10ms-r03","client","latency-client","2026-09-04T17:08:50.002Z","2026-09-04T17:09:00.014Z","False","150000","1501",,"0","0","0","3701923",,"149755","426","3",,,,"294","0.76000000000000001"
"150k-10ms-r03","client","latency-client","2026-09-04T17:09:00.014Z","2026-09-04T17:09:10.015Z","False","150000","1501",,"0","0","0","3698944",,"149634","414","1",,,,"283","0.85999999999999999"
"150k-10ms-r03","client","latency-client","2026-09-04T17:09:10.015Z","2026-09-04T17:09:20.015Z","False","150000","1501",,"0","0","0","3703026",,"149799","461","1",,,,"330","0.78000000000000003"
"150k-10ms-r03","client","latency-client","2026-09-04T17:09:20.015Z","2026-09-04T17:09:30.006Z","False","150000","1501",,"0","0","0","3715126",,"149333","418","1",,,,"289","0.76000000000000001"
"150k-10ms-r03","client","latency-client","2026-09-04T17:09:30.006Z","2026-09-04T17:09:40.009Z","False","150000","1501",,"0","0","0","3744280",,"149454","451","1",,,,"322","0.69999999999999996"
"150k-10ms-r03","client","latency-client","2026-09-04T17:09:40.009Z","2026-09-04T17:09:50.013Z","False","150000","1501",,"0","0","0","3755180",,"149889","521","1",,,,"392","1.03"
"150k-10ms-r03","client","latency-client","2026-09-04T17:09:50.013Z","2026-09-04T17:10:00.002Z","True","150000","1501",,"0","0","0","3756935",,"149964","509","1",,,,"379","1.2"
"150k-10ms-r03","client","latency-client","2026-09-04T17:10:00.002Z","2026-09-04T17:10:10.015Z","True","150000","1501",,"0","0","0","3788560",,"149755","508","1",,,,"381","1.1000000000000001"
"150k-10ms-r03","client","latency-client","2026-09-04T17:10:10.015Z","2026-09-04T17:10:20.000Z","True","150000","1501",,"0","0","0","3844654",,"149489","514","1",,,,"386","1.23"
"150k-10ms-r03","client","latency-client","2026-09-04T17:10:20.000Z","2026-09-04T17:10:30.017Z","True","150000","1501",,"0","0","0","3856532",,"149944","483","1",,,,"355","1.25"
"150k-10ms-r03","client","latency-client","2026-09-04T17:10:30.017Z","2026-09-04T17:10:40.011Z","True","150000","1501",,"0","0","0","3850787",,"149724","467","1",,,,"340","1.21"
"150k-10ms-r03","client","latency-client","2026-09-04T17:10:40.011Z","2026-09-04T17:10:50.003Z","True","150000","1501",,"0","0","0","3859551",,"150069","486","1",,,,"359","1.25"
"150k-10ms-r03","client","latency-client","2026-09-04T17:10:50.003Z","2026-09-04T17:11:00.011Z","True","150000","1501",,"0","56","0","3857360",,"149980","509","1",,,,"382","1.0900000000000001"
"150k-10ms-r03","client","latency-client","2026-09-04T17:11:00.011Z","2026-09-04T17:11:10.011Z","True","150000","1501",,"0","486","0","3855146",,"149924","473","1",,,,"346","1.27"
"150k-10ms-r03","client","latency-client","2026-09-04T17:11:10.011Z","2026-09-04T17:11:20.007Z","True","150000","1501",,"0","0","0","3844119",,"149434","525","1",,,,"398","1.1499999999999999"
"150k-10ms-r03","client","latency-client","2026-09-04T17:11:20.007Z","2026-09-04T17:11:30.000Z","True","150000","1501",,"0","0","0","3839993",,"149312","590","1",,,,"464","1.21"
"150k-10ms-r03","client","latency-client","2026-09-04T17:11:30.000Z","2026-09-04T17:11:40.004Z","True","150000","1501",,"0","0","0","3851160",,"149731","4692","1",,,,"4565","1.22"
"150k-10ms-r03","client","latency-client","2026-09-04T17:11:40.004Z","2026-09-04T17:11:50.001Z","True","150000","1501",,"0","231","0","3857619",,"149994","485","1",,,,"355","1.23"
"150k-10ms-r03","client","latency-client","2026-09-04T17:11:50.001Z","2026-09-04T17:12:00.007Z","True","150000","1501",,"0","0","0","3858131",,"150009","503","1",,,,"375","1.1000000000000001"
"150k-10ms-r03","client","latency-client","2026-09-04T17:12:00.007Z","2026-09-04T17:12:10.009Z","True","150000","1501",,"0","0","0","3851955",,"149769","492","1",,,,"364","1.1000000000000001"
"150k-10ms-r03","client","latency-client","2026-09-04T17:12:10.009Z","2026-09-04T17:12:20.011Z","True","150000","1501",,"0","0","0","3855159",,"149896","510","1",,,,"382","1.28"
"150k-10ms-r03","client","latency-client","2026-09-04T17:12:20.011Z","2026-09-04T17:12:30.007Z","True","150000","1501",,"0","0","0","3847196",,"149582","461","1",,,,"336","1.1899999999999999"
"150k-10ms-r03","client","latency-client","2026-09-04T17:12:30.007Z","2026-09-04T17:12:40.001Z","True","150000","1501",,"0","74","0","3852780",,"149809","503","1",,,,"376","1.1299999999999999"
"150k-10ms-r03","client","latency-client","2026-09-04T17:12:40.001Z","2026-09-04T17:12:50.009Z","True","150000","1501",,"0","0","0","3855758",,"149909","508","1",,,,"381","1.1100000000000001"
"150k-10ms-r03","client","latency-client","2026-09-04T17:12:50.009Z","2026-09-04T17:13:00.007Z","True","150000","1501",,"0","0","0","3845773",,"149529","501","1",,,,"375","1.29"
"150k-10ms-r03","client","latency-client","2026-09-04T17:13:00.007Z","2026-09-04T17:13:10.004Z","True","150000","1501",,"0","0","0","3853880",,"149844","551","1",,,,"425","1.1599999999999999"
"150k-10ms-r03","client","latency-client","2026-09-04T17:13:10.004Z","2026-09-04T17:13:20.014Z","True","150000","1501",,"0","0","0","3856589",,"149950","501","1",,,,"375","1.22"
"150k-10ms-r03","client","latency-client","2026-09-04T17:13:20.014Z","2026-09-04T17:13:30.016Z","True","150000","1501",,"0","0","0","3851954",,"149769","482","1",,,,"355","1.1799999999999999"
"150k-10ms-r03","client","latency-client","2026-09-04T17:13:30.016Z","2026-09-04T17:13:40.013Z","True","150000","1501",,"0","0","0","3857617",,"149994","484","1",,,,"356","1.2"
"150k-10ms-r03","client","latency-client","2026-09-04T17:13:40.013Z","2026-09-04T17:13:50.005Z","True","150000","1501",,"0","0","0","3844219",,"149469","506","1",,,,"379","1.1399999999999999"
"150k-10ms-r03","client","latency-client","2026-09-04T17:13:50.005Z","2026-09-04T17:14:00.012Z","True","150000","1501",,"0","0","0","3853888",,"149845","501","1",,,,"373","1.05"
"150k-10ms-r03","client","latency-client","2026-09-04T17:14:00.012Z","2026-09-04T17:14:10.003Z","True","150000","1501",,"0","0","0","3836875",,"149183","476","1",,,,"350","1.1299999999999999"
"150k-10ms-r03","client","latency-client","2026-09-04T17:14:10.003Z","2026-09-04T17:14:20.002Z","True","150000","1501",,"0","0","0","3853111",,"149814","515","1",,,,"388","1.1299999999999999"
"150k-10ms-r03","client","latency-client","2026-09-04T17:14:20.002Z","2026-09-04T17:14:30.009Z","True","150000","1501",,"0","0","0","3849904",,"149695","476","1",,,,"351","1.2"
"150k-10ms-r03","client","latency-client","2026-09-04T17:14:30.009Z","2026-09-04T17:14:40.010Z","True","150000","1501",,"0","0","0","3850884",,"149732","506","1",,,,"379","1.1100000000000001"
"150k-10ms-r03","client","latency-client","2026-09-04T17:14:40.010Z","2026-09-04T17:14:50.010Z","True","150000","1501",,"0","0","0","3838614",,"149251","469","0",,,,"343","1.1499999999999999"
"150k-10ms-r03","client","latency-client","2026-09-04T17:14:50.010Z","2026-09-04T17:15:00.010Z","True","150000","1501",,"0","0","0","3856585",,"149949","497","1",,,,"371","1.0700000000000001"
"150k-10ms-r03","client","latency-client","2026-09-04T17:15:00.010Z","2026-09-04T17:15:10.014Z","True","150000","1501",,"0","0","0","3858902",,"150039","547","1",,,,"419","1.22"
"150k-10ms-r03","client","latency-client","2026-09-04T17:15:10.014Z","2026-09-04T17:15:20.015Z","True","150000","1501",,"0","0","0","3848479",,"149634","1190","1",,,,"1062","1.3100000000000001"
"150k-10ms-r03","client","latency-client","2026-09-04T17:15:20.015Z","2026-09-04T17:15:30.003Z","True","150000","1501",,"0","0","0","3853488",,"149829","538","1",,,,"409","1.24"
"150k-10ms-r03","client","latency-client","2026-09-04T17:15:30.003Z","2026-09-04T17:15:40.012Z","True","150000","1501",,"0","0","0","3853027",,"149815","527","1",,,,"398","1.26"
"150k-10ms-r03","client","latency-client","2026-09-04T17:15:40.012Z","2026-09-04T17:15:50.012Z","True","150000","1501",,"0","0","0","3852601",,"149799","479","1",,,,"351","1.1799999999999999"
"150k-10ms-r03","client","latency-client","2026-09-04T17:15:50.012Z","2026-09-04T17:16:00.004Z","True","150000","1501",,"0","0","0","3847958",,"149619","507","1",,,,"379","1.1799999999999999"
"150k-10ms-r03","client","latency-client","2026-09-04T17:16:00.004Z","2026-09-04T17:16:10.002Z","True","150000","1501",,"0","0","0","3853370",,"149829","491","1",,,,"363","1.1000000000000001"
"150k-10ms-r03","client","latency-client","2026-09-04T17:16:10.002Z","2026-09-04T17:16:20.009Z","True","150000","1501",,"0","0","0","3849906",,"149695","491","1",,,,"364","1.1399999999999999"
"150k-10ms-r03","client","latency-client","2026-09-04T17:16:20.009Z","2026-09-04T17:16:30.004Z","True","150000","1501",,"0","0","0","3854526",,"149874","503","1",,,,"377","1.1799999999999999"
"150k-10ms-r03","client","latency-client","2026-09-04T17:16:30.004Z","2026-09-04T17:16:40.011Z","True","150000","1501",,"0","231","0","3853639",,"149845","466","1",,,,"338","1.21"
"150k-10ms-r03","client","latency-client","2026-09-04T17:16:40.011Z","2026-09-04T17:16:50.013Z","True","150000","1501",,"0","0","0","3847968",,"149619","533","1",,,,"406","1.01"
"150k-10ms-r03","client","latency-client","2026-09-04T17:16:50.013Z","2026-09-04T17:17:00.002Z","True","150000","1501",,"0","0","0","3837519",,"149213","507","1",,,,"378","1.1200000000000001"
"150k-10ms-r03","client","latency-client","2026-09-04T17:17:00.002Z","2026-09-04T17:17:10.011Z","True","150000","1501",,"0","0","0","3846081",,"149548","535","1",,,,"405","1.1799999999999999"
"150k-10ms-r03","client","latency-client","2026-09-04T17:17:10.011Z","2026-09-04T17:17:20.014Z","True","150000","1501",,"0","0","0","3854500",,"149871","473","1",,,,"345","1.1599999999999999"
"150k-10ms-r03","client","latency-client","2026-09-04T17:17:20.014Z","2026-09-04T17:17:30.007Z","True","150000","1501",,"0","0","0","3855300",,"149904","507","1",,,,"378","1.25"
"150k-10ms-r03","client","latency-client","2026-09-04T17:17:30.007Z","2026-09-04T17:17:40.012Z","True","150000","1501",,"0","19","0","3839100",,"149274","492","1",,,,"365","1.1899999999999999"
"150k-10ms-r03","client","latency-client","2026-09-04T17:17:40.012Z","2026-09-04T17:17:50.005Z","True","150000","1501",,"0","0","0","3851460",,"149754","487","1",,,,"360","1.1899999999999999"
"150k-10ms-r03","client","latency-client","2026-09-04T17:17:50.005Z","2026-09-04T17:18:00.015Z","True","150000","1501",,"0","0","0","3856589",,"149950","490","1",,,,"362","1.26"
"150k-10ms-r03","client","latency-client","2026-09-04T17:18:00.015Z","2026-09-04T17:18:10.009Z","True","150000","1501",,"0","0","0","3851175",,"149739","582","1",,,,"456","1.1899999999999999"
"150k-10ms-r03","client","latency-client","2026-09-04T17:18:10.009Z","2026-09-04T17:18:20.001Z","True","150000","1501",,"0","0","0","3845824",,"149535","544","1",,,,"418","1.1699999999999999"
"150k-10ms-r03","client","latency-client","2026-09-04T17:18:20.001Z","2026-09-04T17:18:30.005Z","True","150000","1501",,"0","0","0","3849581",,"149673","504","1",,,,"376","1.29"
"150k-10ms-r03","client","latency-client","2026-09-04T17:18:30.005Z","2026-09-04T17:18:40.007Z","True","150000","1501",,"0","0","0","3844235",,"149469","499","1",,,,"371","1.25"
"150k-10ms-r03","client","latency-client","2026-09-04T17:18:40.007Z","2026-09-04T17:18:50.007Z","True","150000","1501",,"0","0","0","3860446",,"150100","524","1",,,,"395","1.25"
"150k-10ms-r03","client","latency-client","2026-09-04T17:18:50.007Z","2026-09-04T17:19:00.014Z","True","150000","1501",,"0","0","0","3857745",,"149995","497","1",,,,"367","1.0800000000000001"
"150k-10ms-r03","client","latency-client","2026-09-04T17:19:00.014Z","2026-09-04T17:19:10.002Z","True","150000","1501",,"0","231","0","3853490",,"149829","490","1",,,,"360","1.21"
"150k-10ms-r03","client","latency-client","2026-09-04T17:19:10.002Z","2026-09-04T17:19:20.006Z","True","150000","1501",,"0","0","0","3851183",,"149739","488","1",,,,"360","1.1499999999999999"
"150k-10ms-r03","client","latency-client","2026-09-04T17:19:20.006Z","2026-09-04T17:19:30.012Z","True","150000","1501",,"0","0","0","3861988",,"150160","524","1",,,,"395","1.1899999999999999"
"150k-10ms-r03","client","latency-client","2026-09-04T17:19:30.012Z","2026-09-04T17:19:40.002Z","True","150000","1501",,"0","0","0","3852718",,"149799","497","1",,,,"369","1.23"
"150k-10ms-r03","server","latency-server","2026-09-04T17:08:40.001Z","2026-09-04T17:08:50.001Z","False","150000","1501",,"0","0","0","756","100",,,"1440199",,"58472","127","310","2.3300000000000001"
"150k-10ms-r03","server","latency-server","2026-09-04T17:08:50.001Z","2026-09-04T17:09:00.014Z","False","150000","1501",,"0","0","0","3",,,,"3701923",,"149755","133","499","3.3799999999999999"
"150k-10ms-r03","server","latency-server","2026-09-04T17:09:00.014Z","2026-09-04T17:09:10.015Z","False","150000","1501",,"0","0","0","1",,,,"3698944",,"149634","131","368","3.3999999999999999"
"150k-10ms-r03","server","latency-server","2026-09-04T17:09:10.015Z","2026-09-04T17:09:20.015Z","False","150000","1501",,"0","0","0","1",,,,"3703026",,"149799","131","248","3.2799999999999998"
"150k-10ms-r03","server","latency-server","2026-09-04T17:09:20.015Z","2026-09-04T17:09:30.006Z","False","150000","1501",,"0","0","0","1",,,,"3715126",,"149333","129","398","3.3700000000000001"
"150k-10ms-r03","server","latency-server","2026-09-04T17:09:30.006Z","2026-09-04T17:09:40.009Z","False","150000","1501",,"0","0","0","1",,,,"3744280",,"149454","129","472","3.3900000000000001"
"150k-10ms-r03","server","latency-server","2026-09-04T17:09:40.009Z","2026-09-04T17:09:50.013Z","False","150000","1501",,"0","0","0","1",,,,"3755180",,"149889","130","326","3.3300000000000001"
"150k-10ms-r03","server","latency-server","2026-09-04T17:09:50.013Z","2026-09-04T17:10:00.002Z","True","150000","1501",,"0","0","0","1",,,,"3756935",,"149964","130","805","3.3199999999999998"
"150k-10ms-r03","server","latency-server","2026-09-04T17:10:00.002Z","2026-09-04T17:10:10.015Z","True","150000","1501",,"0","0","0","1",,,,"3788560",,"149755","128","162","3.3500000000000001"
"150k-10ms-r03","server","latency-server","2026-09-04T17:10:10.015Z","2026-09-04T17:10:20.016Z","True","150000","1501",,"0","0","0","1",,,,"3844619",,"149484","129","285","3.3199999999999998"
"150k-10ms-r03","server","latency-server","2026-09-04T17:10:20.016Z","2026-09-04T17:10:30.001Z","True","150000","1501",,"0","0","0","1",,,,"3858513",,"150024","128","129","3.3700000000000001"
"150k-10ms-r03","server","latency-server","2026-09-04T17:10:30.001Z","2026-09-04T17:10:40.011Z","True","150000","1501",,"0","1402","0","1",,,,"3849673",,"149683","128","239","3.3700000000000001"
"150k-10ms-r03","server","latency-server","2026-09-04T17:10:40.011Z","2026-09-04T17:10:50.003Z","True","150000","1501",,"0","0","0","1",,,,"3858748",,"150036","127","268","3.3300000000000001"
"150k-10ms-r03","server","latency-server","2026-09-04T17:10:50.003Z","2026-09-04T17:11:00.011Z","True","150000","1501",,"0","0","0","1",,,,"3857360",,"149980","127","459","3.3199999999999998"
"150k-10ms-r03","server","latency-server","2026-09-04T17:11:00.011Z","2026-09-04T17:11:10.011Z","True","150000","1501",,"0","0","0","1",,,,"3856586",,"149949","127","123","3.3199999999999998"
"150k-10ms-r03","server","latency-server","2026-09-04T17:11:10.011Z","2026-09-04T17:11:20.006Z","True","150000","1501",,"0","0","0","1",,,,"3843064",,"149424","127","240","3.3100000000000001"
"150k-10ms-r03","server","latency-server","2026-09-04T17:11:20.006Z","2026-09-04T17:11:30.000Z","True","150000","1501",,"0","1167","0","1",,,,"3840410",,"149343","126","282","3.3500000000000001"
"150k-10ms-r03","server","latency-server","2026-09-04T17:11:30.000Z","2026-09-04T17:11:40.004Z","True","150000","1501",,"0","0","0","1",,,,"3850360",,"149685","127","4314","3.29"
"150k-10ms-r03","server","latency-server","2026-09-04T17:11:40.004Z","2026-09-04T17:11:50.001Z","True","150000","1501",,"0","0","0","1",,,,"3857619",,"149994","130","309","3.3599999999999999"
"150k-10ms-r03","server","latency-server","2026-09-04T17:11:50.001Z","2026-09-04T17:12:00.007Z","True","150000","1501",,"0","0","0","1",,,,"3858131",,"150009","128","284","3.3300000000000001"
"150k-10ms-r03","server","latency-server","2026-09-04T17:12:00.007Z","2026-09-04T17:12:10.009Z","True","150000","1501",,"0","0","0","1",,,,"3851955",,"149769","128","314","3.2599999999999998"
"150k-10ms-r03","server","latency-server","2026-09-04T17:12:10.009Z","2026-09-04T17:12:20.011Z","True","150000","1501",,"0","0","0","1",,,,"3855812",,"149919","128","331","3.3700000000000001"
"150k-10ms-r03","server","latency-server","2026-09-04T17:12:20.011Z","2026-09-04T17:12:30.007Z","True","150000","1501",,"0","0","0","1",,,,"3846542",,"149559","126","134","3.3599999999999999"
"150k-10ms-r03","server","latency-server","2026-09-04T17:12:30.007Z","2026-09-04T17:12:40.001Z","True","150000","1501",,"0","0","0","1",,,,"3855039",,"149889","127","385","3.3900000000000001"
"150k-10ms-r03","server","latency-server","2026-09-04T17:12:40.001Z","2026-09-04T17:12:50.009Z","True","150000","1501",,"0","0","0","1",,,,"3853503",,"149830","127","233","3.3900000000000001"
"150k-10ms-r03","server","latency-server","2026-09-04T17:12:50.009Z","2026-09-04T17:13:00.007Z","True","150000","1501",,"0","0","0","1",,,,"3845773",,"149529","126","221","3.29"
"150k-10ms-r03","server","latency-server","2026-09-04T17:13:00.007Z","2026-09-04T17:13:10.004Z","True","150000","1501",,"0","0","0","1",,,,"3853880",,"149844","126","591","3.3500000000000001"
"150k-10ms-r03","server","latency-server","2026-09-04T17:13:10.004Z","2026-09-04T17:13:20.014Z","True","150000","1501",,"0","0","0","1",,,,"3856589",,"149950","126","962","3.3599999999999999"
"150k-10ms-r03","server","latency-server","2026-09-04T17:13:20.014Z","2026-09-04T17:13:30.016Z","True","150000","1501",,"0","0","0","1",,,,"3851954",,"149769","127","153","3.3300000000000001"
"150k-10ms-r03","server","latency-server","2026-09-04T17:13:30.016Z","2026-09-04T17:13:40.013Z","True","150000","1501",,"0","0","0","1",,,,"3857617",,"149994","128","225","3.3399999999999999"
"150k-10ms-r03","server","latency-server","2026-09-04T17:13:40.013Z","2026-09-04T17:13:50.005Z","True","150000","1501",,"0","0","0","1",,,,"3844219",,"149469","127","282","3.3500000000000001"
"150k-10ms-r03","server","latency-server","2026-09-04T17:13:50.005Z","2026-09-04T17:14:00.012Z","True","150000","1501",,"0","0","0","1",,,,"3853888",,"149845","128","184","3.3399999999999999"
"150k-10ms-r03","server","latency-server","2026-09-04T17:14:00.012Z","2026-09-04T17:14:10.003Z","True","150000","1501",,"0","0","0","1",,,,"3836875",,"149183","126","1064","3.3700000000000001"
"150k-10ms-r03","server","latency-server","2026-09-04T17:14:10.003Z","2026-09-04T17:14:20.002Z","True","150000","1501",,"0","0","0","0",,,,"3853111",,"149814","126","434","3.3799999999999999"
"150k-10ms-r03","server","latency-server","2026-09-04T17:14:20.002Z","2026-09-04T17:14:30.009Z","True","150000","1501",,"0","0","0","3",,,,"3849904",,"149695","125","396","3.3199999999999998"
"150k-10ms-r03","server","latency-server","2026-09-04T17:14:30.009Z","2026-09-04T17:14:40.010Z","True","150000","1501",,"0","0","0","1",,,,"3852340",,"149784","127","476","3.3100000000000001"
"150k-10ms-r03","server","latency-server","2026-09-04T17:14:40.010Z","2026-09-04T17:14:50.010Z","True","150000","1501",,"0","0","0","0",,,,"3837158",,"149199","126","113","3.3399999999999999"
"150k-10ms-r03","server","latency-server","2026-09-04T17:14:50.010Z","2026-09-04T17:15:00.010Z","True","150000","1501",,"0","1427","0","1",,,,"3856592",,"149973","126","777","3.3700000000000001"
"150k-10ms-r03","server","latency-server","2026-09-04T17:15:00.010Z","2026-09-04T17:15:10.014Z","True","150000","1501",,"0","0","0","1",,,,"3858895",,"150016","127","362","3.3900000000000001"
"150k-10ms-r03","server","latency-server","2026-09-04T17:15:10.014Z","2026-09-04T17:15:20.015Z","True","150000","1501",,"0","0","0","1",,,,"3848479",,"149634","128","983","3.3300000000000001"
"150k-10ms-r03","server","latency-server","2026-09-04T17:15:20.015Z","2026-09-04T17:15:30.003Z","True","150000","1501",,"0","0","0","1",,,,"3853488",,"149829","129","282","3.29"
"150k-10ms-r03","server","latency-server","2026-09-04T17:15:30.003Z","2026-09-04T17:15:40.012Z","True","150000","1501",,"0","0","0","1",,,,"3853027",,"149815","128","257","3.4399999999999999"
"150k-10ms-r03","server","latency-server","2026-09-04T17:15:40.012Z","2026-09-04T17:15:50.016Z","True","150000","1501",,"0","0","0","1",,,,"3851060",,"149739","128","495","3.3100000000000001"
"150k-10ms-r03","server","latency-server","2026-09-04T17:15:50.016Z","2026-09-04T17:16:00.004Z","True","150000","1501",,"0","0","0","1",,,,"3849499",,"149679","128","303","3.3599999999999999"
"150k-10ms-r03","server","latency-server","2026-09-04T17:16:00.004Z","2026-09-04T17:16:10.002Z","True","150000","1501",,"0","0","0","1",,,,"3853370",,"149829","128","256","3.4100000000000001"
"150k-10ms-r03","server","latency-server","2026-09-04T17:16:10.002Z","2026-09-04T17:16:20.009Z","True","150000","1501",,"0","0","0","1",,,,"3849906",,"149695","127","282","3.3399999999999999"
"150k-10ms-r03","server","latency-server","2026-09-04T17:16:20.009Z","2026-09-04T17:16:30.004Z","True","150000","1501",,"0","0","0","1",,,,"3854526",,"149874","127","780","3.2999999999999998"
"150k-10ms-r03","server","latency-server","2026-09-04T17:16:30.004Z","2026-09-04T17:16:40.011Z","True","150000","1501",,"0","0","0","1",,,,"3853639",,"149845","128","119","3.3300000000000001"
"150k-10ms-r03","server","latency-server","2026-09-04T17:16:40.011Z","2026-09-04T17:16:50.013Z","True","150000","1501",,"0","0","0","1",,,,"3847968",,"149619","127","315","3.3300000000000001"
"150k-10ms-r03","server","latency-server","2026-09-04T17:16:50.013Z","2026-09-04T17:17:00.002Z","True","150000","1501",,"0","0","0","1",,,,"3837519",,"149213","130","169","3.3199999999999998"
"150k-10ms-r03","server","latency-server","2026-09-04T17:17:00.002Z","2026-09-04T17:17:10.011Z","True","150000","1501",,"0","840","0","1",,,,"3846889",,"149589","129","265","3.3500000000000001"
"150k-10ms-r03","server","latency-server","2026-09-04T17:17:10.011Z","2026-09-04T17:17:20.014Z","True","150000","1501",,"0","0","0","1",,,,"3853692",,"149830","128","212","3.3799999999999999"
"150k-10ms-r03","server","latency-server","2026-09-04T17:17:20.014Z","2026-09-04T17:17:30.007Z","True","150000","1501",,"0","0","0","1",,,,"3855300",,"149904","130","316","3.3300000000000001"
"150k-10ms-r03","server","latency-server","2026-09-04T17:17:30.007Z","2026-09-04T17:17:40.002Z","True","150000","1501",,"0","0","0","1",,,,"3842941",,"149424","127","281","3.3399999999999999"
"150k-10ms-r03","server","latency-server","2026-09-04T17:17:40.002Z","2026-09-04T17:17:50.005Z","True","150000","1501",,"0","0","0","1",,,,"3847610",,"149604","127","257","3.3100000000000001"
"150k-10ms-r03","server","latency-server","2026-09-04T17:17:50.005Z","2026-09-04T17:18:00.015Z","True","150000","1501",,"0","0","0","1",,,,"3856589",,"149950","127","140","3.3399999999999999"
"150k-10ms-r03","server","latency-server","2026-09-04T17:18:00.015Z","2026-09-04T17:18:10.009Z","True","150000","1501",,"0","0","0","1",,,,"3851175",,"149739","126","233","3.3199999999999998"
"150k-10ms-r03","server","latency-server","2026-09-04T17:18:10.009Z","2026-09-04T17:18:20.016Z","True","150000","1501",,"0","0","0","1",,,,"3846171",,"149545","126","271","3.3300000000000001"
"150k-10ms-r03","server","latency-server","2026-09-04T17:18:20.016Z","2026-09-04T17:18:30.005Z","True","150000","1501",,"0","0","0","1",,,,"3849238",,"149664","128","235","3.3300000000000001"
"150k-10ms-r03","server","latency-server","2026-09-04T17:18:30.005Z","2026-09-04T17:18:40.007Z","True","150000","1501",,"0","0","0","1",,,,"3844235",,"149469","128","827","3.3100000000000001"
"150k-10ms-r03","server","latency-server","2026-09-04T17:18:40.007Z","2026-09-04T17:18:50.007Z","True","150000","1501",,"0","0","0","1",,,,"3860446",,"150100","129","446","3.3599999999999999"
"150k-10ms-r03","server","latency-server","2026-09-04T17:18:50.007Z","2026-09-04T17:19:00.014Z","True","150000","1501",,"0","0","0","1",,,,"3857745",,"149995","130","278","3.3799999999999999"
"150k-10ms-r03","server","latency-server","2026-09-04T17:19:00.014Z","2026-09-04T17:19:10.002Z","True","150000","1501",,"0","0","0","1",,,,"3853490",,"149829","129","845","3.3900000000000001"
"150k-10ms-r03","server","latency-server","2026-09-04T17:19:10.002Z","2026-09-04T17:19:20.006Z","True","150000","1501",,"0","0","0","1",,,,"3851183",,"149739","128","196","3.3799999999999999"
"150k-10ms-r03","server","latency-server","2026-09-04T17:19:20.006Z","2026-09-04T17:19:30.012Z","True","150000","1501",,"0","0","0","1",,,,"3861988",,"150160","129","568","3.3700000000000001"
"150k-10ms-r03","server","latency-server","2026-09-04T17:19:30.012Z","2026-09-04T17:19:40.002Z","True","150000","1501",,"0","0","0","1",,,,"3852718",,"149799","128","301","3.3399999999999999"
"150k-1ms-stress-r01","client","latency-client","2026-09-04T16:09:30.016Z","2026-09-04T16:09:40.016Z","False","150000","151",,"0","0","0","3492888",,"150626","755","168","16",,,"709","2.9300000000000002"
"150k-1ms-stress-r01","client","latency-client","2026-09-04T16:09:40.016Z","2026-09-04T16:09:50.008Z","False","150000","151",,"0","0","0","3617848",,"151000","171","1",,,,"128","1.0800000000000001"
"150k-1ms-stress-r01","client","latency-client","2026-09-04T16:09:50.008Z","2026-09-04T16:10:00.011Z","False","150000","151",,"0","0","0","3617860",,"151011","159","1",,,,"117","1.1100000000000001"
"150k-1ms-stress-r01","client","latency-client","2026-09-04T16:10:00.011Z","2026-09-04T16:10:10.007Z","False","150000","151",,"0","0","0","3614944",,"150867","168","1",,,,"122","1.3200000000000001"
"150k-1ms-stress-r01","client","latency-client","2026-09-04T16:10:10.007Z","2026-09-04T16:10:20.009Z","False","150000","151",,"0","0","0","3617850",,"151000","165","1",,,,"122","1.45"
"150k-1ms-stress-r01","client","latency-client","2026-09-04T16:10:20.009Z","2026-09-04T16:10:30.004Z","False","150000","151",,"0","0","0","3617849",,"151000","164","1",,,,"122","1.45"
"150k-1ms-stress-r01","client","latency-client","2026-09-04T16:10:30.004Z","2026-09-04T16:10:40.010Z","False","150000","151",,"0","84","0","3616040",,"150924","161","1",,,,"117","1.55"
"150k-1ms-stress-r01","client","latency-client","2026-09-04T16:10:40.010Z","2026-09-04T16:10:50.013Z","True","150000","151",,"0","0","0","3614594",,"150864","162","1",,,,"119","1.8400000000000001"
"150k-1ms-stress-r01","client","latency-client","2026-09-04T16:10:50.013Z","2026-09-04T16:11:00.013Z","True","150000","151",,"0","0","0","3612783",,"150788","180","1",,,,"137","1.6599999999999999"
"150k-1ms-stress-r01","client","latency-client","2026-09-04T16:11:00.013Z","2026-09-04T16:11:10.008Z","True","150000","151",,"0","0","0","3613869",,"150833","177","1",,,,"133","1.8600000000000001"
"150k-1ms-stress-r01","client","latency-client","2026-09-04T16:11:10.008Z","2026-09-04T16:11:20.001Z","True","150000","151",,"0","0","0","3613468",,"150818","158","1",,,,"116","1.75"
"150k-1ms-stress-r01","client","latency-client","2026-09-04T16:11:20.001Z","2026-09-04T16:11:30.012Z","True","150000","151",,"0","1","0","3612350",,"150773","157","1",,,,"115","1.8700000000000001"
"150k-1ms-stress-r01","client","latency-client","2026-09-04T16:11:30.012Z","2026-09-04T16:11:40.006Z","True","150000","151",,"0","0","0","3614230",,"150848","164","1",,,,"120","1.79"
"150k-1ms-stress-r01","client","latency-client","2026-09-04T16:11:40.006Z","2026-09-04T16:11:50.013Z","True","150000","151",,"0","0","0","3614264",,"150864","164","1",,,,"121","1.79"
"150k-1ms-stress-r01","client","latency-client","2026-09-04T16:11:50.013Z","2026-09-04T16:12:00.015Z","True","150000","151",,"0","0","0","3610908",,"150718","159","1",,,,"115","1.8"
"150k-1ms-stress-r01","client","latency-client","2026-09-04T16:12:00.015Z","2026-09-04T16:12:10.011Z","True","150000","151",,"0","0","0","3616651",,"150933","154","1",,,,"110","1.6200000000000001"
"150k-1ms-stress-r01","client","latency-client","2026-09-04T16:12:10.011Z","2026-09-04T16:12:20.006Z","True","150000","151",,"0","0","0","3612707",,"150788","157","1",,,,"112","1.5900000000000001"
"150k-1ms-stress-r01","client","latency-client","2026-09-04T16:12:20.006Z","2026-09-04T16:12:30.007Z","True","150000","151",,"0","0","0","3612423",,"150773","161","1",,,,"117","1.77"
"150k-1ms-stress-r01","client","latency-client","2026-09-04T16:12:30.007Z","2026-09-04T16:12:40.007Z","True","150000","151",,"0","0","0","3614195",,"150849","161","1",,,,"117","1.5700000000000001"
"150k-1ms-stress-r01","client","latency-client","2026-09-04T16:12:40.007Z","2026-09-04T16:12:50.009Z","True","150000","151",,"0","0","0","3613071",,"150803","159","1",,,,"115","1.71"
"150k-1ms-stress-r01","client","latency-client","2026-09-04T16:12:50.009Z","2026-09-04T16:13:00.012Z","True","150000","151",,"0","0","0","3613522",,"150832","175","1",,,,"131","1.71"
"150k-1ms-stress-r01","client","latency-client","2026-09-04T16:13:00.012Z","2026-09-04T16:13:10.008Z","True","150000","151",,"0","0","0","3613491",,"150804","175","1",,,,"131","1.8"
"150k-1ms-stress-r01","client","latency-client","2026-09-04T16:13:10.008Z","2026-09-04T16:13:20.015Z","True","150000","151",,"0","0","0","3613510",,"150818","173","1",,,,"130","1.73"
"150k-1ms-stress-r01","client","latency-client","2026-09-04T16:13:20.015Z","2026-09-04T16:13:30.014Z","True","150000","151",,"0","0","0","3613869",,"150833","193","1",,,,"149","1.78"
"150k-1ms-stress-r01","client","latency-client","2026-09-04T16:13:30.014Z","2026-09-04T16:13:40.003Z","True","150000","151",,"0","0","0","3612419",,"150773","160","1",,,,"115","1.73"
"150k-1ms-stress-r01","client","latency-client","2026-09-04T16:13:40.003Z","2026-09-04T16:13:50.009Z","True","150000","151",,"0","0","0","3614232",,"150849","167","1",,,,"123","1.6899999999999999"
"150k-1ms-stress-r01","client","latency-client","2026-09-04T16:13:50.009Z","2026-09-04T16:14:00.003Z","True","150000","151",,"0","0","0","3614231",,"150848","172","1",,,,"127","1.6200000000000001"
"150k-1ms-stress-r01","client","latency-client","2026-09-04T16:14:00.003Z","2026-09-04T16:14:10.003Z","True","150000","151",,"0","0","0","3613868",,"150833","174","1",,,,"130","1.54"
"150k-1ms-stress-r01","client","latency-client","2026-09-04T16:14:10.003Z","2026-09-04T16:14:20.003Z","True","150000","151",,"0","0","0","3614231",,"150849","171","1",,,,"127","1.3799999999999999"
"150k-1ms-stress-r01","client","latency-client","2026-09-04T16:14:20.003Z","2026-09-04T16:14:30.021Z","True","150000","151",,"0","0","0","3611732",,"150756","167","1",,,,"123","1.5700000000000001"
"150k-1ms-stress-r01","client","latency-client","2026-09-04T16:14:30.021Z","2026-09-04T16:14:40.013Z","True","150000","151",,"0","0","0","3613119",,"150791","163","1",,,,"119","1.74"
"150k-1ms-stress-r01","client","latency-client","2026-09-04T16:14:40.013Z","2026-09-04T16:14:50.008Z","True","150000","151",,"0","0","0","3613869",,"150833","158","1",,,,"115","1.78"
"150k-1ms-stress-r01","client","latency-client","2026-09-04T16:14:50.008Z","2026-09-04T16:15:00.009Z","True","150000","151",,"0","0","0","3613164",,"150813","174","1",,,,"132","1.8300000000000001"
"150k-1ms-stress-r01","client","latency-client","2026-09-04T16:15:00.009Z","2026-09-04T16:15:10.006Z","True","150000","151",,"0","0","0","3614211",,"150839","166","1",,,,"121","1.8500000000000001"
"150k-1ms-stress-r01","client","latency-client","2026-09-04T16:15:10.006Z","2026-09-04T16:15:20.002Z","True","150000","151",,"0","121","0","3614197",,"150848","163","1",,,,"120","1.74"
"150k-1ms-stress-r01","client","latency-client","2026-09-04T16:15:20.002Z","2026-09-04T16:15:30.007Z","True","150000","151",,"0","0","0","3613793",,"150833","157","1",,,,"114","1.8100000000000001"
"150k-1ms-stress-r01","client","latency-client","2026-09-04T16:15:30.007Z","2026-09-04T16:15:40.003Z","True","150000","151",,"0","151","0","3613869",,"150833","161","1",,,,"118","1.6499999999999999"
"150k-1ms-stress-r01","client","latency-client","2026-09-04T16:15:40.003Z","2026-09-04T16:15:50.016Z","True","150000","151",,"0","0","0","3613873",,"150834","166","1",,,,"122","1.8700000000000001"
"150k-1ms-stress-r01","client","latency-client","2026-09-04T16:15:50.016Z","2026-09-04T16:16:00.012Z","True","150000","151",,"0","0","0","3612420",,"150773","175","1",,,,"132","1.6799999999999999"
"150k-1ms-stress-r01","client","latency-client","2026-09-04T16:16:00.012Z","2026-09-04T16:16:10.003Z","True","150000","151",,"0","0","0","3613866",,"150833","157","1",,,,"115","1.6899999999999999"
"150k-1ms-stress-r01","client","latency-client","2026-09-04T16:16:10.003Z","2026-09-04T16:16:20.010Z","True","150000","151",,"0","0","0","3614561",,"150864","160","1",,,,"116","1.7"
"150k-1ms-stress-r01","client","latency-client","2026-09-04T16:16:20.010Z","2026-09-04T16:16:30.014Z","True","150000","151",,"0","0","0","3612707",,"150788","156","1",,,,"113","1.6899999999999999"
"150k-1ms-stress-r01","client","latency-client","2026-09-04T16:16:30.014Z","2026-09-04T16:16:40.015Z","True","150000","151",,"0","0","0","3613147",,"150803","179","1",,,,"135","1.74"
"150k-1ms-stress-r01","client","latency-client","2026-09-04T16:16:40.015Z","2026-09-04T16:16:50.010Z","True","150000","151",,"0","0","0","3614557",,"150879","166","1",,,,"121","1.6799999999999999"
"150k-1ms-stress-r01","client","latency-client","2026-09-04T16:16:50.010Z","2026-09-04T16:17:00.014Z","True","150000","151",,"0","0","0","3614517",,"150849","248","1",,,,"205","1.5900000000000001"
"150k-1ms-stress-r01","client","latency-client","2026-09-04T16:17:00.014Z","2026-09-04T16:17:10.014Z","True","150000","151",,"0","0","0","3612388",,"150773","380","1",,,,"336","1.6000000000000001"
"150k-1ms-stress-r01","client","latency-client","2026-09-04T16:17:10.014Z","2026-09-04T16:17:20.001Z","True","150000","151",,"0","0","0","3613788",,"150833","161","1",,,,"117","1.72"
"150k-1ms-stress-r01","client","latency-client","2026-09-04T16:17:20.001Z","2026-09-04T16:17:30.002Z","True","150000","151",,"0","51","0","3614592",,"150864","166","1",,,,"124","1.6399999999999999"
"150k-1ms-stress-r01","client","latency-client","2026-09-04T16:17:30.002Z","2026-09-04T16:17:40.007Z","True","150000","151",,"0","0","0","3615679",,"150909","175","1",,,,"131","1.77"
"150k-1ms-stress-r01","client","latency-client","2026-09-04T16:17:40.007Z","2026-09-04T16:17:50.013Z","True","150000","151",,"0","1","0","3612753",,"150788","160","1",,,,"116","1.6000000000000001"
"150k-1ms-stress-r01","client","latency-client","2026-09-04T16:17:50.013Z","2026-09-04T16:18:00.014Z","True","150000","151",,"0","0","0","3615237",,"150894","163","1",,,,"120","1.6799999999999999"
"150k-1ms-stress-r01","client","latency-client","2026-09-04T16:18:00.014Z","2026-09-04T16:18:10.014Z","True","150000","151",,"0","0","0","3613476",,"150820","177","1",,,,"133","1.72"
"150k-1ms-stress-r01","client","latency-client","2026-09-04T16:18:10.014Z","2026-09-04T16:18:20.010Z","True","150000","151",,"0","0","0","3634058",,"150831","402","1",,,,"358","1.6200000000000001"
"150k-1ms-stress-r01","client","latency-client","2026-09-04T16:18:20.010Z","2026-09-04T16:18:30.014Z","True","150000","151",,"0","0","0","3664381",,"150849","763","1",,,,"719","1.6699999999999999"
"150k-1ms-stress-r01","client","latency-client","2026-09-04T16:18:30.014Z","2026-09-04T16:18:40.015Z","True","150000","151",,"0","0","0","3663559",,"150818","149","1",,,,"106","1.3899999999999999"
"150k-1ms-stress-r01","client","latency-client","2026-09-04T16:18:40.015Z","2026-09-04T16:18:50.015Z","True","150000","151",,"0","0","0","3661760",,"150743","163","1",,,,"119","1.47"
"150k-1ms-stress-r01","client","latency-client","2026-09-04T16:18:50.015Z","2026-09-04T16:19:00.006Z","True","150000","151",,"0","0","0","3665149",,"150879","174","1",,,,"131","1.72"
"150k-1ms-stress-r01","client","latency-client","2026-09-04T16:19:00.006Z","2026-09-04T16:19:10.009Z","True","150000","151",,"0","0","0","3663319",,"150803","179","1",,,,"136","1.6899999999999999"
"150k-1ms-stress-r01","client","latency-client","2026-09-04T16:19:10.009Z","2026-09-04T16:19:20.014Z","True","150000","151",,"0","0","0","3664382",,"150849","165","1",,,,"122","1.5900000000000001"
"150k-1ms-stress-r01","client","latency-client","2026-09-04T16:19:20.014Z","2026-09-04T16:19:30.009Z","True","150000","151",,"0","0","0","3662492",,"150773","149","1",,,,"105","1.5600000000000001"
"150k-1ms-stress-r01","client","latency-client","2026-09-04T16:19:30.009Z","2026-09-04T16:19:40.013Z","True","150000","151",,"0","0","0","3662584",,"150773","157","1",,,,"113","1.6599999999999999"
"150k-1ms-stress-r01","client","latency-client","2026-09-04T16:19:40.013Z","2026-09-04T16:19:50.011Z","True","150000","151",,"0","0","0","3664417",,"150848","177","1",,,,"133","1.77"
"150k-1ms-stress-r01","client","latency-client","2026-09-04T16:19:50.011Z","2026-09-04T16:20:00.016Z","True","150000","151",,"0","63","0","3664418",,"150849","164","1",,,,"122","1.6100000000000001"
"150k-1ms-stress-r01","client","latency-client","2026-09-04T16:20:00.016Z","2026-09-04T16:20:10.010Z","True","150000","151",,"0","0","0","3665517",,"150894","172","1",,,,"129","1.53"
"150k-1ms-stress-r01","client","latency-client","2026-09-04T16:20:10.010Z","2026-09-04T16:20:20.013Z","True","150000","151",,"0","101","0","3663685",,"150818","175","1",,,,"131","1.6399999999999999"
"150k-1ms-stress-r01","client","latency-client","2026-09-04T16:20:20.013Z","2026-09-04T16:20:30.003Z","True","150000","151",,"0","0","0","3661809",,"150743","158","1",,,,"115","1.5600000000000001"
"150k-1ms-stress-r01","server","latency-server","2026-09-04T16:09:20.008Z","2026-09-04T16:09:30.008Z","False","150000","0",,"0","0","0","0",,,,"0",,,,,"2.2000000000000002"
"150k-1ms-stress-r01","server","latency-server","2026-09-04T16:09:30.008Z","2026-09-04T16:09:40.015Z","False","150000","151",,"0","0","0","149","15",,,"3102695",,"133799","46","107","3.0099999999999998"
"150k-1ms-stress-r01","server","latency-server","2026-09-04T16:09:40.015Z","2026-09-04T16:09:50.008Z","False","150000","151",,"0","0","0","1",,,,"3617848",,"151000","43","121","3.4199999999999999"
"150k-1ms-stress-r01","server","latency-server","2026-09-04T16:09:50.008Z","2026-09-04T16:10:00.011Z","False","150000","151",,"0","0","0","1",,,,"3618211",,"151015","42","112","3.3999999999999999"
"150k-1ms-stress-r01","server","latency-server","2026-09-04T16:10:00.011Z","2026-09-04T16:10:10.007Z","False","150000","151",,"0","0","0","1",,,,"3614593",,"150864","46","119","3.4199999999999999"
"150k-1ms-stress-r01","server","latency-server","2026-09-04T16:10:10.007Z","2026-09-04T16:10:20.009Z","False","150000","151",,"0","0","0","1",,,,"3617850",,"151000","43","129","3.3799999999999999"
"150k-1ms-stress-r01","server","latency-server","2026-09-04T16:10:20.009Z","2026-09-04T16:10:30.004Z","False","150000","151",,"0","0","0","1",,,,"3617849",,"151000","43","113","3.3399999999999999"
"150k-1ms-stress-r01","server","latency-server","2026-09-04T16:10:30.004Z","2026-09-04T16:10:40.010Z","False","150000","151",,"0","0","0","1",,,,"3616040",,"150924","44","108","3.3900000000000001"
"150k-1ms-stress-r01","server","latency-server","2026-09-04T16:10:40.010Z","2026-09-04T16:10:50.013Z","True","150000","151",,"0","151","0","1",,,,"3614956",,"150879","44","110","3.3599999999999999"
"150k-1ms-stress-r01","server","latency-server","2026-09-04T16:10:50.013Z","2026-09-04T16:11:00.012Z","True","150000","151",,"0","0","0","1",,,,"3612421",,"150773","43","121","3.3999999999999999"
"150k-1ms-stress-r01","server","latency-server","2026-09-04T16:11:00.012Z","2026-09-04T16:11:10.008Z","True","150000","151",,"0","0","0","1",,,,"3613869",,"150833","44","120","3.3700000000000001"
"150k-1ms-stress-r01","server","latency-server","2026-09-04T16:11:10.008Z","2026-09-04T16:11:20.001Z","True","150000","151",,"0","0","0","1",,,,"3613468",,"150818","42","106","3.4199999999999999"
"150k-1ms-stress-r01","server","latency-server","2026-09-04T16:11:20.001Z","2026-09-04T16:11:30.012Z","True","150000","151",,"0","0","0","1",,,,"3612350",,"150773","43","103","3.4100000000000001"
"150k-1ms-stress-r01","server","latency-server","2026-09-04T16:11:30.012Z","2026-09-04T16:11:40.006Z","True","150000","151",,"0","0","0","1",,,,"3614230",,"150848","44","105","3.3500000000000001"
"150k-1ms-stress-r01","server","latency-server","2026-09-04T16:11:40.006Z","2026-09-04T16:11:50.013Z","True","150000","151",,"0","0","0","1",,,,"3614594",,"150864","44","111","3.3500000000000001"
"150k-1ms-stress-r01","server","latency-server","2026-09-04T16:11:50.013Z","2026-09-04T16:12:00.008Z","True","150000","151",,"0","0","0","1",,,,"3613107",,"150803","43","104","3.3799999999999999"
"150k-1ms-stress-r01","server","latency-server","2026-09-04T16:12:00.008Z","2026-09-04T16:12:10.011Z","True","150000","151",,"0","0","0","1",,,,"3614481",,"150864","44","98","3.3999999999999999"
"150k-1ms-stress-r01","server","latency-server","2026-09-04T16:12:10.011Z","2026-09-04T16:12:20.006Z","True","150000","151",,"0","121","0","1",,,,"3612707",,"150788","44","105","3.4100000000000001"
"150k-1ms-stress-r01","server","latency-server","2026-09-04T16:12:20.006Z","2026-09-04T16:12:30.007Z","True","150000","151",,"0","0","0","1",,,,"3612061",,"150758","44","112","3.4199999999999999"
"150k-1ms-stress-r01","server","latency-server","2026-09-04T16:12:30.007Z","2026-09-04T16:12:40.007Z","True","150000","151",,"0","19","0","1",,,,"3614556",,"150864","44","111","3.3799999999999999"
"150k-1ms-stress-r01","server","latency-server","2026-09-04T16:12:40.007Z","2026-09-04T16:12:50.009Z","True","150000","151",,"0","0","0","1",,,,"3612710",,"150788","44","109","3.3399999999999999"
"150k-1ms-stress-r01","server","latency-server","2026-09-04T16:12:50.009Z","2026-09-04T16:13:00.011Z","True","150000","151",,"0","0","0","1",,,,"3613869",,"150833","44","120","3.3599999999999999"
"150k-1ms-stress-r01","server","latency-server","2026-09-04T16:13:00.011Z","2026-09-04T16:13:10.008Z","True","150000","151",,"0","0","0","1",,,,"3613143",,"150803","44","117","3.3500000000000001"
"150k-1ms-stress-r01","server","latency-server","2026-09-04T16:13:10.008Z","2026-09-04T16:13:20.015Z","True","150000","151",,"0","0","0","1",,,,"3613510",,"150818","43","129","3.3599999999999999"
"150k-1ms-stress-r01","server","latency-server","2026-09-04T16:13:20.015Z","2026-09-04T16:13:30.014Z","True","150000","151",,"0","0","0","1",,,,"3613871",,"150834","44","153","3.3599999999999999"
"150k-1ms-stress-r01","server","latency-server","2026-09-04T16:13:30.014Z","2026-09-04T16:13:40.003Z","True","150000","151",,"0","0","0","1",,,,"3612416",,"150772","45","111","3.3599999999999999"
"150k-1ms-stress-r01","server","latency-server","2026-09-04T16:13:40.003Z","2026-09-04T16:13:50.009Z","True","150000","151",,"0","0","0","1",,,,"3614232",,"150849","44","121","3.3500000000000001"
"150k-1ms-stress-r01","server","latency-server","2026-09-04T16:13:50.009Z","2026-09-04T16:14:00.002Z","True","150000","151",,"0","0","0","1",,,,"3614242",,"150853","45","121","3.3599999999999999"
"150k-1ms-stress-r01","server","latency-server","2026-09-04T16:14:00.002Z","2026-09-04T16:14:10.003Z","True","150000","151",,"0","0","0","1",,,,"3613857",,"150829","45","122","3.3500000000000001"
"150k-1ms-stress-r01","server","latency-server","2026-09-04T16:14:10.003Z","2026-09-04T16:14:20.003Z","True","150000","151",,"0","0","0","1",,,,"3614231",,"150849","43","118","3.4399999999999999"
"150k-1ms-stress-r01","server","latency-server","2026-09-04T16:14:20.003Z","2026-09-04T16:14:30.015Z","True","150000","151",,"0","111","0","1",,,,"3613874",,"150834","44","117","3.3700000000000001"
"150k-1ms-stress-r01","server","latency-server","2026-09-04T16:14:30.015Z","2026-09-04T16:14:40.013Z","True","150000","151",,"0","0","0","1",,,,"3610973",,"150713","44","117","3.4199999999999999"
"150k-1ms-stress-r01","server","latency-server","2026-09-04T16:14:40.013Z","2026-09-04T16:14:50.008Z","True","150000","151",,"0","0","0","1",,,,"3613885",,"150843","44","110","3.3700000000000001"
"150k-1ms-stress-r01","server","latency-server","2026-09-04T16:14:50.008Z","2026-09-04T16:15:00.009Z","True","150000","151",,"0","0","0","1",,,,"3613492",,"150809","42","117","3.4399999999999999"
"150k-1ms-stress-r01","server","latency-server","2026-09-04T16:15:00.009Z","2026-09-04T16:15:10.006Z","True","150000","151",,"0","118","0","1",,,,"3614229",,"150848","44","111","3.3999999999999999"
"150k-1ms-stress-r01","server","latency-server","2026-09-04T16:15:10.006Z","2026-09-04T16:15:20.002Z","True","150000","151",,"0","0","0","1",,,,"3613835",,"150833","43","105","3.3999999999999999"
"150k-1ms-stress-r01","server","latency-server","2026-09-04T16:15:20.002Z","2026-09-04T16:15:30.007Z","True","150000","151",,"0","0","0","1",,,,"3613793",,"150833","43","105","3.3700000000000001"
"150k-1ms-stress-r01","server","latency-server","2026-09-04T16:15:30.007Z","2026-09-04T16:15:40.003Z","True","150000","151",,"0","0","0","1",,,,"3613869",,"150833","43","198","3.3999999999999999"
"150k-1ms-stress-r01","server","latency-server","2026-09-04T16:15:40.003Z","2026-09-04T16:15:50.015Z","True","150000","151",,"0","0","0","1",,,,"3613872",,"150834","44","313","3.3599999999999999"
"150k-1ms-stress-r01","server","latency-server","2026-09-04T16:15:50.015Z","2026-09-04T16:16:00.011Z","True","150000","151",,"0","0","0","1",,,,"3612059",,"150758","42","123","3.4500000000000002"
"150k-1ms-stress-r01","server","latency-server","2026-09-04T16:16:00.011Z","2026-09-04T16:16:10.002Z","True","150000","151",,"0","0","0","1",,,,"3614254",,"150863","43","110","3.4100000000000001"
"150k-1ms-stress-r01","server","latency-server","2026-09-04T16:16:10.002Z","2026-09-04T16:16:20.010Z","True","150000","151",,"0","0","0","1",,,,"3614896",,"150865","44","101","3.3399999999999999"
"150k-1ms-stress-r01","server","latency-server","2026-09-04T16:16:20.010Z","2026-09-04T16:16:30.014Z","True","150000","151",,"0","0","0","1",,,,"3612346",,"150773","44","109","3.3999999999999999"
"150k-1ms-stress-r01","server","latency-server","2026-09-04T16:16:30.014Z","2026-09-04T16:16:40.015Z","True","150000","151",,"0","0","0","1",,,,"3613147",,"150803","45","126","3.3599999999999999"
"150k-1ms-stress-r01","server","latency-server","2026-09-04T16:16:40.015Z","2026-09-04T16:16:50.010Z","True","150000","151",,"0","0","0","1",,,,"3614569",,"150871","45","111","3.4100000000000001"
"150k-1ms-stress-r01","server","latency-server","2026-09-04T16:16:50.010Z","2026-09-04T16:17:00.014Z","True","150000","151",,"0","0","0","1",,,,"3614506",,"150856","43","193","3.4100000000000001"
"150k-1ms-stress-r01","server","latency-server","2026-09-04T16:17:00.014Z","2026-09-04T16:17:10.013Z","True","150000","151",,"0","0","0","1",,,,"3612387",,"150773","44","329","3.3799999999999999"
"150k-1ms-stress-r01","server","latency-server","2026-09-04T16:17:10.013Z","2026-09-04T16:17:20.001Z","True","150000","151",,"0","0","0","1",,,,"3613789",,"150833","44","101","3.3999999999999999"
"150k-1ms-stress-r01","server","latency-server","2026-09-04T16:17:20.001Z","2026-09-04T16:17:30.002Z","True","150000","151",,"0","0","0","1",,,,"3614592",,"150864","42","118","3.3700000000000001"
"150k-1ms-stress-r01","server","latency-server","2026-09-04T16:17:30.002Z","2026-09-04T16:17:40.006Z","True","150000","151",,"0","0","0","1",,,,"3615333",,"150907","44","120","3.3399999999999999"
"150k-1ms-stress-r01","server","latency-server","2026-09-04T16:17:40.006Z","2026-09-04T16:17:50.012Z","True","150000","151",,"0","0","0","1",,,,"3613099",,"150791","44","99","3.3999999999999999"
"150k-1ms-stress-r01","server","latency-server","2026-09-04T16:17:50.012Z","2026-09-04T16:18:00.013Z","True","150000","151",,"0","0","0","1",,,,"3614875",,"150879","43","120","3.3199999999999998"
"150k-1ms-stress-r01","server","latency-server","2026-09-04T16:18:00.013Z","2026-09-04T16:18:10.014Z","True","150000","151",,"0","0","0","1",,,,"3614198",,"150849","44","149","3.3999999999999999"
"150k-1ms-stress-r01","server","latency-server","2026-09-04T16:18:10.014Z","2026-09-04T16:18:20.009Z","True","150000","151",,"0","144","0","1",,,,"3634060",,"150833","44","353","3.3799999999999999"
"150k-1ms-stress-r01","server","latency-server","2026-09-04T16:18:20.009Z","2026-09-04T16:18:30.014Z","True","150000","151",,"0","0","0","1",,,,"3664015",,"150833","44","709","3.3599999999999999"
"150k-1ms-stress-r01","server","latency-server","2026-09-04T16:18:30.014Z","2026-09-04T16:18:40.015Z","True","150000","151",,"0","0","0","1",,,,"3663559",,"150818","43","96","3.3900000000000001"
"150k-1ms-stress-r01","server","latency-server","2026-09-04T16:18:40.015Z","2026-09-04T16:18:50.014Z","True","150000","151",,"0","0","0","1",,,,"3661759",,"150743","44","114","3.3900000000000001"
"150k-1ms-stress-r01","server","latency-server","2026-09-04T16:18:50.014Z","2026-09-04T16:19:00.006Z","True","150000","151",,"0","16","0","1",,,,"3665516",,"150894","43","152","3.3999999999999999"
"150k-1ms-stress-r01","server","latency-server","2026-09-04T16:19:00.006Z","2026-09-04T16:19:10.009Z","True","150000","151",,"0","0","0","1",,,,"3662952",,"150788","44","133","3.3500000000000001"
"150k-1ms-stress-r01","server","latency-server","2026-09-04T16:19:10.009Z","2026-09-04T16:19:20.014Z","True","150000","151",,"0","0","0","1",,,,"3664382",,"150849","43","120","3.3599999999999999"
"150k-1ms-stress-r01","server","latency-server","2026-09-04T16:19:20.014Z","2026-09-04T16:19:30.008Z","True","150000","151",,"0","0","0","1",,,,"3662492",,"150773","44","101","3.3999999999999999"
"150k-1ms-stress-r01","server","latency-server","2026-09-04T16:19:30.008Z","2026-09-04T16:19:40.007Z","True","150000","151",,"0","0","0","1",,,,"3664058",,"150835","44","111","3.3999999999999999"
"150k-1ms-stress-r01","server","latency-server","2026-09-04T16:19:40.007Z","2026-09-04T16:19:50.011Z","True","150000","151",,"0","0","0","1",,,,"3662943",,"150787","44","111","3.3799999999999999"
"150k-1ms-stress-r01","server","latency-server","2026-09-04T16:19:50.011Z","2026-09-04T16:20:00.015Z","True","150000","151",,"0","0","0","1",,,,"3664051",,"150833","43","117","3.3799999999999999"
"150k-1ms-stress-r01","server","latency-server","2026-09-04T16:20:00.015Z","2026-09-04T16:20:10.010Z","True","150000","151",,"0","0","0","1",,,,"3665517",,"150894","44","121","3.3999999999999999"
"150k-1ms-stress-r01","server","latency-server","2026-09-04T16:20:10.010Z","2026-09-04T16:20:20.013Z","True","150000","151",,"0","0","0","1",,,,"3664051",,"150833","43","122","3.4100000000000001"
"150k-1ms-stress-r01","server","latency-server","2026-09-04T16:20:20.013Z","2026-09-04T16:20:30.003Z","True","150000","151",,"0","0","0","1",,,,"3661809",,"150743","43","105","3.3799999999999999"
"150k-1ms-stress-r02","client","latency-client","2026-09-04T16:45:00.012Z","2026-09-04T16:45:10.012Z","False","150000","151",,"0","0","0","3480103",,"150538","1091","190","19",,,"1044","3.1499999999999999"
"150k-1ms-stress-r02","client","latency-client","2026-09-04T16:45:10.012Z","2026-09-04T16:45:20.010Z","False","150000","151",,"0","0","0","3614197",,"151000","170","1",,,,"128","0.90000000000000002"
"150k-1ms-stress-r02","client","latency-client","2026-09-04T16:45:20.010Z","2026-09-04T16:45:30.001Z","False","150000","151",,"0","0","0","3617848",,"151000","180","1",,,,"139","0.78000000000000003"
"150k-1ms-stress-r02","client","latency-client","2026-09-04T16:45:30.001Z","2026-09-04T16:45:40.013Z","False","150000","151",,"0","0","0","3616041",,"150924","159","1",,,,"115","0.97999999999999998"
"150k-1ms-stress-r02","client","latency-client","2026-09-04T16:45:40.013Z","2026-09-04T16:45:50.009Z","False","150000","151",,"0","0","0","3617850",,"151000","168","1",,,,"124","0.83999999999999997"
"150k-1ms-stress-r02","client","latency-client","2026-09-04T16:45:50.009Z","2026-09-04T16:46:00.007Z","False","150000","151",,"0","151","0","3617462",,"150984","166","1",,,,"120","1.2"
"150k-1ms-stress-r02","client","latency-client","2026-09-04T16:46:00.007Z","2026-09-04T16:46:10.004Z","False","150000","151",,"0","0","0","3615953",,"150924","159","1",,,,"115","1.1899999999999999"
"150k-1ms-stress-r02","client","latency-client","2026-09-04T16:46:10.004Z","2026-09-04T16:46:20.006Z","True","150000","151",,"0","0","0","3615677",,"150909","164","1",,,,"121","1.6499999999999999"
"150k-1ms-stress-r02","client","latency-client","2026-09-04T16:46:20.006Z","2026-09-04T16:46:30.007Z","True","150000","151",,"0","0","0","3613508",,"150818","176","1",,,,"131","1.46"
"150k-1ms-stress-r02","client","latency-client","2026-09-04T16:46:30.007Z","2026-09-04T16:46:40.013Z","True","150000","151",,"0","0","0","3614234",,"150849","172","1",,,,"128","1.55"
"150k-1ms-stress-r02","client","latency-client","2026-09-04T16:46:40.013Z","2026-09-04T16:46:50.004Z","True","150000","151",,"0","0","0","3613886",,"150843","159","1",,,,"115","1.5600000000000001"
"150k-1ms-stress-r02","client","latency-client","2026-09-04T16:46:50.004Z","2026-09-04T16:47:00.002Z","True","150000","151",,"0","0","0","3611317",,"150718","168","1",,,,"123","1.4399999999999999"
"150k-1ms-stress-r02","client","latency-client","2026-09-04T16:47:00.002Z","2026-09-04T16:47:10.007Z","True","150000","151",,"0","0","0","3613870",,"150833","175","1",,,,"131","1.5700000000000001"
"150k-1ms-stress-r02","client","latency-client","2026-09-04T16:47:10.007Z","2026-09-04T16:47:20.006Z","True","150000","151",,"0","0","0","3614206",,"150848","169","1",,,,"126","1.4399999999999999"
"150k-1ms-stress-r02","client","latency-client","2026-09-04T16:47:20.006Z","2026-09-04T16:47:30.008Z","True","150000","151",,"0","0","0","3614506",,"150864","156","1",,,,"113","1.3700000000000001"
"150k-1ms-stress-r02","client","latency-client","2026-09-04T16:47:30.008Z","2026-09-04T16:47:40.003Z","True","150000","151",,"0","0","0","3613868",,"150833","161","1",,,,"116","1.5"
"150k-1ms-stress-r02","client","latency-client","2026-09-04T16:47:40.003Z","2026-09-04T16:47:50.016Z","True","150000","151",,"0","0","0","3613889",,"150849","167","1",,,,"123","1.6000000000000001"
"150k-1ms-stress-r02","client","latency-client","2026-09-04T16:47:50.016Z","2026-09-04T16:48:00.003Z","True","150000","151",,"0","0","0","3613827",,"150818","161","1",,,,"116","1.4399999999999999"
"150k-1ms-stress-r02","client","latency-client","2026-09-04T16:48:00.003Z","2026-09-04T16:48:10.001Z","True","150000","151",,"0","0","0","3613781",,"150833","151","1",,,,"107","1.55"
"150k-1ms-stress-r02","client","latency-client","2026-09-04T16:48:10.001Z","2026-09-04T16:48:20.011Z","True","150000","151",,"0","0","0","3615319",,"150894","162","1",,,,"118","1.5800000000000001"
"150k-1ms-stress-r02","client","latency-client","2026-09-04T16:48:20.011Z","2026-09-04T16:48:30.004Z","True","150000","151",,"0","0","0","3613143",,"150803","164","1",,,,"122","1.5600000000000001"
"150k-1ms-stress-r02","client","latency-client","2026-09-04T16:48:30.004Z","2026-09-04T16:48:40.004Z","True","150000","151",,"0","0","0","3612783",,"150788","164","1",,,,"122","1.45"
"150k-1ms-stress-r02","client","latency-client","2026-09-04T16:48:40.004Z","2026-09-04T16:48:50.002Z","True","150000","151",,"0","0","0","3611335",,"150728","164","1",,,,"121","1.48"
"150k-1ms-stress-r02","client","latency-client","2026-09-04T16:48:50.002Z","2026-09-04T16:49:00.008Z","True","150000","151",,"0","0","0","3614233",,"150849","160","1",,,,"117","1.4099999999999999"
"150k-1ms-stress-r02","client","latency-client","2026-09-04T16:49:00.008Z","2026-09-04T16:49:10.002Z","True","150000","151",,"0","0","0","3614591",,"150864","165","1",,,,"121","1.5600000000000001"
"150k-1ms-stress-r02","client","latency-client","2026-09-04T16:49:10.002Z","2026-09-04T16:49:20.006Z","True","150000","151",,"0","0","0","3612062",,"150758","172","1",,,,"128","1.54"
"150k-1ms-stress-r02","client","latency-client","2026-09-04T16:49:20.006Z","2026-09-04T16:49:30.002Z","True","150000","151",,"0","0","0","3613119",,"150803","175","1",,,,"132","1.5700000000000001"
"150k-1ms-stress-r02","client","latency-client","2026-09-04T16:49:30.002Z","2026-09-04T16:49:40.002Z","True","150000","151",,"0","0","0","3613058",,"150803","157","1",,,,"113","1.26"
"150k-1ms-stress-r02","client","latency-client","2026-09-04T16:49:40.002Z","2026-09-04T16:49:50.007Z","True","150000","151",,"0","0","0","3614956",,"150879","177","1",,,,"132","1.4099999999999999"
"150k-1ms-stress-r02","client","latency-client","2026-09-04T16:49:50.007Z","2026-09-04T16:50:00.012Z","True","150000","151",,"0","0","0","3613147",,"150803","159","1",,,,"115","1.48"
"150k-1ms-stress-r02","client","latency-client","2026-09-04T16:50:00.012Z","2026-09-04T16:50:10.006Z","True","150000","151",,"0","0","0","3613867",,"150833","176","1",,,,"131","1.48"
"150k-1ms-stress-r02","client","latency-client","2026-09-04T16:50:10.006Z","2026-09-04T16:50:20.007Z","True","150000","151",,"0","0","0","3612785",,"150788","167","1",,,,"123","1.4299999999999999"
"150k-1ms-stress-r02","client","latency-client","2026-09-04T16:50:20.007Z","2026-09-04T16:50:30.010Z","True","150000","151",,"0","0","0","3615317",,"150894","181","1",,,,"137","1.4099999999999999"
"150k-1ms-stress-r02","client","latency-client","2026-09-04T16:50:30.010Z","2026-09-04T16:50:40.003Z","True","150000","151",,"0","0","0","3613143",,"150803","192","1",,,,"149","1.4299999999999999"
"150k-1ms-stress-r02","client","latency-client","2026-09-04T16:50:40.003Z","2026-09-04T16:50:50.005Z","True","150000","151",,"0","0","0","3612786",,"150788","194","1",,,,"149","1.47"
"150k-1ms-stress-r02","client","latency-client","2026-09-04T16:50:50.005Z","2026-09-04T16:51:00.003Z","True","150000","151",,"0","0","0","3613507",,"150818","176","1",,,,"134","1.6100000000000001"
"150k-1ms-stress-r02","client","latency-client","2026-09-04T16:51:00.003Z","2026-09-04T16:51:10.002Z","True","150000","151",,"0","0","0","3614207",,"150848","167","1",,,,"122","1.6100000000000001"
"150k-1ms-stress-r02","client","latency-client","2026-09-04T16:51:10.002Z","2026-09-04T16:51:20.001Z","True","150000","151",,"0","0","0","3612334",,"150774","158","1",,,,"114","1.5700000000000001"
"150k-1ms-stress-r02","client","latency-client","2026-09-04T16:51:20.001Z","2026-09-04T16:51:30.014Z","True","150000","151",,"0","0","0","3613533",,"150833","182","1",,,,"138","1.3200000000000001"
"150k-1ms-stress-r02","client","latency-client","2026-09-04T16:51:30.014Z","2026-09-04T16:51:40.006Z","True","150000","151",,"0","3","0","3612760",,"150773","179","1",,,,"136","1.53"
"150k-1ms-stress-r02","client","latency-client","2026-09-04T16:51:40.006Z","2026-09-04T16:51:50.002Z","True","150000","151",,"0","0","0","3613485",,"150818","165","1",,,,"121","1.4399999999999999"
"150k-1ms-stress-r02","client","latency-client","2026-09-04T16:51:50.002Z","2026-09-04T16:52:00.002Z","True","150000","151",,"0","0","0","3614482",,"150864","148","1",,,,"104","1.3700000000000001"
"150k-1ms-stress-r02","client","latency-client","2026-09-04T16:52:00.002Z","2026-09-04T16:52:10.008Z","True","150000","151",,"0","0","0","3614143",,"150849","155","1",,,,"111","1.48"
"150k-1ms-stress-r02","client","latency-client","2026-09-04T16:52:10.008Z","2026-09-04T16:52:20.004Z","True","150000","151",,"0","0","0","3613144",,"150803","163","1",,,,"120","1.53"
"150k-1ms-stress-r02","client","latency-client","2026-09-04T16:52:20.004Z","2026-09-04T16:52:30.016Z","True","150000","151",,"0","0","0","3613511",,"150819","166","1",,,,"123","1.46"
"150k-1ms-stress-r02","client","latency-client","2026-09-04T16:52:30.016Z","2026-09-04T16:52:40.008Z","True","150000","151",,"0","0","0","3613505",,"150818","172","1",,,,"129","1.4099999999999999"
"150k-1ms-stress-r02","client","latency-client","2026-09-04T16:52:40.008Z","2026-09-04T16:52:50.015Z","True","150000","151",,"0","51","0","3613851",,"150834","158","1",,,,"114","1.6299999999999999"
"150k-1ms-stress-r02","client","latency-client","2026-09-04T16:52:50.015Z","2026-09-04T16:53:00.013Z","True","150000","151",,"0","0","0","3611968",,"150758","150","1",,,,"107","1.3999999999999999"
"150k-1ms-stress-r02","client","latency-client","2026-09-04T16:53:00.013Z","2026-09-04T16:53:10.010Z","True","150000","151",,"0","0","0","3614229",,"150848","171","1",,,,"127","1.47"
"150k-1ms-stress-r02","client","latency-client","2026-09-04T16:53:10.010Z","2026-09-04T16:53:20.016Z","True","150000","151",,"0","0","0","3613872",,"150833","163","1",,,,"119","1.4199999999999999"
"150k-1ms-stress-r02","client","latency-client","2026-09-04T16:53:20.016Z","2026-09-04T16:53:30.002Z","True","150000","151",,"0","0","0","3614953",,"150879","391","1",,,,"348","1.3600000000000001"
"150k-1ms-stress-r02","client","latency-client","2026-09-04T16:53:30.002Z","2026-09-04T16:53:40.014Z","True","150000","151",,"0","121","0","3611682",,"150743","1151","1",,,,"1108","1.53"
"150k-1ms-stress-r02","client","latency-client","2026-09-04T16:53:40.014Z","2026-09-04T16:53:50.007Z","True","150000","151",,"0","0","0","3628774",,"150833","172","1",,,,"126","1.5"
"150k-1ms-stress-r02","client","latency-client","2026-09-04T16:53:50.007Z","2026-09-04T16:54:00.006Z","True","150000","151",,"0","0","0","3664071",,"150849","164","1",,,,"119","1.4099999999999999"
"150k-1ms-stress-r02","client","latency-client","2026-09-04T16:54:00.006Z","2026-09-04T16:54:10.010Z","True","150000","151",,"0","0","0","3664765",,"150849","162","1",,,,"118","1.3100000000000001"
"150k-1ms-stress-r02","client","latency-client","2026-09-04T16:54:10.010Z","2026-09-04T16:54:20.012Z","True","150000","151",,"0","0","0","3664051",,"150833","159","1",,,,"114","1.5"
"150k-1ms-stress-r02","client","latency-client","2026-09-04T16:54:20.012Z","2026-09-04T16:54:30.005Z","True","150000","151",,"0","0","0","3663313",,"150803","165","1",,,,"121","1.3500000000000001"
"150k-1ms-stress-r02","client","latency-client","2026-09-04T16:54:30.005Z","2026-09-04T16:54:40.011Z","True","150000","151",,"0","0","0","3664786",,"150864","168","1",,,,"125","1.51"
"150k-1ms-stress-r02","client","latency-client","2026-09-04T16:54:40.011Z","2026-09-04T16:54:50.004Z","True","150000","151",,"0","52","0","3663312",,"150803","181","1",,,,"138","1.4199999999999999"
"150k-1ms-stress-r02","client","latency-client","2026-09-04T16:54:50.004Z","2026-09-04T16:55:00.005Z","True","150000","151",,"0","0","0","3664417",,"150849","166","1",,,,"121","1.52"
"150k-1ms-stress-r02","client","latency-client","2026-09-04T16:55:00.005Z","2026-09-04T16:55:10.009Z","True","150000","151",,"0","0","0","3663685",,"150818","172","1",,,,"129","1.46"
"150k-1ms-stress-r02","client","latency-client","2026-09-04T16:55:10.009Z","2026-09-04T16:55:20.014Z","True","150000","151",,"0","0","0","3664051",,"150833","170","1",,,,"126","1.3899999999999999"
"150k-1ms-stress-r02","client","latency-client","2026-09-04T16:55:20.014Z","2026-09-04T16:55:30.001Z","True","150000","151",,"0","0","0","3662211",,"150758","169","1",,,,"125","1.48"
"150k-1ms-stress-r02","client","latency-client","2026-09-04T16:55:30.001Z","2026-09-04T16:55:40.004Z","True","150000","151",,"0","0","0","3665151",,"150879","176","1",,,,"131","1.5800000000000001"
"150k-1ms-stress-r02","client","latency-client","2026-09-04T16:55:40.004Z","2026-09-04T16:55:50.004Z","True","150000","151",,"0","0","0","3664417",,"150849","170","1",,,,"127","1.3500000000000001"
"150k-1ms-stress-r02","client","latency-client","2026-09-04T16:55:50.004Z","2026-09-04T16:56:00.014Z","True","150000","151",,"0","0","0","3664031",,"150834","176","1",,,,"133","1.4099999999999999"
"150k-1ms-stress-r02","server","latency-server","2026-09-04T16:44:50.011Z","2026-09-04T16:45:00.011Z","False","150000","0",,"0","0","0","0",,,,"0",,,,,"2.6499999999999999"
"150k-1ms-stress-r02","server","latency-server","2026-09-04T16:45:00.011Z","2026-09-04T16:45:10.012Z","False","150000","151",,"0","0","0","149","15",,,"2731334",,"118148","46","97","2.5699999999999998"
"150k-1ms-stress-r02","server","latency-server","2026-09-04T16:45:10.012Z","2026-09-04T16:45:20.010Z","False","150000","151",,"0","0","0","1",,,,"3614197",,"151000","42","125","3.3100000000000001"
"150k-1ms-stress-r02","server","latency-server","2026-09-04T16:45:20.010Z","2026-09-04T16:45:30.001Z","False","150000","151",,"0","0","0","1",,,,"3618210",,"151015","42","142","3.29"
"150k-1ms-stress-r02","server","latency-server","2026-09-04T16:45:30.001Z","2026-09-04T16:45:40.013Z","False","150000","151",,"0","0","0","1",,,,"3615704",,"150912","43","113","3.3100000000000001"
"150k-1ms-stress-r02","server","latency-server","2026-09-04T16:45:40.013Z","2026-09-04T16:45:50.008Z","False","150000","151",,"0","0","0","1",,,,"3618188",,"151012","44","116","3.3100000000000001"
"150k-1ms-stress-r02","server","latency-server","2026-09-04T16:45:50.008Z","2026-09-04T16:46:00.007Z","False","150000","151",,"0","0","0","1",,,,"3617101",,"150969","46","109","3.3799999999999999"
"150k-1ms-stress-r02","server","latency-server","2026-09-04T16:46:00.007Z","2026-09-04T16:46:10.003Z","False","150000","151",,"0","101","0","1",,,,"3615961",,"150935","44","99","3.29"
"150k-1ms-stress-r02","server","latency-server","2026-09-04T16:46:10.003Z","2026-09-04T16:46:20.006Z","True","150000","151",,"0","0","0","1",,,,"3615670",,"150898","44","106","3.25"
"150k-1ms-stress-r02","server","latency-server","2026-09-04T16:46:20.006Z","2026-09-04T16:46:30.007Z","True","150000","151",,"0","0","0","1",,,,"3613146",,"150803","44","117","3.2999999999999998"
"150k-1ms-stress-r02","server","latency-server","2026-09-04T16:46:30.007Z","2026-09-04T16:46:40.013Z","True","150000","151",,"0","0","0","1",,,,"3614234",,"150849","44","117","3.3100000000000001"
"150k-1ms-stress-r02","server","latency-server","2026-09-04T16:46:40.013Z","2026-09-04T16:46:50.003Z","True","150000","151",,"0","0","0","1",,,,"3614590",,"150863","44","109","3.2999999999999998"
"150k-1ms-stress-r02","server","latency-server","2026-09-04T16:46:50.003Z","2026-09-04T16:47:00.002Z","True","150000","151",,"0","0","0","1",,,,"3610975",,"150713","45","120","3.2999999999999998"
"150k-1ms-stress-r02","server","latency-server","2026-09-04T16:47:00.002Z","2026-09-04T16:47:10.007Z","True","150000","151",,"0","0","0","1",,,,"3613870",,"150833","44","118","3.27"
"150k-1ms-stress-r02","server","latency-server","2026-09-04T16:47:10.007Z","2026-09-04T16:47:20.006Z","True","150000","151",,"0","35","0","1",,,,"3614567",,"150864","43","117","3.3199999999999998"
"150k-1ms-stress-r02","server","latency-server","2026-09-04T16:47:20.006Z","2026-09-04T16:47:30.008Z","True","150000","151",,"0","0","0","1",,,,"3614144",,"150849","43","122","3.2799999999999998"
"150k-1ms-stress-r02","server","latency-server","2026-09-04T16:47:30.008Z","2026-09-04T16:47:40.003Z","True","150000","151",,"0","0","0","1",,,,"3614230",,"150848","44","174","3.2999999999999998"
"150k-1ms-stress-r02","server","latency-server","2026-09-04T16:47:40.003Z","2026-09-04T16:47:50.015Z","True","150000","151",,"0","0","0","1",,,,"3613511",,"150819","44","120","3.3199999999999998"
"150k-1ms-stress-r02","server","latency-server","2026-09-04T16:47:50.015Z","2026-09-04T16:48:00.006Z","True","150000","151",,"0","0","0","1",,,,"3612758",,"150788","45","113","3.3399999999999999"
"150k-1ms-stress-r02","server","latency-server","2026-09-04T16:48:00.006Z","2026-09-04T16:48:10.001Z","True","150000","151",,"0","0","0","1",,,,"3614866",,"150879","44","103","3.2999999999999998"
"150k-1ms-stress-r02","server","latency-server","2026-09-04T16:48:10.001Z","2026-09-04T16:48:20.011Z","True","150000","151",,"0","0","0","1",,,,"3615319",,"150894","44","105","3.29"
"150k-1ms-stress-r02","server","latency-server","2026-09-04T16:48:20.011Z","2026-09-04T16:48:30.005Z","True","150000","151",,"0","0","0","1",,,,"3612782",,"150788","42","115","3.2799999999999998"
"150k-1ms-stress-r02","server","latency-server","2026-09-04T16:48:30.005Z","2026-09-04T16:48:40.004Z","True","150000","151",,"0","0","0","1",,,,"3613145",,"150803","42","118","3.25"
"150k-1ms-stress-r02","server","latency-server","2026-09-04T16:48:40.004Z","2026-09-04T16:48:50.002Z","True","150000","151",,"0","0","0","1",,,,"3611335",,"150728","43","119","3.3100000000000001"
"150k-1ms-stress-r02","server","latency-server","2026-09-04T16:48:50.002Z","2026-09-04T16:49:00.008Z","True","150000","151",,"0","0","0","1",,,,"3614233",,"150849","43","114","3.3100000000000001"
"150k-1ms-stress-r02","server","latency-server","2026-09-04T16:49:00.008Z","2026-09-04T16:49:10.002Z","True","150000","151",,"0","0","0","1",,,,"3614591",,"150864","44","124","3.2799999999999998"
"150k-1ms-stress-r02","server","latency-server","2026-09-04T16:49:10.002Z","2026-09-04T16:49:20.006Z","True","150000","151",,"0","0","0","1",,,,"3612062",,"150758","44","125","3.27"
"150k-1ms-stress-r02","server","latency-server","2026-09-04T16:49:20.006Z","2026-09-04T16:49:30.003Z","True","150000","151",,"0","0","0","1",,,,"3613120",,"150803","43","119","3.29"
"150k-1ms-stress-r02","server","latency-server","2026-09-04T16:49:30.003Z","2026-09-04T16:49:40.002Z","True","150000","151",,"0","0","0","1",,,,"3613057",,"150803","44","105","3.2599999999999998"
"150k-1ms-stress-r02","server","latency-server","2026-09-04T16:49:40.002Z","2026-09-04T16:49:50.007Z","True","150000","151",,"0","124","0","1",,,,"3614611",,"150872","45","130","3.3100000000000001"
"150k-1ms-stress-r02","server","latency-server","2026-09-04T16:49:50.007Z","2026-09-04T16:50:00.012Z","True","150000","151",,"0","0","0","1",,,,"3613492",,"150810","44","108","3.29"
"150k-1ms-stress-r02","server","latency-server","2026-09-04T16:50:00.012Z","2026-09-04T16:50:10.007Z","True","150000","151",,"0","0","0","1",,,,"3613867",,"150833","44","119","3.2799999999999998"
"150k-1ms-stress-r02","server","latency-server","2026-09-04T16:50:10.007Z","2026-09-04T16:50:20.007Z","True","150000","151",,"0","0","0","1",,,,"3612785",,"150788","45","113","3.3700000000000001"
"150k-1ms-stress-r02","server","latency-server","2026-09-04T16:50:20.007Z","2026-09-04T16:50:30.010Z","True","150000","151",,"0","0","0","1",,,,"3615317",,"150894","44","133","3.3199999999999998"
"150k-1ms-stress-r02","server","latency-server","2026-09-04T16:50:30.010Z","2026-09-04T16:50:40.003Z","True","150000","151",,"0","0","0","1",,,,"3613143",,"150803","43","134","3.3399999999999999"
"150k-1ms-stress-r02","server","latency-server","2026-09-04T16:50:40.003Z","2026-09-04T16:50:50.005Z","True","150000","151",,"0","0","0","1",,,,"3612786",,"150788","45","138","3.3100000000000001"
"150k-1ms-stress-r02","server","latency-server","2026-09-04T16:50:50.005Z","2026-09-04T16:51:00.003Z","True","150000","151",,"0","0","0","1",,,,"3613507",,"150818","43","133","3.3100000000000001"
"150k-1ms-stress-r02","server","latency-server","2026-09-04T16:51:00.003Z","2026-09-04T16:51:10.002Z","True","150000","151",,"0","0","0","1",,,,"3614207",,"150848","45","113","3.3500000000000001"
"150k-1ms-stress-r02","server","latency-server","2026-09-04T16:51:10.002Z","2026-09-04T16:51:20.001Z","True","150000","151",,"0","0","0","1",,,,"3612695",,"150788","45","105","3.3399999999999999"
"150k-1ms-stress-r02","server","latency-server","2026-09-04T16:51:20.001Z","2026-09-04T16:51:30.013Z","True","150000","151",,"0","0","0","1",,,,"3613512",,"150819","44","127","3.3199999999999998"
"150k-1ms-stress-r02","server","latency-server","2026-09-04T16:51:30.013Z","2026-09-04T16:51:40.005Z","True","150000","151",,"0","0","0","1",,,,"3612420",,"150773","44","140","3.3300000000000001"
"150k-1ms-stress-r02","server","latency-server","2026-09-04T16:51:40.005Z","2026-09-04T16:51:50.002Z","True","150000","151",,"0","0","0","1",,,,"3613485",,"150818","44","114","3.3900000000000001"
"150k-1ms-stress-r02","server","latency-server","2026-09-04T16:51:50.002Z","2026-09-04T16:52:00.002Z","True","150000","151",,"0","0","0","1",,,,"3614482",,"150864","44","103","3.3100000000000001"
"150k-1ms-stress-r02","server","latency-server","2026-09-04T16:52:00.002Z","2026-09-04T16:52:10.008Z","True","150000","151",,"0","0","0","1",,,,"3613782",,"150833","44","102","3.29"
"150k-1ms-stress-r02","server","latency-server","2026-09-04T16:52:10.008Z","2026-09-04T16:52:20.003Z","True","150000","151",,"0","0","0","1",,,,"3613506",,"150818","43","112","3.3300000000000001"
"150k-1ms-stress-r02","server","latency-server","2026-09-04T16:52:20.003Z","2026-09-04T16:52:30.016Z","True","150000","151",,"0","151","0","1",,,,"3613872",,"150834","42","126","3.2799999999999998"
"150k-1ms-stress-r02","server","latency-server","2026-09-04T16:52:30.016Z","2026-09-04T16:52:40.007Z","True","150000","151",,"0","0","0","1",,,,"3613143",,"150803","43","150","3.3100000000000001"
"150k-1ms-stress-r02","server","latency-server","2026-09-04T16:52:40.007Z","2026-09-04T16:52:50.015Z","True","150000","151",,"0","0","0","1",,,,"3613851",,"150834","44","111","3.3399999999999999"
"150k-1ms-stress-r02","server","latency-server","2026-09-04T16:52:50.015Z","2026-09-04T16:53:00.013Z","True","150000","151",,"0","0","0","1",,,,"3611968",,"150758","43","110","3.3599999999999999"
"150k-1ms-stress-r02","server","latency-server","2026-09-04T16:53:00.013Z","2026-09-04T16:53:10.010Z","True","150000","151",,"0","151","0","1",,,,"3614592",,"150864","43","112","3.3199999999999998"
"150k-1ms-stress-r02","server","latency-server","2026-09-04T16:53:10.010Z","2026-09-04T16:53:20.001Z","True","150000","151",,"0","0","0","1",,,,"3613503",,"150818","45","109","3.3799999999999999"
"150k-1ms-stress-r02","server","latency-server","2026-09-04T16:53:20.001Z","2026-09-04T16:53:30.002Z","True","150000","151",,"0","0","0","1",,,,"3614956",,"150879","43","340","3.3100000000000001"
"150k-1ms-stress-r02","server","latency-server","2026-09-04T16:53:30.002Z","2026-09-04T16:53:40.013Z","True","150000","151",,"0","0","0","1",,,,"3612043",,"150758","44","1103","3.3199999999999998"
"150k-1ms-stress-r02","server","latency-server","2026-09-04T16:53:40.013Z","2026-09-04T16:53:50.006Z","True","150000","151",,"0","0","0","1",,,,"3628067",,"150816","46","101","3.3500000000000001"
"150k-1ms-stress-r02","server","latency-server","2026-09-04T16:53:50.006Z","2026-09-04T16:54:00.005Z","True","150000","151",,"0","0","0","1",,,,"3664759",,"150851","44","106","3.3300000000000001"
"150k-1ms-stress-r02","server","latency-server","2026-09-04T16:54:00.005Z","2026-09-04T16:54:10.010Z","True","150000","151",,"0","0","0","1",,,,"3664420",,"150849","44","107","3.3799999999999999"
"150k-1ms-stress-r02","server","latency-server","2026-09-04T16:54:10.010Z","2026-09-04T16:54:20.011Z","True","150000","151",,"0","0","0","1",,,,"3664417",,"150849","44","105","3.3300000000000001"
"150k-1ms-stress-r02","server","latency-server","2026-09-04T16:54:20.011Z","2026-09-04T16:54:30.005Z","True","150000","151",,"0","0","0","1",,,,"3662946",,"150788","44","110","3.3100000000000001"
"150k-1ms-stress-r02","server","latency-server","2026-09-04T16:54:30.005Z","2026-09-04T16:54:40.011Z","True","150000","151",,"0","0","0","1",,,,"3664786",,"150864","44","113","3.2799999999999998"
"150k-1ms-stress-r02","server","latency-server","2026-09-04T16:54:40.011Z","2026-09-04T16:54:50.004Z","True","150000","151",,"0","0","0","1",,,,"3663312",,"150803","43","128","3.2799999999999998"
"150k-1ms-stress-r02","server","latency-server","2026-09-04T16:54:50.004Z","2026-09-04T16:55:00.004Z","True","150000","151",,"0","0","0","1",,,,"3664051",,"150833","44","114","3.3199999999999998"
"150k-1ms-stress-r02","server","latency-server","2026-09-04T16:55:00.004Z","2026-09-04T16:55:10.009Z","True","150000","151",,"0","0","0","1",,,,"3664051",,"150833","44","115","3.2400000000000002"
"150k-1ms-stress-r02","server","latency-server","2026-09-04T16:55:10.009Z","2026-09-04T16:55:20.014Z","True","150000","151",,"0","0","0","1",,,,"3664051",,"150833","44","123","3.3900000000000001"
"150k-1ms-stress-r02","server","latency-server","2026-09-04T16:55:20.014Z","2026-09-04T16:55:30.001Z","True","150000","151",,"0","0","0","1",,,,"3662211",,"150758","44","118","3.2999999999999998"
"150k-1ms-stress-r02","server","latency-server","2026-09-04T16:55:30.001Z","2026-09-04T16:55:40.004Z","True","150000","151",,"0","0","0","1",,,,"3665151",,"150879","44","121","3.2999999999999998"
"150k-1ms-stress-r02","server","latency-server","2026-09-04T16:55:40.004Z","2026-09-04T16:55:50.004Z","True","150000","151",,"0","148","0","1",,,,"3664784",,"150864","44","121","3.3300000000000001"
"150k-1ms-stress-r02","server","latency-server","2026-09-04T16:55:50.004Z","2026-09-04T16:56:00.014Z","True","150000","151",,"0","0","0","1",,,,"3663665",,"150818","43","119","3.27"
"150k-1ms-stress-r03","client","latency-client","2026-09-04T17:20:40.009Z","2026-09-04T17:20:50.009Z","False","150000","151",,"0","0","0","3540076",,"150757","513","104","10",,,"469","2.1000000000000001"
"150k-1ms-stress-r03","client","latency-client","2026-09-04T17:20:50.009Z","2026-09-04T17:21:00.010Z","False","150000","151",,"0","0","0","3617485",,"150984","162","1",,,,"120","1.3"
"150k-1ms-stress-r03","client","latency-client","2026-09-04T17:21:00.010Z","2026-09-04T17:21:10.013Z","False","150000","151",,"0","0","0","3618111",,"151015","144","1",,,,"100","1.4199999999999999"
"150k-1ms-stress-r03","client","latency-client","2026-09-04T17:21:10.013Z","2026-09-04T17:21:20.003Z","False","150000","151",,"0","151","0","3615566",,"150909","153","1",,,,"111","1.28"
"150k-1ms-stress-r03","client","latency-client","2026-09-04T17:21:20.003Z","2026-09-04T17:21:30.013Z","False","150000","151",,"0","0","0","3617833",,"151000","154","1",,,,"112","1.24"
"150k-1ms-stress-r03","client","latency-client","2026-09-04T17:21:30.013Z","2026-09-04T17:21:40.013Z","False","150000","151",,"0","0","0","3617751",,"151000","161","1",,,,"118","1.3600000000000001"
"150k-1ms-stress-r03","client","latency-client","2026-09-04T17:21:40.013Z","2026-09-04T17:21:50.000Z","True","150000","151",,"0","0","0","3615204",,"150894","166","1",,,,"122","1.77"
"150k-1ms-stress-r03","client","latency-client","2026-09-04T17:21:50.000Z","2026-09-04T17:22:00.010Z","True","150000","151",,"0","0","0","3614219",,"150849","155","1",,,,"111","1.74"
"150k-1ms-stress-r03","client","latency-client","2026-09-04T17:22:00.010Z","2026-09-04T17:22:10.004Z","True","150000","151",,"0","0","0","3614975",,"150892","358","1",,,,"313","1.6699999999999999"
"150k-1ms-stress-r03","client","latency-client","2026-09-04T17:22:10.004Z","2026-09-04T17:22:20.003Z","True","150000","151",,"0","81","0","3615198",,"150880","187","1",,,,"144","1.7"
"150k-1ms-stress-r03","client","latency-client","2026-09-04T17:22:20.003Z","2026-09-04T17:22:30.017Z","True","150000","151",,"0","85","0","3612413",,"150773","438","1",,,,"395","1.71"
"150k-1ms-stress-r03","client","latency-client","2026-09-04T17:22:30.017Z","2026-09-04T17:22:40.006Z","True","150000","151",,"0","0","0","3612054",,"150758","203","1",,,,"160","1.71"
"150k-1ms-stress-r03","client","latency-client","2026-09-04T17:22:40.006Z","2026-09-04T17:22:50.009Z","True","150000","151",,"0","0","0","3613771",,"150833","156","1",,,,"113","1.7"
"150k-1ms-stress-r03","client","latency-client","2026-09-04T17:22:50.009Z","2026-09-04T17:23:00.011Z","True","150000","151",,"0","24","0","3610993",,"150728","159","1",,,,"116","1.5900000000000001"
"150k-1ms-stress-r03","client","latency-client","2026-09-04T17:23:00.011Z","2026-09-04T17:23:10.013Z","True","150000","151",,"0","0","0","3612753",,"150773","159","1",,,,"116","1.6799999999999999"
"150k-1ms-stress-r03","client","latency-client","2026-09-04T17:23:10.013Z","2026-09-04T17:23:20.009Z","True","150000","151",,"0","0","0","3613143",,"150803","165","1",,,,"123","1.3999999999999999"
"150k-1ms-stress-r03","client","latency-client","2026-09-04T17:23:20.009Z","2026-09-04T17:23:30.010Z","True","150000","151",,"0","0","0","3614956",,"150879","165","1",,,,"123","1.54"
"150k-1ms-stress-r03","client","latency-client","2026-09-04T17:23:30.010Z","2026-09-04T17:23:40.003Z","True","150000","151",,"0","0","0","3613504",,"150820","161","1",,,,"118","1.49"
"150k-1ms-stress-r03","client","latency-client","2026-09-04T17:23:40.003Z","2026-09-04T17:23:50.014Z","True","150000","151",,"0","0","0","3614233",,"150847","182","1",,,,"135","1.49"
"150k-1ms-stress-r03","client","latency-client","2026-09-04T17:23:50.014Z","2026-09-04T17:24:00.006Z","True","150000","151",,"0","0","0","3612781",,"150788","163","1",,,,"121","1.6799999999999999"
"150k-1ms-stress-r03","client","latency-client","2026-09-04T17:24:00.006Z","2026-09-04T17:24:10.016Z","True","150000","151",,"0","0","0","3613872",,"150834","171","1",,,,"126","1.52"
"150k-1ms-stress-r03","client","latency-client","2026-09-04T17:24:10.016Z","2026-09-04T17:24:20.006Z","True","150000","151",,"0","0","0","3613864",,"150833","158","1",,,,"115","1.3899999999999999"
"150k-1ms-stress-r03","client","latency-client","2026-09-04T17:24:20.006Z","2026-09-04T17:24:30.009Z","True","150000","151",,"0","0","0","3614232",,"150864","157","1",,,,"114","1.54"
"150k-1ms-stress-r03","client","latency-client","2026-09-04T17:24:30.009Z","2026-09-04T17:24:40.002Z","True","150000","151",,"0","0","0","3614227",,"150833","180","1",,,,"137","1.49"
"150k-1ms-stress-r03","client","latency-client","2026-09-04T17:24:40.002Z","2026-09-04T17:24:50.016Z","True","150000","151",,"0","0","0","3612709",,"150796","162","1",,,,"119","1.6100000000000001"
"150k-1ms-stress-r03","client","latency-client","2026-09-04T17:24:50.016Z","2026-09-04T17:25:00.005Z","True","150000","151",,"0","0","0","3613835",,"150825","179","1",,,,"136","1.48"
"150k-1ms-stress-r03","client","latency-client","2026-09-04T17:25:00.005Z","2026-09-04T17:25:10.006Z","True","150000","151",,"0","0","0","3613869",,"150833","161","1",,,,"118","1.28"
"150k-1ms-stress-r03","client","latency-client","2026-09-04T17:25:10.006Z","2026-09-04T17:25:20.006Z","True","150000","151",,"0","0","0","3614954",,"150879","162","1",,,,"120","1.3400000000000001"
"150k-1ms-stress-r03","client","latency-client","2026-09-04T17:25:20.006Z","2026-09-04T17:25:30.007Z","True","150000","151",,"0","0","0","3612424",,"150773","155","1",,,,"112","1.5900000000000001"
"150k-1ms-stress-r03","client","latency-client","2026-09-04T17:25:30.007Z","2026-09-04T17:25:40.010Z","True","150000","151",,"0","0","0","3614230",,"150849","163","1",,,,"119","1.6200000000000001"
"150k-1ms-stress-r03","client","latency-client","2026-09-04T17:25:40.010Z","2026-09-04T17:25:50.005Z","True","150000","151",,"0","0","0","3613518",,"150825","161","1",,,,"118","1.6599999999999999"
"150k-1ms-stress-r03","client","latency-client","2026-09-04T17:25:50.005Z","2026-09-04T17:26:00.009Z","True","150000","151",,"0","0","0","3610602",,"150691","201","1",,,,"157","1.75"
"150k-1ms-stress-r03","client","latency-client","2026-09-04T17:26:00.009Z","2026-09-04T17:26:10.009Z","True","150000","151",,"0","0","0","3613440",,"150833","163","1",,,,"120","1.5700000000000001"
"150k-1ms-stress-r03","client","latency-client","2026-09-04T17:26:10.009Z","2026-09-04T17:26:20.013Z","True","150000","151",,"0","0","0","3613824",,"150818","180","1",,,,"136","1.6299999999999999"
"150k-1ms-stress-r03","client","latency-client","2026-09-04T17:26:20.013Z","2026-09-04T17:26:30.001Z","True","150000","151",,"0","0","0","3613770",,"150833","160","1",,,,"116","1.8100000000000001"
"150k-1ms-stress-r03","client","latency-client","2026-09-04T17:26:30.001Z","2026-09-04T17:26:40.004Z","True","150000","151",,"0","29","0","3613491",,"150818","157","1",,,,"114","1.71"
"150k-1ms-stress-r03","client","latency-client","2026-09-04T17:26:40.004Z","2026-09-04T17:26:50.012Z","True","150000","151",,"0","0","0","3613872",,"150834","172","1",,,,"128","1.8400000000000001"
"150k-1ms-stress-r03","client","latency-client","2026-09-04T17:26:50.012Z","2026-09-04T17:27:00.002Z","True","150000","151",,"0","0","0","3612781",,"150788","175","1",,,,"132","1.52"
"150k-1ms-stress-r03","client","latency-client","2026-09-04T17:27:00.002Z","2026-09-04T17:27:10.005Z","True","150000","151",,"0","0","0","3613870",,"150833","166","1",,,,"122","1.54"
"150k-1ms-stress-r03","client","latency-client","2026-09-04T17:27:10.005Z","2026-09-04T17:27:20.007Z","True","150000","151",,"0","0","0","3610976",,"150713","163","1",,,,"121","1.52"
"150k-1ms-stress-r03","client","latency-client","2026-09-04T17:27:20.007Z","2026-09-04T17:27:30.002Z","True","150000","151",,"0","151","0","3614230",,"150848","175","1",,,,"132","1.6699999999999999"
"150k-1ms-stress-r03","client","latency-client","2026-09-04T17:27:30.002Z","2026-09-04T17:27:40.006Z","True","150000","151",,"0","0","0","3613508",,"150818","162","1",,,,"120","1.6399999999999999"
"150k-1ms-stress-r03","client","latency-client","2026-09-04T17:27:40.006Z","2026-09-04T17:27:50.006Z","True","150000","151",,"0","0","0","3613775",,"150833","154","1",,,,"112","1.6699999999999999"
"150k-1ms-stress-r03","client","latency-client","2026-09-04T17:27:50.006Z","2026-09-04T17:28:00.003Z","True","150000","151",,"0","0","0","3614211",,"150848","167","1",,,,"125","1.55"
"150k-1ms-stress-r03","client","latency-client","2026-09-04T17:28:00.003Z","2026-09-04T17:28:10.012Z","True","150000","151",,"0","0","0","3614233",,"150849","165","1",,,,"121","1.5900000000000001"
"150k-1ms-stress-r03","client","latency-client","2026-09-04T17:28:10.012Z","2026-09-04T17:28:20.005Z","True","150000","151",,"0","0","0","3614228",,"150848","164","1",,,,"119","1.6899999999999999"
"150k-1ms-stress-r03","client","latency-client","2026-09-04T17:28:20.005Z","2026-09-04T17:28:30.010Z","True","150000","151",,"0","0","0","3611969",,"150758","151","1",,,,"108","1.6699999999999999"
"150k-1ms-stress-r03","client","latency-client","2026-09-04T17:28:30.010Z","2026-09-04T17:28:40.007Z","True","150000","151",,"0","151","0","3614214",,"150848","161","1",,,,"119","1.48"
"150k-1ms-stress-r03","client","latency-client","2026-09-04T17:28:40.007Z","2026-09-04T17:28:50.006Z","True","150000","151",,"0","0","0","3613868",,"150833","164","1",,,,"122","1.6499999999999999"
"150k-1ms-stress-r03","client","latency-client","2026-09-04T17:28:50.006Z","2026-09-04T17:29:00.011Z","True","150000","151",,"0","0","0","3613508",,"150818","182","1",,,,"140","1.6599999999999999"
"150k-1ms-stress-r03","client","latency-client","2026-09-04T17:29:00.011Z","2026-09-04T17:29:10.007Z","True","150000","151",,"0","0","0","3614592",,"150864","167","1",,,,"124","1.55"
"150k-1ms-stress-r03","client","latency-client","2026-09-04T17:29:10.007Z","2026-09-04T17:29:20.015Z","True","150000","151",,"0","0","0","3612063",,"150758","165","1",,,,"123","1.53"
"150k-1ms-stress-r03","client","latency-client","2026-09-04T17:29:20.015Z","2026-09-04T17:29:30.003Z","True","150000","151",,"0","151","0","3662033",,"150873","150","1",,,,"108","1.48"
"150k-1ms-stress-r03","client","latency-client","2026-09-04T17:29:30.003Z","2026-09-04T17:29:40.011Z","True","150000","151",,"0","0","0","3663280",,"150793","160","1",,,,"118","1.3799999999999999"
"150k-1ms-stress-r03","client","latency-client","2026-09-04T17:29:40.011Z","2026-09-04T17:29:50.003Z","True","150000","151",,"0","0","0","3662952",,"150803","170","1",,,,"128","1.55"
"150k-1ms-stress-r03","client","latency-client","2026-09-04T17:29:50.003Z","2026-09-04T17:30:00.014Z","True","150000","151",,"0","0","0","3663682",,"150803","162","1",,,,"119","1.5600000000000001"
"150k-1ms-stress-r03","client","latency-client","2026-09-04T17:30:00.014Z","2026-09-04T17:30:10.005Z","True","150000","151",,"0","0","0","3664412",,"150848","165","1",,,,"124","1.5"
"150k-1ms-stress-r03","client","latency-client","2026-09-04T17:30:10.005Z","2026-09-04T17:30:20.014Z","True","150000","151",,"0","0","0","3660387",,"150683","166","1",,,,"121","1.79"
"150k-1ms-stress-r03","client","latency-client","2026-09-04T17:30:20.014Z","2026-09-04T17:30:30.004Z","True","150000","151",,"0","0","0","3664428",,"150863","178","1",,,,"135","1.73"
"150k-1ms-stress-r03","client","latency-client","2026-09-04T17:30:30.004Z","2026-09-04T17:30:40.011Z","True","150000","151",,"0","0","0","3663672",,"150803","159","1",,,,"116","1.71"
"150k-1ms-stress-r03","client","latency-client","2026-09-04T17:30:40.011Z","2026-09-04T17:30:50.005Z","True","150000","151",,"0","0","0","3664415",,"150848","157","1",,,,"114","1.5"
"150k-1ms-stress-r03","client","latency-client","2026-09-04T17:30:50.005Z","2026-09-04T17:31:00.009Z","True","150000","151",,"0","0","0","3662585",,"150773","158","1",,,,"116","1.73"
"150k-1ms-stress-r03","client","latency-client","2026-09-04T17:31:00.009Z","2026-09-04T17:31:10.001Z","True","150000","151",,"0","0","0","3664047",,"150833","168","1",,,,"124","1.77"
"150k-1ms-stress-r03","client","latency-client","2026-09-04T17:31:10.001Z","2026-09-04T17:31:20.002Z","True","150000","151",,"0","17","0","3664050",,"150833","158","1",,,,"114","1.6499999999999999"
"150k-1ms-stress-r03","client","latency-client","2026-09-04T17:31:20.002Z","2026-09-04T17:31:30.009Z","True","150000","151",,"0","0","0","3663685",,"150818","163","1",,,,"119","1.7"
"150k-1ms-stress-r03","server","latency-server","2026-09-04T17:20:30.009Z","2026-09-04T17:20:40.009Z","False","150000","151",,"0","0","0","110","11",,,"1116991",,"48625","48","111","2.25"
"150k-1ms-stress-r03","server","latency-server","2026-09-04T17:20:40.009Z","2026-09-04T17:20:50.008Z","False","150000","151",,"0","0","0","1",,,,"3576848",,"150909","43","115","3.3799999999999999"
"150k-1ms-stress-r03","server","latency-server","2026-09-04T17:20:50.008Z","2026-09-04T17:21:00.010Z","False","150000","151",,"0","0","0","1",,,,"3617509",,"150999","42","118","3.3999999999999999"
"150k-1ms-stress-r03","server","latency-server","2026-09-04T17:21:00.010Z","2026-09-04T17:21:10.013Z","False","150000","151",,"0","0","0","1",,,,"3618088",,"151000","44","95","3.3999999999999999"
"150k-1ms-stress-r03","server","latency-server","2026-09-04T17:21:10.013Z","2026-09-04T17:21:20.003Z","False","150000","151",,"0","0","0","1",,,,"3615566",,"150909","42","101","3.4100000000000001"
"150k-1ms-stress-r03","server","latency-server","2026-09-04T17:21:20.003Z","2026-09-04T17:21:30.013Z","False","150000","151",,"0","0","0","1",,,,"3617472",,"150984","42","98","3.4199999999999999"
"150k-1ms-stress-r03","server","latency-server","2026-09-04T17:21:30.013Z","2026-09-04T17:21:40.012Z","False","150000","151",,"0","0","0","1",,,,"3617751",,"151000","43","94","3.4399999999999999"
"150k-1ms-stress-r03","server","latency-server","2026-09-04T17:21:40.012Z","2026-09-04T17:21:50.000Z","True","150000","151",,"0","0","0","1",,,,"3615565",,"150909","44","97","3.4100000000000001"
"150k-1ms-stress-r03","server","latency-server","2026-09-04T17:21:50.000Z","2026-09-04T17:22:00.010Z","True","150000","151",,"0","0","0","1",,,,"3614581",,"150864","44","113","3.3700000000000001"
"150k-1ms-stress-r03","server","latency-server","2026-09-04T17:22:00.010Z","2026-09-04T17:22:10.004Z","True","150000","151",,"0","0","0","1",,,,"3614954",,"150879","44","307","3.4199999999999999"
"150k-1ms-stress-r03","server","latency-server","2026-09-04T17:22:10.004Z","2026-09-04T17:22:20.003Z","True","150000","151",,"0","0","0","1",,,,"3614857",,"150879","44","131","3.4199999999999999"
"150k-1ms-stress-r03","server","latency-server","2026-09-04T17:22:20.003Z","2026-09-04T17:22:30.015Z","True","150000","151",,"0","0","0","1",,,,"3612413",,"150773","43","384","3.4399999999999999"
"150k-1ms-stress-r03","server","latency-server","2026-09-04T17:22:30.015Z","2026-09-04T17:22:40.006Z","True","150000","151",,"0","0","0","1",,,,"3612054",,"150758","43","147","3.4300000000000002"
"150k-1ms-stress-r03","server","latency-server","2026-09-04T17:22:40.006Z","2026-09-04T17:22:50.007Z","True","150000","151",,"0","0","0","1",,,,"3613410",,"150818","43","104","3.4399999999999999"
"150k-1ms-stress-r03","server","latency-server","2026-09-04T17:22:50.007Z","2026-09-04T17:23:00.010Z","True","150000","151",,"0","0","0","1",,,,"3611684",,"150743","43","113","3.3900000000000001"
"150k-1ms-stress-r03","server","latency-server","2026-09-04T17:23:00.010Z","2026-09-04T17:23:10.013Z","True","150000","151",,"0","0","0","1",,,,"3612423",,"150773","43","117","3.4199999999999999"
"150k-1ms-stress-r03","server","latency-server","2026-09-04T17:23:10.013Z","2026-09-04T17:23:20.007Z","True","150000","151",,"0","0","0","1",,,,"3614953",,"150879","42","109","3.4900000000000002"
"150k-1ms-stress-r03","server","latency-server","2026-09-04T17:23:20.007Z","2026-09-04T17:23:30.010Z","True","150000","151",,"0","0","0","1",,,,"3613147",,"150803","42","114","3.5"
"150k-1ms-stress-r03","server","latency-server","2026-09-04T17:23:30.010Z","2026-09-04T17:23:40.002Z","True","150000","151",,"0","0","0","1",,,,"3613866",,"150833","43","107","3.4399999999999999"
"150k-1ms-stress-r03","server","latency-server","2026-09-04T17:23:40.002Z","2026-09-04T17:23:50.013Z","True","150000","151",,"0","0","0","1",,,,"3613511",,"150818","47","118","3.4199999999999999"
"150k-1ms-stress-r03","server","latency-server","2026-09-04T17:23:50.013Z","2026-09-04T17:24:00.006Z","True","150000","151",,"0","0","0","1",,,,"3613143",,"150803","42","108","3.4399999999999999"
"150k-1ms-stress-r03","server","latency-server","2026-09-04T17:24:00.006Z","2026-09-04T17:24:10.000Z","True","150000","151",,"0","0","0","1",,,,"3613867",,"150833","44","112","3.4500000000000002"
"150k-1ms-stress-r03","server","latency-server","2026-09-04T17:24:10.000Z","2026-09-04T17:24:20.006Z","True","150000","151",,"0","0","0","1",,,,"3613869",,"150833","42","102","3.4500000000000002"
"150k-1ms-stress-r03","server","latency-server","2026-09-04T17:24:20.006Z","2026-09-04T17:24:30.008Z","True","150000","151",,"0","0","0","1",,,,"3614594",,"150864","43","221","3.4300000000000002"
"150k-1ms-stress-r03","server","latency-server","2026-09-04T17:24:30.008Z","2026-09-04T17:24:40.002Z","True","150000","151",,"0","0","0","1",,,,"3613866",,"150833","43","151","3.4500000000000002"
"150k-1ms-stress-r03","server","latency-server","2026-09-04T17:24:40.002Z","2026-09-04T17:24:50.016Z","True","150000","151",,"0","0","0","1",,,,"3612693",,"150788","43","108","3.4199999999999999"
"150k-1ms-stress-r03","server","latency-server","2026-09-04T17:24:50.016Z","2026-09-04T17:25:00.005Z","True","150000","151",,"0","0","0","1",,,,"3613850",,"150833","43","127","3.4199999999999999"
"150k-1ms-stress-r03","server","latency-server","2026-09-04T17:25:00.005Z","2026-09-04T17:25:10.006Z","True","150000","151",,"0","0","0","1",,,,"3613869",,"150833","43","113","3.4399999999999999"
"150k-1ms-stress-r03","server","latency-server","2026-09-04T17:25:10.006Z","2026-09-04T17:25:20.006Z","True","150000","151",,"0","0","0","1",,,,"3614592",,"150864","42","109","3.4500000000000002"
"150k-1ms-stress-r03","server","latency-server","2026-09-04T17:25:20.006Z","2026-09-04T17:25:30.006Z","True","150000","151",,"0","0","0","1",,,,"3612784",,"150788","43","105","3.4700000000000002"
"150k-1ms-stress-r03","server","latency-server","2026-09-04T17:25:30.006Z","2026-09-04T17:25:40.010Z","True","150000","151",,"0","0","0","1",,,,"3614232",,"150849","44","107","3.4399999999999999"
"150k-1ms-stress-r03","server","latency-server","2026-09-04T17:25:40.010Z","2026-09-04T17:25:50.004Z","True","150000","151",,"0","0","0","1",,,,"3613867",,"150833","43","107","3.4199999999999999"
"150k-1ms-stress-r03","server","latency-server","2026-09-04T17:25:50.004Z","2026-09-04T17:26:00.009Z","True","150000","151",,"0","0","0","1",,,,"3610255",,"150683","45","143","3.3900000000000001"
"150k-1ms-stress-r03","server","latency-server","2026-09-04T17:26:00.009Z","2026-09-04T17:26:10.009Z","True","150000","151",,"0","0","0","1",,,,"3613773",,"150833","44","110","3.4399999999999999"
"150k-1ms-stress-r03","server","latency-server","2026-09-04T17:26:10.009Z","2026-09-04T17:26:20.012Z","True","150000","151",,"0","0","0","1",,,,"3613130",,"150803","44","130","3.3700000000000001"
"150k-1ms-stress-r03","server","latency-server","2026-09-04T17:26:20.012Z","2026-09-04T17:26:30.001Z","True","150000","151",,"0","0","0","1",,,,"3614132",,"150848","44","104","3.3799999999999999"
"150k-1ms-stress-r03","server","latency-server","2026-09-04T17:26:30.001Z","2026-09-04T17:26:40.003Z","True","150000","151",,"0","0","0","1",,,,"3613491",,"150818","43","104","3.4199999999999999"
"150k-1ms-stress-r03","server","latency-server","2026-09-04T17:26:40.003Z","2026-09-04T17:26:50.012Z","True","150000","151",,"0","0","0","1",,,,"3613872",,"150834","44","118","3.4900000000000002"
"150k-1ms-stress-r03","server","latency-server","2026-09-04T17:26:50.012Z","2026-09-04T17:27:00.002Z","True","150000","151",,"0","87","0","1",,,,"3613143",,"150803","43","124","3.3900000000000001"
"150k-1ms-stress-r03","server","latency-server","2026-09-04T17:27:00.002Z","2026-09-04T17:27:10.004Z","True","150000","151",,"0","0","0","1",,,,"3613508",,"150818","44","107","3.4700000000000002"
"150k-1ms-stress-r03","server","latency-server","2026-09-04T17:27:10.004Z","2026-09-04T17:27:20.006Z","True","150000","151",,"0","0","0","1",,,,"3610976",,"150713","43","107","3.4300000000000002"
"150k-1ms-stress-r03","server","latency-server","2026-09-04T17:27:20.006Z","2026-09-04T17:27:30.002Z","True","150000","151",,"0","0","0","1",,,,"3614230",,"150848","43","122","3.3900000000000001"
"150k-1ms-stress-r03","server","latency-server","2026-09-04T17:27:30.002Z","2026-09-04T17:27:40.006Z","True","150000","151",,"0","0","0","1",,,,"3613508",,"150818","42","112","3.3999999999999999"
"150k-1ms-stress-r03","server","latency-server","2026-09-04T17:27:40.006Z","2026-09-04T17:27:50.006Z","True","150000","151",,"0","0","0","1",,,,"3613775",,"150833","42","104","3.46"
"150k-1ms-stress-r03","server","latency-server","2026-09-04T17:27:50.006Z","2026-09-04T17:28:00.003Z","True","150000","151",,"0","20","0","1",,,,"3614573",,"150864","42","115","3.4100000000000001"
"150k-1ms-stress-r03","server","latency-server","2026-09-04T17:28:00.003Z","2026-09-04T17:28:10.012Z","True","150000","151",,"0","0","0","1",,,,"3613872",,"150834","44","125","3.3599999999999999"
"150k-1ms-stress-r03","server","latency-server","2026-09-04T17:28:10.012Z","2026-09-04T17:28:20.004Z","True","150000","151",,"0","0","0","1",,,,"3614228",,"150848","45","108","3.48"
"150k-1ms-stress-r03","server","latency-server","2026-09-04T17:28:20.004Z","2026-09-04T17:28:30.009Z","True","150000","151",,"0","0","0","1",,,,"3611969",,"150758","42","98","3.4100000000000001"
"150k-1ms-stress-r03","server","latency-server","2026-09-04T17:28:30.009Z","2026-09-04T17:28:40.006Z","True","150000","151",,"0","0","0","1",,,,"3614213",,"150848","43","104","3.4300000000000002"
"150k-1ms-stress-r03","server","latency-server","2026-09-04T17:28:40.006Z","2026-09-04T17:28:50.006Z","True","150000","151",,"0","0","0","1",,,,"3613869",,"150833","42","114","3.4500000000000002"
"150k-1ms-stress-r03","server","latency-server","2026-09-04T17:28:50.006Z","2026-09-04T17:29:00.011Z","True","150000","151",,"0","0","0","1",,,,"3613508",,"150818","43","123","3.3799999999999999"
"150k-1ms-stress-r03","server","latency-server","2026-09-04T17:29:00.011Z","2026-09-04T17:29:10.006Z","True","150000","151",,"0","0","0","1",,,,"3614592",,"150864","43","112","3.3900000000000001"
"150k-1ms-stress-r03","server","latency-server","2026-09-04T17:29:10.006Z","2026-09-04T17:29:20.015Z","True","150000","151",,"0","0","0","1",,,,"3612064",,"150758","42","120","3.4300000000000002"
"150k-1ms-stress-r03","server","latency-server","2026-09-04T17:29:20.015Z","2026-09-04T17:29:30.002Z","True","150000","151",,"0","0","0","1",,,,"3662381",,"150879","42","103","3.4399999999999999"
"150k-1ms-stress-r03","server","latency-server","2026-09-04T17:29:30.002Z","2026-09-04T17:29:40.011Z","True","150000","151",,"0","0","0","1",,,,"3662933",,"150788","42","123","3.4199999999999999"
"150k-1ms-stress-r03","server","latency-server","2026-09-04T17:29:40.011Z","2026-09-04T17:29:50.002Z","True","150000","151",,"0","0","0","1",,,,"3663312",,"150803","43","110","3.4700000000000002"
"150k-1ms-stress-r03","server","latency-server","2026-09-04T17:29:50.002Z","2026-09-04T17:30:00.014Z","True","150000","151",,"0","147","0","1",,,,"3663331",,"150819","43","116","3.4300000000000002"
"150k-1ms-stress-r03","server","latency-server","2026-09-04T17:30:00.014Z","2026-09-04T17:30:10.005Z","True","150000","151",,"0","0","0","1",,,,"3664415",,"150839","41","122","3.4399999999999999"
"150k-1ms-stress-r03","server","latency-server","2026-09-04T17:30:10.005Z","2026-09-04T17:30:20.013Z","True","150000","151",,"0","0","0","1",,,,"3660375",,"150677","44","111","3.3999999999999999"
"150k-1ms-stress-r03","server","latency-server","2026-09-04T17:30:20.013Z","2026-09-04T17:30:30.003Z","True","150000","151",,"0","0","0","1",,,,"3664781",,"150863","43","121","3.4199999999999999"
"150k-1ms-stress-r03","server","latency-server","2026-09-04T17:30:30.003Z","2026-09-04T17:30:40.011Z","True","150000","151",,"0","0","0","1",,,,"3663319",,"150803","43","107","3.46"
"150k-1ms-stress-r03","server","latency-server","2026-09-04T17:30:40.011Z","2026-09-04T17:30:50.005Z","True","150000","151",,"0","0","0","1",,,,"3664415",,"150848","43","119","3.3999999999999999"
"150k-1ms-stress-r03","server","latency-server","2026-09-04T17:30:50.005Z","2026-09-04T17:31:00.009Z","True","150000","151",,"0","0","0","1",,,,"3662594",,"150779","43","103","3.4199999999999999"
"150k-1ms-stress-r03","server","latency-server","2026-09-04T17:31:00.009Z","2026-09-04T17:31:10.001Z","True","150000","151",,"0","0","0","1",,,,"3664405",,"150842","44","108","3.4300000000000002"
"150k-1ms-stress-r03","server","latency-server","2026-09-04T17:31:10.001Z","2026-09-04T17:31:20.002Z","True","150000","151",,"0","0","0","1",,,,"3663683",,"150818","43","102","3.4100000000000001"
"150k-1ms-stress-r03","server","latency-server","2026-09-04T17:31:20.002Z","2026-09-04T17:31:30.008Z","True","150000","151",,"0","0","0","1",,,,"3664051",,"150833","44","106","3.4199999999999999"
"150k-1s-r01","client","latency-client","2026-09-04T15:34:00.011Z","2026-09-04T15:34:10.011Z","False","150000","150001",,"0","0","0","3867800",,"150542","26454","135679","15054",,,"23977","2.48"
"150k-1s-r01","client","latency-client","2026-09-04T15:34:10.011Z","2026-09-04T15:34:20.014Z","False","150000","150001",,"0","0","0","3852521",,"149956","13617","1",,,,"13540","0.85999999999999999"
"150k-1s-r01","client","latency-client","2026-09-04T15:34:20.014Z","2026-09-04T15:34:30.013Z","False","150000","150001",,"0","0","0","3854064",,"150016","16289","1",,,,"16214","0.81000000000000005"
"150k-1s-r01","client","latency-client","2026-09-04T15:34:30.013Z","2026-09-04T15:34:40.002Z","False","150000","150001",,"0","0","0","3903018",,"150166","21496","1",,,,"21423","0.81999999999999995"
"150k-1s-r01","client","latency-client","2026-09-04T15:34:40.002Z","2026-09-04T15:34:50.000Z","False","150000","150001",,"0","0","0","3904511",,"150031","25783","1",,,,"25711","0.81999999999999995"
"150k-1s-r01","client","latency-client","2026-09-04T15:34:50.000Z","2026-09-04T15:35:00.002Z","False","150000","150001",,"0","0","0","3902950",,"149971","25505","1",,,,"25433","0.83999999999999997"
"150k-1s-r01","client","latency-client","2026-09-04T15:35:00.002Z","2026-09-04T15:35:10.015Z","False","150000","150001",,"0","0","0","3968629",,"149806","24859","1",,,,"24787","0.94999999999999996"
"150k-1s-r01","client","latency-client","2026-09-04T15:35:10.015Z","2026-09-04T15:35:20.003Z","True","150000","150001",,"0","0","0","4008624",,"150181","23330","1",,,,"23260","0.96999999999999997"
"150k-1s-r01","client","latency-client","2026-09-04T15:35:20.003Z","2026-09-04T15:35:30.012Z","True","150000","150001",,"0","0","0","4000209",,"149866","26718","1",,,,"26649","1.05"
"150k-1s-r01","client","latency-client","2026-09-04T15:35:30.012Z","2026-09-04T15:35:40.002Z","True","150000","150001",,"0","0","0","4007820",,"150151","32041","1",,,,"31971","1.03"
"150k-1s-r01","client","latency-client","2026-09-04T15:35:40.002Z","2026-09-04T15:35:50.002Z","True","150000","150001",,"0","0","0","4003936",,"150001","50751","1",,,,"50681","1.02"
"150k-1s-r01","client","latency-client","2026-09-04T15:35:50.002Z","2026-09-04T15:36:00.010Z","True","150000","150001",,"0","0","0","4000612",,"149881","24150","1",,,,"24080","0.97999999999999998"
"150k-1s-r01","client","latency-client","2026-09-04T15:36:00.010Z","2026-09-04T15:36:10.013Z","True","150000","150001",,"0","0","0","4002612",,"149956","24068","1",,,,"23997","0.97999999999999998"
"150k-1s-r01","client","latency-client","2026-09-04T15:36:10.013Z","2026-09-04T15:36:20.002Z","True","150000","150001",,"0","0","0","4008220",,"150166","24182","1",,,,"24112","1"
"150k-1s-r01","client","latency-client","2026-09-04T15:36:20.002Z","2026-09-04T15:36:30.006Z","True","150000","150001",,"0","0","0","4002209",,"149941","24359","1",,,,"24289","0.95999999999999996"
"150k-1s-r01","client","latency-client","2026-09-04T15:36:30.006Z","2026-09-04T15:36:40.003Z","True","150000","150001",,"0","0","0","4005014",,"150046","25830","1",,,,"25760","1.05"
"150k-1s-r01","client","latency-client","2026-09-04T15:36:40.003Z","2026-09-04T15:36:50.004Z","True","150000","150001",,"0","0","0","4003411",,"149986","24626","1",,,,"24555","1"
"150k-1s-r01","client","latency-client","2026-09-04T15:36:50.004Z","2026-09-04T15:37:00.000Z","True","150000","150001",,"0","0","0","4005413",,"150061","25258","1",,,,"25189","0.97999999999999998"
"150k-1s-r01","client","latency-client","2026-09-04T15:37:00.000Z","2026-09-04T15:37:10.010Z","True","150000","150001",,"0","0","0","3999813",,"149851","24296","1",,,,"24225","1.0600000000000001"
"150k-1s-r01","client","latency-client","2026-09-04T15:37:10.010Z","2026-09-04T15:37:20.011Z","True","150000","150001",,"0","0","0","4003533",,"149986","42112","1",,,,"42043","1.01"
"150k-1s-r01","client","latency-client","2026-09-04T15:37:20.011Z","2026-09-04T15:37:30.012Z","True","150000","150001",,"0","0","0","4003408",,"149986","24057","1",,,,"23987","0.97999999999999998"
"150k-1s-r01","client","latency-client","2026-09-04T15:37:30.012Z","2026-09-04T15:37:40.002Z","True","150000","150001",,"0","0","0","4008222",,"150166","23925","1",,,,"23854","0.95999999999999996"
"150k-1s-r01","client","latency-client","2026-09-04T15:37:40.002Z","2026-09-04T15:37:50.002Z","True","150000","150001",,"0","0","0","4003536",,"149986","41547","1",,,,"41477","1"
"150k-1s-r01","client","latency-client","2026-09-04T15:37:50.002Z","2026-09-04T15:38:00.006Z","True","150000","150001",,"0","0","0","4002211",,"149941","22626","1",,,,"22556","0.92000000000000004"
"150k-1s-r01","client","latency-client","2026-09-04T15:38:00.006Z","2026-09-04T15:38:10.017Z","True","150000","150001",,"0","0","0","3999810",,"149851","25391","1",,,,"25321","0.98999999999999999"
"150k-1s-r01","client","latency-client","2026-09-04T15:38:10.017Z","2026-09-04T15:38:20.006Z","True","150000","150001",,"0","0","0","4007819",,"150151","26005","1",,,,"25935","1.05"
"150k-1s-r01","client","latency-client","2026-09-04T15:38:20.006Z","2026-09-04T15:38:30.014Z","True","150000","150001",,"0","0","0","4000610",,"149881","24447","1",,,,"24376","1"
"150k-1s-r01","client","latency-client","2026-09-04T15:38:30.014Z","2026-09-04T15:38:40.008Z","True","150000","150001",,"0","0","0","4006215",,"150091","25772","1",,,,"25702","1.0700000000000001"
"150k-1s-r01","client","latency-client","2026-09-04T15:38:40.008Z","2026-09-04T15:38:50.015Z","True","150000","150001",,"0","0","0","4001010",,"149896","25571","1",,,,"25501","1.01"
"150k-1s-r01","client","latency-client","2026-09-04T15:38:50.015Z","2026-09-04T15:39:00.011Z","True","150000","150001",,"0","0","0","4005413",,"150061","25202","1",,,,"25132","1.03"
"150k-1s-r01","client","latency-client","2026-09-04T15:39:00.011Z","2026-09-04T15:39:10.004Z","True","150000","150001",,"0","0","0","4006616",,"150106","26490","1",,,,"26419","1.05"
"150k-1s-r01","client","latency-client","2026-09-04T15:39:10.004Z","2026-09-04T15:39:20.001Z","True","150000","150001",,"0","0","0","4005011",,"150046","25484","1",,,,"25414","1.02"
"150k-1s-r01","client","latency-client","2026-09-04T15:39:20.001Z","2026-09-04T15:39:30.007Z","True","150000","150001",,"0","0","0","4001409",,"149911","25377","1",,,,"25308","1.01"
"150k-1s-r01","client","latency-client","2026-09-04T15:39:30.007Z","2026-09-04T15:39:40.005Z","True","150000","150001",,"0","0","0","4004613",,"150031","26437","1",,,,"26367","1.01"
"150k-1s-r01","client","latency-client","2026-09-04T15:39:40.005Z","2026-09-04T15:39:50.003Z","True","150000","150001",,"0","0","0","4004613",,"150031","25427","1",,,,"25358","1.05"
"150k-1s-r01","client","latency-client","2026-09-04T15:39:50.003Z","2026-09-04T15:40:00.007Z","True","150000","150001",,"0","0","0","4002210",,"149941","23128","1",,,,"23057","0.97999999999999998"
"150k-1s-r01","client","latency-client","2026-09-04T15:40:00.007Z","2026-09-04T15:40:10.008Z","True","150000","150001",,"0","0","0","4003411",,"149986","22678","1",,,,"22608","0.96999999999999997"
"150k-1s-r01","client","latency-client","2026-09-04T15:40:10.008Z","2026-09-04T15:40:20.011Z","True","150000","150001",,"0","0","0","4002611",,"149956","24423","1",,,,"24353","1.02"
"150k-1s-r01","client","latency-client","2026-09-04T15:40:20.011Z","2026-09-04T15:40:30.003Z","True","150000","150001",,"0","0","0","4007019",,"150121","25047","1",,,,"24977","1.04"
"150k-1s-r01","client","latency-client","2026-09-04T15:40:30.003Z","2026-09-04T15:40:40.002Z","True","150000","150001",,"0","0","0","4004213",,"150016","24383","1",,,,"24313","0.93000000000000005"
"150k-1s-r01","client","latency-client","2026-09-04T15:40:40.002Z","2026-09-04T15:40:50.013Z","True","150000","150001",,"0","0","0","3999411",,"149836","25144","1",,,,"25074","1.02"
"150k-1s-r01","client","latency-client","2026-09-04T15:40:50.013Z","2026-09-04T15:41:00.014Z","True","150000","150001",,"0","0","0","4003409",,"149986","26779","1",,,,"26709","1.01"
"150k-1s-r01","client","latency-client","2026-09-04T15:41:00.014Z","2026-09-04T15:41:10.015Z","True","150000","150001",,"0","0","0","4003813",,"150001","24783","1",,,,"24713","1.1000000000000001"
"150k-1s-r01","client","latency-client","2026-09-04T15:41:10.015Z","2026-09-04T15:41:20.002Z","True","150000","150001",,"0","0","0","4008622",,"150181","25178","1",,,,"25107","1.04"
"150k-1s-r01","client","latency-client","2026-09-04T15:41:20.002Z","2026-09-04T15:41:30.014Z","True","150000","150001",,"0","0","0","3999007",,"149821","27384","1",,,,"27314","1.0700000000000001"
"150k-1s-r01","client","latency-client","2026-09-04T15:41:30.014Z","2026-09-04T15:41:40.012Z","True","150000","150001",,"0","0","0","4004614",,"150031","26719","1",,,,"26649","1.0600000000000001"
"150k-1s-r01","client","latency-client","2026-09-04T15:41:40.012Z","2026-09-04T15:41:50.009Z","True","150000","150001",,"0","0","0","4005014",,"150046","25986","1",,,,"25915","1.0700000000000001"
"150k-1s-r01","client","latency-client","2026-09-04T15:41:50.009Z","2026-09-04T15:42:00.005Z","True","150000","150001",,"0","0","0","4005412",,"150061","23209","1",,,,"23139","0.98999999999999999"
"150k-1s-r01","client","latency-client","2026-09-04T15:42:00.005Z","2026-09-04T15:42:10.015Z","True","150000","150001",,"0","0","0","3999813",,"149851","26208","1",,,,"26138","1.05"
"150k-1s-r01","client","latency-client","2026-09-04T15:42:10.015Z","2026-09-04T15:42:20.003Z","True","150000","150001",,"0","0","0","4008622",,"150181","22879","1",,,,"22809","0.97999999999999998"
"150k-1s-r01","client","latency-client","2026-09-04T15:42:20.003Z","2026-09-04T15:42:30.015Z","True","150000","150001",,"0","0","0","3999011",,"149821","24754","1",,,,"24684","1.01"
"150k-1s-r01","client","latency-client","2026-09-04T15:42:30.015Z","2026-09-04T15:42:40.002Z","True","150000","150001",,"0","0","0","4009024",,"150196","26218","1",,,,"26148","1.1000000000000001"
"150k-1s-r01","client","latency-client","2026-09-04T15:42:40.002Z","2026-09-04T15:42:50.005Z","True","150000","150001",,"0","0","0","4002611",,"149956","25484","1",,,,"25414","1.04"
"150k-1s-r01","client","latency-client","2026-09-04T15:42:50.005Z","2026-09-04T15:43:00.007Z","True","150000","150001",,"0","0","0","4003009",,"149971","22649","1",,,,"22579","0.98999999999999999"
"150k-1s-r01","client","latency-client","2026-09-04T15:43:00.007Z","2026-09-04T15:43:10.015Z","True","150000","150001",,"0","0","0","4000611",,"149881","23173","1",,,,"23103","1.02"
"150k-1s-r01","client","latency-client","2026-09-04T15:43:10.015Z","2026-09-04T15:43:20.003Z","True","150000","150001",,"0","0","0","4008620",,"150181","25920","1",,,,"25850","0.98999999999999999"
"150k-1s-r01","client","latency-client","2026-09-04T15:43:20.003Z","2026-09-04T15:43:30.008Z","True","150000","150001",,"0","0","0","4001809",,"149926","25694","1",,,,"25624","1.02"
"150k-1s-r01","client","latency-client","2026-09-04T15:43:30.008Z","2026-09-04T15:43:40.013Z","True","150000","150001",,"0","0","0","4002210",,"149941","25831","1",,,,"25761","1.01"
"150k-1s-r01","client","latency-client","2026-09-04T15:43:40.013Z","2026-09-04T15:43:50.002Z","True","150000","150001",,"0","0","0","4007819",,"150151","26404","1",,,,"26334","1.0700000000000001"
"150k-1s-r01","client","latency-client","2026-09-04T15:43:50.002Z","2026-09-04T15:44:00.010Z","True","150000","150001",,"0","0","0","4000609",,"149881","24145","1",,,,"24075","0.97999999999999998"
"150k-1s-r01","client","latency-client","2026-09-04T15:44:00.010Z","2026-09-04T15:44:10.011Z","True","150000","150001",,"0","0","0","4003411",,"149986","25582","1",,,,"25511","1"
"150k-1s-r01","client","latency-client","2026-09-04T15:44:10.011Z","2026-09-04T15:44:20.003Z","True","150000","150001",,"0","0","0","4007016",,"150121","25649","1",,,,"25579","1.01"
"150k-1s-r01","client","latency-client","2026-09-04T15:44:20.003Z","2026-09-04T15:44:30.004Z","True","150000","150001",,"0","0","0","4003409",,"149986","23203","1",,,,"23133","1.02"
"150k-1s-r01","client","latency-client","2026-09-04T15:44:30.004Z","2026-09-04T15:44:40.005Z","True","150000","150001",,"0","0","0","4003410",,"149986","24352","1",,,,"24283","1.01"
"150k-1s-r01","client","latency-client","2026-09-04T15:44:40.005Z","2026-09-04T15:44:50.013Z","True","150000","150001",,"0","0","0","4000608",,"149881","26121","1",,,,"26051","1.0600000000000001"
"150k-1s-r01","client","latency-client","2026-09-04T15:44:50.013Z","2026-09-04T15:45:00.014Z","True","150000","150001",,"0","0","0","4003411",,"149986","26671","1",,,,"26601","1.03"
"150k-1s-r01","server","latency-server","2026-09-04T15:33:50.008Z","2026-09-04T15:34:00.008Z","False","150000","0",,"0","0","0","0",,,,"0",,,,,"1.9299999999999999"
"150k-1s-r01","server","latency-server","2026-09-04T15:34:00.008Z","2026-09-04T15:34:10.011Z","False","150000","150001",,"0","0","0","135150","14995",,,"3852720",,"149956","79","15702","0.95999999999999996"
"150k-1s-r01","server","latency-server","2026-09-04T15:34:10.011Z","2026-09-04T15:34:20.014Z","False","150000","150001",,"0","0","0","1",,,,"3852521",,"149956","76","11086","0.81000000000000005"
"150k-1s-r01","server","latency-server","2026-09-04T15:34:20.014Z","2026-09-04T15:34:30.013Z","False","150000","150001",,"0","0","0","1",,,,"3854064",,"150016","75","15889","0.83999999999999997"
"150k-1s-r01","server","latency-server","2026-09-04T15:34:30.013Z","2026-09-04T15:34:40.002Z","False","150000","150001",,"0","0","0","1",,,,"3903018",,"150166","73","14655","0.93000000000000005"
"150k-1s-r01","server","latency-server","2026-09-04T15:34:40.002Z","2026-09-04T15:34:50.000Z","False","150000","150001",,"0","0","0","1",,,,"3904511",,"150031","72","26556","0.85999999999999999"
"150k-1s-r01","server","latency-server","2026-09-04T15:34:50.000Z","2026-09-04T15:35:00.002Z","False","150000","150001",,"0","0","0","1",,,,"3902950",,"149971","72","34577","0.94999999999999996"
"150k-1s-r01","server","latency-server","2026-09-04T15:35:00.002Z","2026-09-04T15:35:10.015Z","False","150000","150001",,"0","0","0","1",,,,"3968629",,"149806","71","22725","0.89000000000000001"
"150k-1s-r01","server","latency-server","2026-09-04T15:35:10.015Z","2026-09-04T15:35:20.003Z","True","150000","150001",,"0","0","0","1",,,,"4008624",,"150181","70","24823","0.90000000000000002"
"150k-1s-r01","server","latency-server","2026-09-04T15:35:20.003Z","2026-09-04T15:35:30.012Z","True","150000","150001",,"0","0","0","1",,,,"4000209",,"149866","70","18169","0.88"
"150k-1s-r01","server","latency-server","2026-09-04T15:35:30.012Z","2026-09-04T15:35:40.002Z","True","150000","150001",,"0","0","0","1",,,,"4007820",,"150151","70","31529","0.93999999999999995"
"150k-1s-r01","server","latency-server","2026-09-04T15:35:40.002Z","2026-09-04T15:35:50.002Z","True","150000","150001",,"0","0","0","1",,,,"4003936",,"150001","70","41812","0.85999999999999999"
"150k-1s-r01","server","latency-server","2026-09-04T15:35:50.002Z","2026-09-04T15:36:00.010Z","True","150000","150001",,"0","0","0","1",,,,"4000612",,"149881","70","26508","0.94999999999999996"
"150k-1s-r01","server","latency-server","2026-09-04T15:36:00.010Z","2026-09-04T15:36:10.013Z","True","150000","150001",,"0","0","0","1",,,,"4002612",,"149956","70","23238","0.93999999999999995"
"150k-1s-r01","server","latency-server","2026-09-04T15:36:10.013Z","2026-09-04T15:36:20.002Z","True","150000","150001",,"0","0","0","1",,,,"4008220",,"150166","70","22909","0.95999999999999996"
"150k-1s-r01","server","latency-server","2026-09-04T15:36:20.002Z","2026-09-04T15:36:30.006Z","True","150000","150001",,"0","0","0","1",,,,"4002209",,"149941","70","35753","0.93000000000000005"
"150k-1s-r01","server","latency-server","2026-09-04T15:36:30.006Z","2026-09-04T15:36:40.003Z","True","150000","150001",,"0","0","0","1",,,,"4005014",,"150046","70","20046","0.91000000000000003"
"150k-1s-r01","server","latency-server","2026-09-04T15:36:40.003Z","2026-09-04T15:36:50.004Z","True","150000","150001",,"0","0","0","1",,,,"4003411",,"149986","70","22658","0.91000000000000003"
"150k-1s-r01","server","latency-server","2026-09-04T15:36:50.004Z","2026-09-04T15:37:00.016Z","True","150000","150001",,"0","0","0","1",,,,"3999012",,"149821","70","27227","0.85999999999999999"
"150k-1s-r01","server","latency-server","2026-09-04T15:37:00.016Z","2026-09-04T15:37:10.010Z","True","150000","150001",,"0","0","0","1",,,,"4006217",,"150091","71","33482","0.84999999999999998"
"150k-1s-r01","server","latency-server","2026-09-04T15:37:10.010Z","2026-09-04T15:37:20.011Z","True","150000","150001",,"0","0","0","1",,,,"4003533",,"149986","69","42479","0.87"
"150k-1s-r01","server","latency-server","2026-09-04T15:37:20.011Z","2026-09-04T15:37:30.012Z","True","150000","150001",,"0","0","0","1",,,,"4003408",,"149986","69","32044","0.90000000000000002"
"150k-1s-r01","server","latency-server","2026-09-04T15:37:30.012Z","2026-09-04T15:37:40.017Z","True","150000","150001",,"0","0","0","1",,,,"4001812",,"149926","71","26033","0.88"
"150k-1s-r01","server","latency-server","2026-09-04T15:37:40.017Z","2026-09-04T15:37:50.002Z","True","150000","150001",,"0","0","0","1",,,,"4009951",,"150226","70","37220","0.83999999999999997"
"150k-1s-r01","server","latency-server","2026-09-04T15:37:50.002Z","2026-09-04T15:38:00.006Z","True","150000","150001",,"0","0","0","1",,,,"4002211",,"149941","70","32499","0.84999999999999998"
"150k-1s-r01","server","latency-server","2026-09-04T15:38:00.006Z","2026-09-04T15:38:10.000Z","True","150000","150001",,"0","0","0","1",,,,"4006213",,"150091","70","18082","0.88"
"150k-1s-r01","server","latency-server","2026-09-04T15:38:10.000Z","2026-09-04T15:38:20.006Z","True","150000","150001",,"0","0","0","1",,,,"4001410",,"149911","69","23868","0.87"
"150k-1s-r01","server","latency-server","2026-09-04T15:38:20.006Z","2026-09-04T15:38:30.013Z","True","150000","150001",,"0","0","0","1",,,,"4001009",,"149896","70","31376","0.94999999999999996"
"150k-1s-r01","server","latency-server","2026-09-04T15:38:30.013Z","2026-09-04T15:38:40.008Z","True","150000","150001",,"0","0","0","1",,,,"4005815",,"150076","70","28880","0.87"
"150k-1s-r01","server","latency-server","2026-09-04T15:38:40.008Z","2026-09-04T15:38:50.015Z","True","150000","150001",,"0","0","0","1",,,,"4001010",,"149896","70","27467","0.84999999999999998"
"150k-1s-r01","server","latency-server","2026-09-04T15:38:50.015Z","2026-09-04T15:39:00.010Z","True","150000","150001",,"0","0","0","1",,,,"4005814",,"150076","70","27880","0.96999999999999997"
"150k-1s-r01","server","latency-server","2026-09-04T15:39:00.010Z","2026-09-04T15:39:10.004Z","True","150000","150001",,"0","0","0","1",,,,"4006216",,"150091","71","30637","0.90000000000000002"
"150k-1s-r01","server","latency-server","2026-09-04T15:39:10.004Z","2026-09-04T15:39:20.001Z","True","150000","150001",,"0","0","0","1",,,,"4005011",,"150046","70","24939","0.82999999999999996"
"150k-1s-r01","server","latency-server","2026-09-04T15:39:20.001Z","2026-09-04T15:39:30.007Z","True","150000","150001",,"0","0","0","1",,,,"4001409",,"149911","70","27779","0.94999999999999996"
"150k-1s-r01","server","latency-server","2026-09-04T15:39:30.007Z","2026-09-04T15:39:40.005Z","True","150000","150001",,"0","0","0","1",,,,"4004613",,"150031","70","22475","0.91000000000000003"
"150k-1s-r01","server","latency-server","2026-09-04T15:39:40.005Z","2026-09-04T15:39:50.003Z","True","150000","150001",,"0","0","0","1",,,,"4004613",,"150031","70","39487","0.85999999999999999"
"150k-1s-r01","server","latency-server","2026-09-04T15:39:50.003Z","2026-09-04T15:40:00.007Z","True","150000","150001",,"0","0","0","1",,,,"4002210",,"149941","70","21340","0.87"
"150k-1s-r01","server","latency-server","2026-09-04T15:40:00.007Z","2026-09-04T15:40:10.008Z","True","150000","150001",,"0","0","0","1",,,,"4003411",,"149986","70","3281","0.91000000000000003"
"150k-1s-r01","server","latency-server","2026-09-04T15:40:10.008Z","2026-09-04T15:40:20.011Z","True","150000","150001",,"0","0","0","1",,,,"4002611",,"149956","70","2985","0.89000000000000001"
"150k-1s-r01","server","latency-server","2026-09-04T15:40:20.011Z","2026-09-04T15:40:30.003Z","True","150000","150001",,"0","0","0","1",,,,"4007019",,"150121","70","28966","0.90000000000000002"
"150k-1s-r01","server","latency-server","2026-09-04T15:40:30.003Z","2026-09-04T15:40:40.002Z","True","150000","150001",,"0","0","0","1",,,,"4004213",,"150016","70","3290","0.93999999999999995"
"150k-1s-r01","server","latency-server","2026-09-04T15:40:40.002Z","2026-09-04T15:40:50.013Z","True","150000","150001",,"0","0","0","1",,,,"3999411",,"149836","70","16927","0.85999999999999999"
"150k-1s-r01","server","latency-server","2026-09-04T15:40:50.013Z","2026-09-04T15:41:00.013Z","True","150000","150001",,"0","0","0","1",,,,"4003809",,"150001","70","39121","0.89000000000000001"
"150k-1s-r01","server","latency-server","2026-09-04T15:41:00.013Z","2026-09-04T15:41:10.014Z","True","150000","150001",,"0","0","0","1",,,,"4003413",,"149986","70","31306","0.90000000000000002"
"150k-1s-r01","server","latency-server","2026-09-04T15:41:10.014Z","2026-09-04T15:41:20.002Z","True","150000","150001",,"0","0","0","1",,,,"4008622",,"150181","70","20827","0.84999999999999998"
"150k-1s-r01","server","latency-server","2026-09-04T15:41:20.002Z","2026-09-04T15:41:30.014Z","True","150000","150001",,"0","0","0","1",,,,"3999007",,"149821","70","30173","0.88"
"150k-1s-r01","server","latency-server","2026-09-04T15:41:30.014Z","2026-09-04T15:41:40.012Z","True","150000","150001",,"0","0","0","1",,,,"4004614",,"150031","70","25046","0.87"
"150k-1s-r01","server","latency-server","2026-09-04T15:41:40.012Z","2026-09-04T15:41:50.008Z","True","150000","150001",,"0","0","0","1",,,,"4005414",,"150061","70","27821","0.93000000000000005"
"150k-1s-r01","server","latency-server","2026-09-04T15:41:50.008Z","2026-09-04T15:42:00.005Z","True","150000","150001",,"0","0","0","1",,,,"4005011",,"150046","70","27304","0.87"
"150k-1s-r01","server","latency-server","2026-09-04T15:42:00.005Z","2026-09-04T15:42:10.015Z","True","150000","150001",,"0","0","0","1",,,,"3999813",,"149851","70","27506","0.89000000000000001"
"150k-1s-r01","server","latency-server","2026-09-04T15:42:10.015Z","2026-09-04T15:42:20.003Z","True","150000","150001",,"0","0","0","1",,,,"4008622",,"150181","70","30703","0.87"
"150k-1s-r01","server","latency-server","2026-09-04T15:42:20.003Z","2026-09-04T15:42:30.015Z","True","150000","150001",,"0","0","0","1",,,,"3999011",,"149821","70","28248","0.88"
"150k-1s-r01","server","latency-server","2026-09-04T15:42:30.015Z","2026-09-04T15:42:40.002Z","True","150000","150001",,"0","0","0","1",,,,"4009024",,"150196","70","28057","0.84999999999999998"
"150k-1s-r01","server","latency-server","2026-09-04T15:42:40.002Z","2026-09-04T15:42:50.005Z","True","150000","150001",,"0","0","0","1",,,,"4002611",,"149956","70","29908","0.91000000000000003"
"150k-1s-r01","server","latency-server","2026-09-04T15:42:50.005Z","2026-09-04T15:43:00.007Z","True","150000","150001",,"0","0","0","1",,,,"4003009",,"149971","70","28945","0.93999999999999995"
"150k-1s-r01","server","latency-server","2026-09-04T15:43:00.007Z","2026-09-04T15:43:10.015Z","True","150000","150001",,"0","0","0","1",,,,"4000611",,"149881","70","28507","0.93000000000000005"
"150k-1s-r01","server","latency-server","2026-09-04T15:43:10.015Z","2026-09-04T15:43:20.003Z","True","150000","150001",,"0","0","0","1",,,,"4008620",,"150181","70","26800","0.98999999999999999"
"150k-1s-r01","server","latency-server","2026-09-04T15:43:20.003Z","2026-09-04T15:43:30.008Z","True","150000","150001",,"0","0","0","1",,,,"4001809",,"149926","70","43949","0.84999999999999998"
"150k-1s-r01","server","latency-server","2026-09-04T15:43:30.008Z","2026-09-04T15:43:40.012Z","True","150000","150001",,"0","0","0","1",,,,"4002210",,"149941","70","28278","0.87"
"150k-1s-r01","server","latency-server","2026-09-04T15:43:40.012Z","2026-09-04T15:43:50.002Z","True","150000","150001",,"0","0","0","1",,,,"4007819",,"150151","70","26120","0.93000000000000005"
"150k-1s-r01","server","latency-server","2026-09-04T15:43:50.002Z","2026-09-04T15:44:00.010Z","True","150000","150001",,"0","0","0","1",,,,"4000609",,"149881","70","27383","0.87"
"150k-1s-r01","server","latency-server","2026-09-04T15:44:00.010Z","2026-09-04T15:44:10.010Z","True","150000","150001",,"0","0","0","1",,,,"4003811",,"150001","70","20548","0.91000000000000003"
"150k-1s-r01","server","latency-server","2026-09-04T15:44:10.010Z","2026-09-04T15:44:20.003Z","True","150000","150001",,"0","0","0","1",,,,"4006615",,"150106","70","32636","0.85999999999999999"
"150k-1s-r01","server","latency-server","2026-09-04T15:44:20.003Z","2026-09-04T15:44:30.004Z","True","150000","150001",,"0","0","0","1",,,,"4003409",,"149986","70","23895","0.88"
"150k-1s-r01","server","latency-server","2026-09-04T15:44:30.004Z","2026-09-04T15:44:40.005Z","True","150000","150001",,"0","0","0","1",,,,"4003410",,"149986","69","23696","0.92000000000000004"
"150k-1s-r01","server","latency-server","2026-09-04T15:44:40.005Z","2026-09-04T15:44:50.013Z","True","150000","150001",,"0","0","0","1",,,,"4000608",,"149881","70","18889","0.91000000000000003"
"150k-1s-r01","server","latency-server","2026-09-04T15:44:50.013Z","2026-09-04T15:45:00.013Z","True","150000","150001",,"0","0","0","1",,,,"4003811",,"150001","70","28237","0.97999999999999998"
"150k-1s-r02","client","latency-client","2026-09-04T16:56:50.012Z","2026-09-04T16:57:00.012Z","False","150000","150001",,"0","0","0","3625780",,"141543","40046","173789","19282",,,"35142","3.0899999999999999"
"150k-1s-r02","client","latency-client","2026-09-04T16:57:00.012Z","2026-09-04T16:57:10.003Z","False","150000","150001",,"0","115","0","3819872",,"148601","23680","1",,,,"23566","1.0800000000000001"
"150k-1s-r02","client","latency-client","2026-09-04T16:57:10.003Z","2026-09-04T16:57:20.007Z","False","150000","150001",,"0","102","0","3942646",,"153602","19010","1",,,,"18899","1.1100000000000001"
"150k-1s-r02","client","latency-client","2026-09-04T16:57:20.007Z","2026-09-04T16:57:30.014Z","False","150000","150001",,"0","263","0","3915172",,"151065","20371","1",,,,"20260","1.02"
"150k-1s-r02","client","latency-client","2026-09-04T16:57:30.014Z","2026-09-04T16:57:40.014Z","False","150000","150001",,"0","134","0","3886905",,"149335","17927","1",,,,"17816","1.04"
"150k-1s-r02","client","latency-client","2026-09-04T16:57:40.014Z","2026-09-04T16:57:50.004Z","False","150000","150001",,"0","115","0","3870633",,"148667","18561","1",,,,"18446","1.0600000000000001"
"150k-1s-r02","client","latency-client","2026-09-04T16:57:50.004Z","2026-09-04T16:58:00.015Z","False","150000","150001",,"0","0","0","3898606",,"148205","30681","1",,,,"30574","1.1799999999999999"
"150k-1s-r02","client","latency-client","2026-09-04T16:58:00.015Z","2026-09-04T16:58:10.005Z","True","150000","150001",,"0","0","0","4083241",,"153062","28620","1",,,,"28511","1.23"
"150k-1s-r02","client","latency-client","2026-09-04T16:58:10.005Z","2026-09-04T16:58:20.010Z","True","150000","150001",,"0","4","0","4010538",,"150264","21383","1",,,,"21276","1.28"
"150k-1s-r02","client","latency-client","2026-09-04T16:58:20.010Z","2026-09-04T16:58:30.016Z","True","150000","150001",,"0","0","0","3978069",,"149034","18663","1",,,,"18556","1.22"
"150k-1s-r02","client","latency-client","2026-09-04T16:58:30.016Z","2026-09-04T16:58:40.002Z","True","150000","150001",,"0","159","0","3935481",,"147328","19310","1",,,,"19202","1.29"
"150k-1s-r02","client","latency-client","2026-09-04T16:58:40.002Z","2026-09-04T16:58:50.007Z","True","150000","150001",,"0","0","0","4091396",,"153403","18482","1",,,,"18372","1.24"
"150k-1s-r02","client","latency-client","2026-09-04T16:58:50.007Z","2026-09-04T16:59:00.016Z","True","150000","150001",,"0","0","0","3970869",,"148763","18722","1",,,,"18613","1.27"
"150k-1s-r02","client","latency-client","2026-09-04T16:59:00.016Z","2026-09-04T16:59:10.008Z","True","150000","150001",,"0","0","0","3921533",,"146769","18964","1",,,,"18853","1.24"
"150k-1s-r02","client","latency-client","2026-09-04T16:59:10.008Z","2026-09-04T16:59:20.010Z","True","150000","150001",,"0","48","0","4110218",,"154164","18441","1",,,,"18334","1.23"
"150k-1s-r02","client","latency-client","2026-09-04T16:59:20.010Z","2026-09-04T16:59:30.002Z","True","150000","150001",,"0","0","0","3967589",,"148591","18587","1",,,,"18480","1.28"
"150k-1s-r02","client","latency-client","2026-09-04T16:59:30.002Z","2026-09-04T16:59:40.015Z","True","150000","150001",,"0","0","0","3999302",,"149867","18483","1",,,,"18373","1.27"
"150k-1s-r02","client","latency-client","2026-09-04T16:59:40.015Z","2026-09-04T16:59:50.014Z","True","150000","150001",,"0","0","0","4013709",,"150354","19209","1",,,,"19101","1.26"
"150k-1s-r02","client","latency-client","2026-09-04T16:59:50.014Z","2026-09-04T17:00:00.012Z","True","150000","150001",,"0","93","0","4083139",,"153064","18675","1",,,,"18569","1.3200000000000001"
"150k-1s-r02","client","latency-client","2026-09-04T17:00:00.012Z","2026-09-04T17:00:10.007Z","True","150000","150001",,"0","41","0","3943261",,"147657","18464","1",,,,"18356","1.23"
"150k-1s-r02","client","latency-client","2026-09-04T17:00:10.007Z","2026-09-04T17:00:20.012Z","True","150000","150001",,"0","0","0","3918542",,"146703","19976","1",,,,"19871","1.26"
"150k-1s-r02","client","latency-client","2026-09-04T17:00:20.012Z","2026-09-04T17:00:30.001Z","True","150000","150001",,"0","0","0","3955326",,"148047","18267","1",,,,"18162","1.2"
"150k-1s-r02","client","latency-client","2026-09-04T17:00:30.001Z","2026-09-04T17:00:40.002Z","True","150000","150001",,"0","352","0","4125142",,"154771","17668","1",,,,"17560","1.25"
"150k-1s-r02","client","latency-client","2026-09-04T17:00:40.002Z","2026-09-04T17:00:50.005Z","True","150000","150001",,"0","0","0","3946547",,"147766","27581","1",,,,"27473","1.21"
"150k-1s-r02","client","latency-client","2026-09-04T17:00:50.005Z","2026-09-04T17:01:00.016Z","True","150000","150001",,"0","0","0","4061856",,"152300","31764","1",,,,"31655","1.21"
"150k-1s-r02","client","latency-client","2026-09-04T17:01:00.016Z","2026-09-04T17:01:10.008Z","True","150000","150001",,"0","128","0","4025469",,"150799","34446","1",,,,"34336","1.24"
"150k-1s-r02","client","latency-client","2026-09-04T17:01:10.008Z","2026-09-04T17:01:20.016Z","True","150000","150001",,"0","0","0","3934952",,"147346","32301","1",,,,"32192","1.1799999999999999"
"150k-1s-r02","client","latency-client","2026-09-04T17:01:20.016Z","2026-09-04T17:01:30.005Z","True","150000","150001",,"0","633","0","4050749",,"151811","32029","1",,,,"31920","1.24"
"150k-1s-r02","client","latency-client","2026-09-04T17:01:30.005Z","2026-09-04T17:01:40.016Z","True","150000","150001",,"0","120","0","4052265",,"151866","32204","1",,,,"32094","1.21"
"150k-1s-r02","client","latency-client","2026-09-04T17:01:40.016Z","2026-09-04T17:01:50.013Z","True","150000","150001",,"0","70","0","3895196",,"145792","31832","1",,,,"31727","1.22"
"150k-1s-r02","client","latency-client","2026-09-04T17:01:50.013Z","2026-09-04T17:02:00.013Z","True","150000","150001",,"0","0","0","4142467",,"155362","32059","1",,,,"31952","1.22"
"150k-1s-r02","client","latency-client","2026-09-04T17:02:00.013Z","2026-09-04T17:02:10.002Z","True","150000","150001",,"0","0","0","3842985",,"143771","33541","1",,,,"33432","1.26"
"150k-1s-r02","client","latency-client","2026-09-04T17:02:10.002Z","2026-09-04T17:02:20.008Z","True","150000","150001",,"0","0","0","4031819",,"151096","34451","1",,,,"34343","1.26"
"150k-1s-r02","client","latency-client","2026-09-04T17:02:20.008Z","2026-09-04T17:02:30.013Z","True","150000","150001",,"0","277","0","4139606",,"155250","34650","1",,,,"34544","1.3100000000000001"
"150k-1s-r02","client","latency-client","2026-09-04T17:02:30.013Z","2026-09-04T17:02:40.002Z","True","150000","150001",,"0","308","0","3944031",,"147708","34290","1",,,,"34181","1.3100000000000001"
"150k-1s-r02","client","latency-client","2026-09-04T17:02:40.002Z","2026-09-04T17:02:50.014Z","True","150000","150001",,"0","0","0","3978204",,"149026","35012","1",,,,"34904","1.1699999999999999"
"150k-1s-r02","client","latency-client","2026-09-04T17:02:50.014Z","2026-09-04T17:03:00.009Z","True","150000","150001",,"0","15","0","4012233",,"150305","33922","1",,,,"33812","1.3"
"150k-1s-r02","client","latency-client","2026-09-04T17:03:00.009Z","2026-09-04T17:03:10.006Z","True","150000","150001",,"0","0","0","3997806",,"149768","33452","1",,,,"33343","1.23"
"150k-1s-r02","client","latency-client","2026-09-04T17:03:10.006Z","2026-09-04T17:03:20.007Z","True","150000","150001",,"0","293","0","4045910",,"151627","33307","1",,,,"33200","1.3400000000000001"
"150k-1s-r02","client","latency-client","2026-09-04T17:03:20.007Z","2026-09-04T17:03:30.004Z","True","150000","150001",,"0","320","0","3891191",,"145606","32106","1",,,,"31999","1.1399999999999999"
"150k-1s-r02","client","latency-client","2026-09-04T17:03:30.004Z","2026-09-04T17:03:40.003Z","True","150000","150001",,"0","0","0","4000228",,"149887","32819","1",,,,"32710","1.25"
"150k-1s-r02","client","latency-client","2026-09-04T17:03:40.003Z","2026-09-04T17:03:50.014Z","True","150000","150001",,"0","0","0","4110663",,"154168","33486","1",,,,"33376","1.29"
"150k-1s-r02","client","latency-client","2026-09-04T17:03:50.014Z","2026-09-04T17:04:00.003Z","True","150000","150001",,"0","53","0","3997792",,"149739","35361","1",,,,"35254","1.21"
"150k-1s-r02","client","latency-client","2026-09-04T17:04:00.003Z","2026-09-04T17:04:10.012Z","True","150000","150001",,"0","308","0","4025052",,"150827","32651","1",,,,"32541","1.27"
"150k-1s-r02","client","latency-client","2026-09-04T17:04:10.012Z","2026-09-04T17:04:20.009Z","True","150000","150001",,"0","0","0","3986580",,"149351","33311","1",,,,"33203","1.28"
"150k-1s-r02","client","latency-client","2026-09-04T17:04:20.009Z","2026-09-04T17:04:30.007Z","True","150000","150001",,"0","0","0","3979756",,"149054","35037","1",,,,"34930","1.27"
"150k-1s-r02","client","latency-client","2026-09-04T17:04:30.007Z","2026-09-04T17:04:40.006Z","True","150000","150001",,"0","308","0","4000224",,"149873","33303","1",,,,"33197","1.25"
"150k-1s-r02","client","latency-client","2026-09-04T17:04:40.006Z","2026-09-04T17:04:50.004Z","True","150000","150001",,"0","590","0","3999002",,"149809","33406","1",,,,"33298","1.24"
"150k-1s-r02","client","latency-client","2026-09-04T17:04:50.004Z","2026-09-04T17:05:00.008Z","True","150000","150001",,"0","0","0","3921335",,"146752","33920","1",,,,"33811","1.2"
"150k-1s-r02","client","latency-client","2026-09-04T17:05:00.008Z","2026-09-04T17:05:10.007Z","True","150000","150001",,"0","0","0","4040257",,"151456","35316","1",,,,"35206","1.26"
"150k-1s-r02","client","latency-client","2026-09-04T17:05:10.007Z","2026-09-04T17:05:20.014Z","True","150000","150001",,"0","97","0","3974618",,"148855","33709","1",,,,"33602","1.3200000000000001"
"150k-1s-r02","client","latency-client","2026-09-04T17:05:20.014Z","2026-09-04T17:05:30.005Z","True","150000","150001",,"0","226","0","4130932",,"154928","35216","1",,,,"35108","1.3400000000000001"
"150k-1s-r02","client","latency-client","2026-09-04T17:05:30.005Z","2026-09-04T17:05:40.015Z","True","150000","150001",,"0","325","0","3950253",,"147942","61290","1",,,,"61183","1.25"
"150k-1s-r02","client","latency-client","2026-09-04T17:05:40.015Z","2026-09-04T17:05:50.010Z","True","150000","150001",,"0","273","0","4025123",,"150826","50183","1",,,,"50075","1.3899999999999999"
"150k-1s-r02","client","latency-client","2026-09-04T17:05:50.010Z","2026-09-04T17:06:00.003Z","True","150000","150001",,"0","308","0","3984156",,"149231","34310","1",,,,"34203","1.22"
"150k-1s-r02","client","latency-client","2026-09-04T17:06:00.003Z","2026-09-04T17:06:10.006Z","True","150000","150001",,"0","0","0","3989001",,"149462","35044","1",,,,"34937","1.22"
"150k-1s-r02","client","latency-client","2026-09-04T17:06:10.006Z","2026-09-04T17:06:20.010Z","True","150000","150001",,"0","0","0","4006224",,"150080","33595","1",,,,"33488","1.3400000000000001"
"150k-1s-r02","client","latency-client","2026-09-04T17:06:20.010Z","2026-09-04T17:06:30.005Z","True","150000","150001",,"0","291","0","3989784",,"149455","33223","1",,,,"33115","1.22"
"150k-1s-r02","client","latency-client","2026-09-04T17:06:30.005Z","2026-09-04T17:06:40.007Z","True","150000","150001",,"0","0","0","3930151",,"147056","32963","1",,,,"32854","1.24"
"150k-1s-r02","client","latency-client","2026-09-04T17:06:40.007Z","2026-09-04T17:06:50.005Z","True","150000","150001",,"0","106","0","4143265",,"155474","34254","1",,,,"34149","1.28"
"150k-1s-r02","client","latency-client","2026-09-04T17:06:50.005Z","2026-09-04T17:07:00.011Z","True","150000","150001",,"0","0","0","3980170",,"149081","31011","1",,,,"30904","1.1899999999999999"
"150k-1s-r02","client","latency-client","2026-09-04T17:07:00.011Z","2026-09-04T17:07:10.014Z","True","150000","150001",,"0","0","0","4086346",,"153159","32733","1",,,,"32621","1.21"
"150k-1s-r02","client","latency-client","2026-09-04T17:07:10.014Z","2026-09-04T17:07:20.036Z","True","150000","150001",,"0","0","0","3887868",,"145587","34002","1",,,,"33893","1.28"
"150k-1s-r02","client","latency-client","2026-09-04T17:07:20.036Z","2026-09-04T17:07:30.009Z","True","150000","150001",,"0","224","0","3998585",,"149779","34912","1",,,,"34801","1.27"
"150k-1s-r02","client","latency-client","2026-09-04T17:07:30.009Z","2026-09-04T17:07:40.013Z","True","150000","150001",,"0","77","0","4008617",,"150176","33839","1",,,,"33729","1.3300000000000001"
"150k-1s-r02","client","latency-client","2026-09-04T17:07:40.013Z","2026-09-04T17:07:50.004Z","True","150000","150001",,"0","0","0","4019467",,"150618","31642","1",,,,"31534","1.28"
"150k-1s-r02","server","latency-server","2026-09-04T16:56:40.005Z","2026-09-04T16:56:50.005Z","False","150000","0",,"0","0","0","0",,,,"0",,,,,"2.7200000000000002"
"150k-1s-r02","server","latency-server","2026-09-04T16:56:50.005Z","2026-09-04T16:57:00.011Z","False","150000","150001",,"0","90625","0","135109","14991",,,"2839611",,"110871","116","22133","0.94999999999999996"
"150k-1s-r02","server","latency-server","2026-09-04T16:57:00.011Z","2026-09-04T16:57:10.003Z","False","150000","150001",,"0","103909","0","1",,,,"3823918",,"148791","114","19494","1.1200000000000001"
"150k-1s-r02","server","latency-server","2026-09-04T16:57:10.003Z","2026-09-04T16:57:20.007Z","False","150000","150001",,"0","60417","0","1",,,,"3961014",,"154307","111","20198","1.0600000000000001"
"150k-1s-r02","server","latency-server","2026-09-04T16:57:20.007Z","2026-09-04T16:57:30.014Z","False","150000","150001",,"0","48991","0","1",,,,"3914381",,"151040","110","16819","1.1000000000000001"
"150k-1s-r02","server","latency-server","2026-09-04T16:57:30.014Z","2026-09-04T16:57:40.014Z","False","150000","150001",,"0","60081","0","1",,,,"3875684",,"148870","111","17568","1.1100000000000001"
"150k-1s-r02","server","latency-server","2026-09-04T16:57:40.014Z","2026-09-04T16:57:50.013Z","False","150000","150001",,"0","77361","0","1",,,,"3860761",,"148296","114","19825","1.1100000000000001"
"150k-1s-r02","server","latency-server","2026-09-04T16:57:50.013Z","2026-09-04T16:58:00.013Z","False","150000","150001",,"0","96998","0","1",,,,"3894879",,"148028","107","24834","1.1499999999999999"
"150k-1s-r02","server","latency-server","2026-09-04T16:58:00.013Z","2026-09-04T16:58:10.005Z","True","150000","150001",,"0","66506","0","1",,,,"4086441",,"153172","109","26767","1.28"
"150k-1s-r02","server","latency-server","2026-09-04T16:58:10.005Z","2026-09-04T16:58:20.010Z","True","150000","150001",,"0","55418","0","1",,,,"4030565",,"151034","107","20347","1.1399999999999999"
"150k-1s-r02","server","latency-server","2026-09-04T16:58:20.010Z","2026-09-04T16:58:30.016Z","True","150000","150001",,"0","64658","0","1",,,,"3977263",,"148987","107","17757","1.1699999999999999"
"150k-1s-r02","server","latency-server","2026-09-04T16:58:30.016Z","2026-09-04T16:58:40.002Z","True","150000","150001",,"0","92407","0","1",,,,"3937087",,"147449","108","18764","1.1699999999999999"
"150k-1s-r02","server","latency-server","2026-09-04T16:58:40.002Z","2026-09-04T16:58:50.007Z","True","150000","150001",,"0","60295","0","1",,,,"4085013",,"153136","110","13393","1.1499999999999999"
"150k-1s-r02","server","latency-server","2026-09-04T16:58:50.007Z","2026-09-04T16:59:00.014Z","True","150000","150001",,"0","71444","0","1",,,,"3972051",,"148779","109","16305","1.1200000000000001"
"150k-1s-r02","server","latency-server","2026-09-04T16:59:00.014Z","2026-09-04T16:59:10.008Z","True","150000","150001",,"0","109681","0","1",,,,"3907464",,"146249","111","19299","1.2"
"150k-1s-r02","server","latency-server","2026-09-04T16:59:10.008Z","2026-09-04T16:59:20.010Z","True","150000","150001",,"0","62502","0","1",,,,"4124676",,"154687","106","20398","1.29"
"150k-1s-r02","server","latency-server","2026-09-04T16:59:20.010Z","2026-09-04T16:59:30.002Z","True","150000","150001",,"0","75746","0","1",,,,"3972406",,"148795","107","16171","1.1100000000000001"
"150k-1s-r02","server","latency-server","2026-09-04T16:59:30.002Z","2026-09-04T16:59:40.015Z","True","150000","150001",,"0","83138","0","1",,,,"3979285",,"149068","110","19910","1.1799999999999999"
"150k-1s-r02","server","latency-server","2026-09-04T16:59:40.015Z","2026-09-04T16:59:50.014Z","True","150000","150001",,"0","82214","0","1",,,,"4006500",,"150108","108","22493","1.2"
"150k-1s-r02","server","latency-server","2026-09-04T16:59:50.014Z","2026-09-04T17:00:00.012Z","True","150000","150001",,"0","42082","0","1",,,,"4111202",,"154064","106","19904","1.1200000000000001"
"150k-1s-r02","server","latency-server","2026-09-04T17:00:00.012Z","2026-09-04T17:00:10.007Z","True","150000","150001",,"0","65211","0","1",,,,"3943272",,"147757","107","15757","1.1299999999999999"
"150k-1s-r02","server","latency-server","2026-09-04T17:00:10.007Z","2026-09-04T17:00:20.012Z","True","150000","150001",,"0","105841","0","1",,,,"3896868",,"145849","105","5600","1.1200000000000001"
"150k-1s-r02","server","latency-server","2026-09-04T17:00:20.012Z","2026-09-04T17:00:30.001Z","True","150000","150001",,"0","120561","0","1",,,,"3971352",,"148692","105","9856","1.1699999999999999"
"150k-1s-r02","server","latency-server","2026-09-04T17:00:30.001Z","2026-09-04T17:00:40.002Z","True","150000","150001",,"0","78210","0","1",,,,"4111567",,"154220","108","12655","1.0800000000000001"
"150k-1s-r02","server","latency-server","2026-09-04T17:00:40.002Z","2026-09-04T17:00:50.005Z","True","150000","150001",,"0","83446","0","1",,,,"3988995",,"149432","108","15120","1.1599999999999999"
"150k-1s-r02","server","latency-server","2026-09-04T17:00:50.005Z","2026-09-04T17:01:00.015Z","True","150000","150001",,"0","59422","0","1",,,,"4062277",,"152251","109","24438","1.1799999999999999"
"150k-1s-r02","server","latency-server","2026-09-04T17:01:00.015Z","2026-09-04T17:01:10.008Z","True","150000","150001",,"0","50904","0","1",,,,"4029083",,"150969","110","24600","1.1200000000000001"
"150k-1s-r02","server","latency-server","2026-09-04T17:01:10.008Z","2026-09-04T17:01:20.000Z","True","150000","150001",,"0","89402","0","1",,,,"3906769",,"146278","109","37344","1.24"
"150k-1s-r02","server","latency-server","2026-09-04T17:01:20.000Z","2026-09-04T17:01:30.005Z","True","150000","150001",,"0","69278","0","1",,,,"4053874",,"151916","109","33383","1.1399999999999999"
"150k-1s-r02","server","latency-server","2026-09-04T17:01:30.005Z","2026-09-04T17:01:40.016Z","True","150000","150001",,"0","42495","0","1",,,,"4071485",,"152528","109","26411","1.1899999999999999"
"150k-1s-r02","server","latency-server","2026-09-04T17:01:40.016Z","2026-09-04T17:01:50.013Z","True","150000","150001",,"0","80366","0","1",,,,"3903990",,"146240","106","36767","1.1699999999999999"
"150k-1s-r02","server","latency-server","2026-09-04T17:01:50.013Z","2026-09-04T17:02:00.013Z","True","150000","150001",,"0","34431","0","1",,,,"4128038",,"154594","106","37354","1.1299999999999999"
"150k-1s-r02","server","latency-server","2026-09-04T17:02:00.013Z","2026-09-04T17:02:10.001Z","True","150000","150001",,"0","88374","0","1",,,,"3863398",,"144780","110","40259","1.1399999999999999"
"150k-1s-r02","server","latency-server","2026-09-04T17:02:10.001Z","2026-09-04T17:02:20.002Z","True","150000","150001",,"0","78826","0","1",,,,"4028263",,"150940","107","37883","1.1899999999999999"
"150k-1s-r02","server","latency-server","2026-09-04T17:02:20.002Z","2026-09-04T17:02:30.037Z","True","150000","150001",,"0","30015","0","1",,,,"4122441",,"154354","106","40227","1.0600000000000001"
"150k-1s-r02","server","latency-server","2026-09-04T17:02:30.037Z","2026-09-04T17:02:40.002Z","True","150000","150001",,"0","47955","0","1",,,,"3965604",,"148714","109","43492","1.1799999999999999"
"150k-1s-r02","server","latency-server","2026-09-04T17:02:40.002Z","2026-09-04T17:02:50.014Z","True","150000","150001",,"0","59114","0","1",,,,"3969399",,"148706","107","37956","1.1100000000000001"
"150k-1s-r02","server","latency-server","2026-09-04T17:02:50.014Z","2026-09-04T17:03:00.009Z","True","150000","150001",,"0","63426","0","1",,,,"3994596",,"149644","110","30616","1.22"
"150k-1s-r02","server","latency-server","2026-09-04T17:03:00.009Z","2026-09-04T17:03:10.006Z","True","150000","150001",,"0","63734","0","1",,,,"4004220",,"150015","109","37868","1.1499999999999999"
"150k-1s-r02","server","latency-server","2026-09-04T17:03:10.006Z","2026-09-04T17:03:20.007Z","True","150000","150001",,"0","43432","0","1",,,,"4058726",,"152034","107","36040","1.1499999999999999"
"150k-1s-r02","server","latency-server","2026-09-04T17:03:20.007Z","2026-09-04T17:03:30.004Z","True","150000","150001",,"0","90838","0","1",,,,"3879134",,"145285","107","33008","1.1899999999999999"
"150k-1s-r02","server","latency-server","2026-09-04T17:03:30.004Z","2026-09-04T17:03:40.003Z","True","150000","150001",,"0","90222","0","1",,,,"4005822",,"150077","108","35828","1.1399999999999999"
"150k-1s-r02","server","latency-server","2026-09-04T17:03:40.003Z","2026-09-04T17:03:50.014Z","True","150000","150001",,"0","52646","0","1",,,,"4097102",,"153589","110","38884","1.1399999999999999"
"150k-1s-r02","server","latency-server","2026-09-04T17:03:50.014Z","2026-09-04T17:04:00.002Z","True","150000","150001",,"0","49887","0","1",,,,"4015852",,"150457","107","40925","1.1799999999999999"
"150k-1s-r02","server","latency-server","2026-09-04T17:04:00.002Z","2026-09-04T17:04:10.012Z","True","150000","150001",,"0","43815","0","1",,,,"4017425",,"150457","109","40158","1.1899999999999999"
"150k-1s-r02","server","latency-server","2026-09-04T17:04:10.012Z","2026-09-04T17:04:20.009Z","True","150000","150001",,"0","48231","0","1",,,,"3992196",,"149604","107","34994","1.1399999999999999"
"150k-1s-r02","server","latency-server","2026-09-04T17:04:20.009Z","2026-09-04T17:04:30.007Z","True","150000","150001",,"0","60962","0","1",,,,"3970951",,"148757","107","37155","1.29"
"150k-1s-r02","server","latency-server","2026-09-04T17:04:30.007Z","2026-09-04T17:04:40.006Z","True","150000","150001",,"0","58190","0","1",,,,"4011433",,"150293","106","39693","1.1599999999999999"
"150k-1s-r02","server","latency-server","2026-09-04T17:04:40.006Z","2026-09-04T17:04:50.004Z","True","150000","150001",,"0","67738","0","1",,,,"3979766",,"149076","107","40848","1.1200000000000001"
"150k-1s-r02","server","latency-server","2026-09-04T17:04:50.004Z","2026-09-04T17:05:00.008Z","True","150000","150001",,"0","91454","0","1",,,,"3940523",,"147570","108","39294","1.1499999999999999"
"150k-1s-r02","server","latency-server","2026-09-04T17:05:00.008Z","2026-09-04T17:05:10.007Z","True","150000","150001",,"0","87450","0","1",,,,"4014641",,"150416","109","44601","1.23"
"150k-1s-r02","server","latency-server","2026-09-04T17:05:10.007Z","2026-09-04T17:05:20.013Z","True","150000","150001",,"0","89606","0","1",,,,"3995812",,"149695","108","43936","1.0700000000000001"
"150k-1s-r02","server","latency-server","2026-09-04T17:05:20.013Z","2026-09-04T17:05:30.012Z","True","150000","150001",,"0","51414","0","1",,,,"4103640",,"153845","108","34072","1.1799999999999999"
"150k-1s-r02","server","latency-server","2026-09-04T17:05:30.012Z","2026-09-04T17:05:40.015Z","True","150000","150001",,"0","59114","0","1",,,,"3982649",,"149176","107","62209","1.22"
"150k-1s-r02","server","latency-server","2026-09-04T17:05:40.015Z","2026-09-04T17:05:50.010Z","True","150000","150001",,"0","49325","0","1",,,,"4032331",,"151082","108","47047","1.1899999999999999"
"150k-1s-r02","server","latency-server","2026-09-04T17:05:50.010Z","2026-09-04T17:06:00.003Z","True","150000","150001",,"0","64966","0","1",,,,"3964914",,"148514","107","44081","1.1399999999999999"
"150k-1s-r02","server","latency-server","2026-09-04T17:06:00.003Z","2026-09-04T17:06:10.006Z","True","150000","150001",,"0","66198","0","1",,,,"3999412",,"149832","107","39640","1.0700000000000001"
"150k-1s-r02","server","latency-server","2026-09-04T17:06:10.006Z","2026-09-04T17:06:20.010Z","True","150000","150001",,"0","68137","0","1",,,,"3997428",,"149766","107","35428","1.1799999999999999"
"150k-1s-r02","server","latency-server","2026-09-04T17:06:20.010Z","2026-09-04T17:06:30.005Z","True","150000","150001",,"0","69278","0","1",,,,"4002594",,"149942","108","31104","1.1899999999999999"
"150k-1s-r02","server","latency-server","2026-09-04T17:06:30.005Z","2026-09-04T17:06:40.007Z","True","150000","150001",,"0","100119","0","1",,,,"3922900",,"146919","109","28371","1.0900000000000001"
"150k-1s-r02","server","latency-server","2026-09-04T17:06:40.007Z","2026-09-04T17:06:50.005Z","True","150000","150001",,"0","58190","0","1",,,,"4113631",,"154193","105","26878","1.1299999999999999"
"150k-1s-r02","server","latency-server","2026-09-04T17:06:50.005Z","2026-09-04T17:07:00.009Z","True","150000","150001",,"0","59114","0","1",,,,"3999813",,"149848","107","28578","1.1100000000000001"
"150k-1s-r02","server","latency-server","2026-09-04T17:07:00.009Z","2026-09-04T17:07:10.013Z","True","150000","150001",,"0","34431","0","1",,,,"4071103",,"152408","111","35986","1.2"
"150k-1s-r02","server","latency-server","2026-09-04T17:07:10.013Z","2026-09-04T17:07:20.014Z","True","150000","150001",,"0","72050","0","1",,,,"3900853",,"146224","109","36371","1.1899999999999999"
"150k-1s-r02","server","latency-server","2026-09-04T17:07:20.014Z","2026-09-04T17:07:30.009Z","True","150000","150001",,"0","71434","0","1",,,,"4007426",,"150137","110","34753","1.1499999999999999"
"150k-1s-r02","server","latency-server","2026-09-04T17:07:30.009Z","2026-09-04T17:07:40.013Z","True","150000","150001",,"0","70818","0","1",,,,"4003820",,"150002","109","36908","1.1599999999999999"
"150k-1s-r02","server","latency-server","2026-09-04T17:07:40.013Z","2026-09-04T17:07:50.004Z","True","150000","150001",,"0","71742","0","1",,,,"4005018",,"150043","108","28690","1.1399999999999999"
"150k-1s-r03","client","latency-client","2026-09-04T17:32:30.011Z","2026-09-04T17:32:40.011Z","False","150000","150001",,"0","0","0","3753285",,"146087","70753","94046","10434",,,"65933","2.25"
"150k-1s-r03","client","latency-client","2026-09-04T17:32:40.011Z","2026-09-04T17:32:50.008Z","False","150000","150001",,"0","0","0","3854448",,"150031","15500","1",,,,"15389","1.1200000000000001"
"150k-1s-r03","client","latency-client","2026-09-04T17:32:50.008Z","2026-09-04T17:33:00.009Z","False","150000","150001",,"0","0","0","3868307",,"149986","18519","1",,,,"18406","1.0800000000000001"
"150k-1s-r03","client","latency-client","2026-09-04T17:33:00.009Z","2026-09-04T17:33:10.013Z","False","150000","150001",,"0","0","0","3902170",,"149941","17737","1",,,,"17625","1.0600000000000001"
"150k-1s-r03","client","latency-client","2026-09-04T17:33:10.013Z","2026-09-04T17:33:20.011Z","False","150000","150001",,"0","0","0","3904511",,"150031","19582","1",,,,"19468","1.1299999999999999"
"150k-1s-r03","client","latency-client","2026-09-04T17:33:20.011Z","2026-09-04T17:33:30.003Z","False","150000","150001",,"0","0","0","3916827",,"150121","17914","1",,,,"17804","1.1000000000000001"
"150k-1s-r03","client","latency-client","2026-09-04T17:33:30.003Z","2026-09-04T17:33:40.015Z","True","150000","150001",,"0","0","0","3998894",,"149821","19562","1",,,,"19458","1.24"
"150k-1s-r03","client","latency-client","2026-09-04T17:33:40.015Z","2026-09-04T17:33:50.000Z","True","150000","150001",,"0","0","0","4009709",,"150226","18640","1",,,,"18532","1.26"
"150k-1s-r03","client","latency-client","2026-09-04T17:33:50.000Z","2026-09-04T17:34:00.010Z","True","150000","150001",,"0","0","0","3999694",,"149851","21065","1",,,,"20958","1.27"
"150k-1s-r03","client","latency-client","2026-09-04T17:34:00.010Z","2026-09-04T17:34:10.012Z","True","150000","150001",,"0","0","0","4002943",,"149971","35767","1",,,,"35660","1.21"
"150k-1s-r03","client","latency-client","2026-09-04T17:34:10.012Z","2026-09-04T17:34:20.009Z","True","150000","150001",,"0","0","0","4004970",,"150046","38680","1",,,,"38571","1.22"
"150k-1s-r03","client","latency-client","2026-09-04T17:34:20.009Z","2026-09-04T17:34:30.009Z","True","150000","150001",,"0","0","0","4003744",,"150001","22042","1",,,,"21935","1.24"
"150k-1s-r03","client","latency-client","2026-09-04T17:34:30.009Z","2026-09-04T17:34:40.006Z","True","150000","150001",,"0","0","0","4004970",,"150046","23077","1",,,,"22967","1.28"
"150k-1s-r03","client","latency-client","2026-09-04T17:34:40.006Z","2026-09-04T17:34:50.002Z","True","150000","150001",,"0","0","0","4005296",,"150061","19498","1",,,,"19391","1.25"
"150k-1s-r03","client","latency-client","2026-09-04T17:34:50.002Z","2026-09-04T17:35:00.008Z","True","150000","150001",,"0","0","0","4001342",,"149911","32728","1",,,,"32620","1.26"
"150k-1s-r03","client","latency-client","2026-09-04T17:35:00.008Z","2026-09-04T17:35:10.007Z","True","150000","150001",,"0","0","0","4004219",,"150016","60354","1",,,,"60249","1.21"
"150k-1s-r03","client","latency-client","2026-09-04T17:35:10.007Z","2026-09-04T17:35:20.015Z","True","150000","150001",,"0","0","0","4000569",,"149881","48189","1",,,,"48080","1.26"
"150k-1s-r03","client","latency-client","2026-09-04T17:35:20.015Z","2026-09-04T17:35:30.015Z","True","150000","150001",,"0","0","0","4003694",,"150001","18150","1",,,,"18042","1.25"
"150k-1s-r03","client","latency-client","2026-09-04T17:35:30.015Z","2026-09-04T17:35:40.003Z","True","150000","150001",,"0","0","0","4008504",,"150181","17256","1",,,,"17148","1.1699999999999999"
"150k-1s-r03","client","latency-client","2026-09-04T17:35:40.003Z","2026-09-04T17:35:50.014Z","True","150000","150001",,"0","0","0","3999396",,"149836","19716","1",,,,"19608","1.3500000000000001"
"150k-1s-r03","client","latency-client","2026-09-04T17:35:50.014Z","2026-09-04T17:36:00.013Z","True","150000","150001",,"0","0","0","4004219",,"150016","18169","1",,,,"18060","1.2"
"150k-1s-r03","client","latency-client","2026-09-04T17:36:00.013Z","2026-09-04T17:36:10.007Z","True","150000","150001",,"0","0","0","4006222",,"150091","19639","1",,,,"19534","1.3300000000000001"
"150k-1s-r03","client","latency-client","2026-09-04T17:36:10.007Z","2026-09-04T17:36:20.001Z","True","150000","150001",,"0","0","0","4006222",,"150091","19348","1",,,,"19239","1.3100000000000001"
"150k-1s-r03","client","latency-client","2026-09-04T17:36:20.001Z","2026-09-04T17:36:30.007Z","True","150000","150001",,"0","0","0","4001417",,"149911","20155","1",,,,"20049","1.29"
"150k-1s-r03","client","latency-client","2026-09-04T17:36:30.007Z","2026-09-04T17:36:40.008Z","True","150000","150001",,"0","0","0","4003419",,"149986","19776","1",,,,"19667","1.3200000000000001"
"150k-1s-r03","client","latency-client","2026-09-04T17:36:40.008Z","2026-09-04T17:36:50.002Z","True","150000","150001",,"0","0","0","4006222",,"150091","20089","1",,,,"19981","1.28"
"150k-1s-r03","client","latency-client","2026-09-04T17:36:50.002Z","2026-09-04T17:37:00.004Z","True","150000","150001",,"0","0","0","4003019",,"149971","18583","1",,,,"18474","1.21"
"150k-1s-r03","client","latency-client","2026-09-04T17:37:00.004Z","2026-09-04T17:37:10.007Z","True","150000","150001",,"0","0","0","4002618",,"149956","20552","1",,,,"20446","1.26"
"150k-1s-r03","client","latency-client","2026-09-04T17:37:10.007Z","2026-09-04T17:37:20.002Z","True","150000","150001",,"0","0","0","4005822",,"150076","19018","1",,,,"18911","1.23"
"150k-1s-r03","client","latency-client","2026-09-04T17:37:20.002Z","2026-09-04T17:37:30.004Z","True","150000","150001",,"0","0","0","4003018",,"149971","24031","1",,,,"23925","1.3"
"150k-1s-r03","client","latency-client","2026-09-04T17:37:30.004Z","2026-09-04T17:37:40.046Z","True","150000","150001",,"0","0","0","3987470",,"149388","34385","1",,,,"34277","1.25"
"150k-1s-r03","client","latency-client","2026-09-04T17:37:40.046Z","2026-09-04T17:37:50.012Z","True","150000","150001",,"0","0","0","4017075",,"150497","31636","1",,,,"31528","1.2"
"150k-1s-r03","client","latency-client","2026-09-04T17:37:50.012Z","2026-09-04T17:38:00.008Z","True","150000","150001",,"0","0","0","4005422",,"150061","33964","1",,,,"33856","1.26"
"150k-1s-r03","client","latency-client","2026-09-04T17:38:00.008Z","2026-09-04T17:38:10.010Z","True","150000","150001",,"0","0","0","4003019",,"149971","33861","1",,,,"33754","1.25"
"150k-1s-r03","client","latency-client","2026-09-04T17:38:10.010Z","2026-09-04T17:38:20.008Z","True","150000","150001",,"0","0","0","4004620",,"150031","35118","1",,,,"35010","1.29"
"150k-1s-r03","client","latency-client","2026-09-04T17:38:20.008Z","2026-09-04T17:38:30.000Z","True","150000","150001",,"0","0","0","4007025",,"150121","35089","1",,,,"34980","1.26"
"150k-1s-r03","client","latency-client","2026-09-04T17:38:30.000Z","2026-09-04T17:38:40.004Z","True","150000","150001",,"0","0","0","4002172",,"149941","32929","1",,,,"32821","1.29"
"150k-1s-r03","client","latency-client","2026-09-04T17:38:40.004Z","2026-09-04T17:38:50.004Z","True","150000","150001",,"0","0","0","4003739",,"150001","33914","1",,,,"33807","1.25"
"150k-1s-r03","client","latency-client","2026-09-04T17:38:50.004Z","2026-09-04T17:39:00.015Z","True","150000","150001",,"0","0","0","3999420",,"149836","35446","1",,,,"35336","1.3200000000000001"
"150k-1s-r03","client","latency-client","2026-09-04T17:39:00.015Z","2026-09-04T17:39:10.007Z","True","150000","150001",,"0","0","0","4007024",,"150121","33821","1",,,,"33713","1.3"
"150k-1s-r03","client","latency-client","2026-09-04T17:39:10.007Z","2026-09-04T17:39:20.001Z","True","150000","150001",,"0","0","0","4006223",,"150091","33798","1",,,,"33692","1.3"
"150k-1s-r03","client","latency-client","2026-09-04T17:39:20.001Z","2026-09-04T17:39:30.007Z","True","150000","150001",,"0","0","0","4001418",,"149911","32754","1",,,,"32641","1.25"
"150k-1s-r03","client","latency-client","2026-09-04T17:39:30.007Z","2026-09-04T17:39:40.015Z","True","150000","150001",,"0","0","0","4000619",,"149881","34953","1",,,,"34841","1.3"
"150k-1s-r03","client","latency-client","2026-09-04T17:39:40.015Z","2026-09-04T17:39:50.012Z","True","150000","150001",,"0","0","0","4005021",,"150046","33688","1",,,,"33577","1.3200000000000001"
"150k-1s-r03","client","latency-client","2026-09-04T17:39:50.012Z","2026-09-04T17:40:00.001Z","True","150000","150001",,"0","0","0","4008227",,"150166","34754","1",,,,"34645","1.3100000000000001"
"150k-1s-r03","client","latency-client","2026-09-04T17:40:00.001Z","2026-09-04T17:40:10.014Z","True","150000","150001",,"0","0","0","3998621",,"149806","34928","1",,,,"34820","1.3"
"150k-1s-r03","client","latency-client","2026-09-04T17:40:10.014Z","2026-09-04T17:40:20.015Z","True","150000","150001",,"0","0","0","4003418",,"149986","35498","1",,,,"35388","1.29"
"150k-1s-r03","client","latency-client","2026-09-04T17:40:20.015Z","2026-09-04T17:40:30.010Z","True","150000","150001",,"0","0","0","4005822",,"150076","33860","1",,,,"33750","1.3"
"150k-1s-r03","client","latency-client","2026-09-04T17:40:30.010Z","2026-09-04T17:40:40.009Z","True","150000","150001",,"0","0","0","4004219",,"150016","33391","1",,,,"33285","1.3200000000000001"
"150k-1s-r03","client","latency-client","2026-09-04T17:40:40.009Z","2026-09-04T17:40:50.004Z","True","150000","150001",,"0","0","0","4005820",,"150076","34161","1",,,,"34056","1.26"
"150k-1s-r03","client","latency-client","2026-09-04T17:40:50.004Z","2026-09-04T17:41:00.009Z","True","150000","150001",,"0","0","0","4001817",,"149926","34497","1",,,,"34392","1.25"
"150k-1s-r03","client","latency-client","2026-09-04T17:41:00.009Z","2026-09-04T17:41:10.011Z","True","150000","150001",,"0","0","0","4003019",,"149971","34317","1",,,,"34208","1.25"
"150k-1s-r03","client","latency-client","2026-09-04T17:41:10.011Z","2026-09-04T17:41:20.009Z","True","150000","150001",,"0","0","0","4004620",,"150031","34863","1",,,,"34758","1.27"
"150k-1s-r03","client","latency-client","2026-09-04T17:41:20.009Z","2026-09-04T17:41:30.007Z","True","150000","150001",,"0","0","0","4004621",,"150031","33106","1",,,,"32997","1.27"
"150k-1s-r03","client","latency-client","2026-09-04T17:41:30.007Z","2026-09-04T17:41:40.013Z","True","150000","150001",,"0","0","0","4001417",,"149911","32063","1",,,,"31957","1.24"
"150k-1s-r03","client","latency-client","2026-09-04T17:41:40.013Z","2026-09-04T17:41:50.001Z","True","150000","150001",,"0","0","0","4008628",,"150181","32207","1",,,,"32101","1.22"
"150k-1s-r03","client","latency-client","2026-09-04T17:41:50.001Z","2026-09-04T17:42:00.001Z","True","150000","150001",,"0","0","0","4003820",,"150001","33995","1",,,,"33886","1.26"
"150k-1s-r03","client","latency-client","2026-09-04T17:42:00.001Z","2026-09-04T17:42:10.003Z","True","150000","150001",,"0","0","0","4003017",,"149971","33760","1",,,,"33648","1.29"
"150k-1s-r03","client","latency-client","2026-09-04T17:42:10.003Z","2026-09-04T17:42:20.016Z","True","150000","150001",,"0","0","0","3998621",,"149806","35749","1",,,,"35642","1.3200000000000001"
"150k-1s-r03","client","latency-client","2026-09-04T17:42:20.016Z","2026-09-04T17:42:30.001Z","True","150000","150001",,"0","0","0","4009833",,"150226","34667","1",,,,"34560","1.3"
"150k-1s-r03","client","latency-client","2026-09-04T17:42:30.001Z","2026-09-04T17:42:40.004Z","True","150000","150001",,"0","0","0","4002619",,"149956","33473","1",,,,"33363","1.25"
"150k-1s-r03","client","latency-client","2026-09-04T17:42:40.004Z","2026-09-04T17:42:50.004Z","True","150000","150001",,"0","0","0","4003819",,"150001","34455","1",,,,"34347","1.23"
"150k-1s-r03","client","latency-client","2026-09-04T17:42:50.004Z","2026-09-04T17:43:00.015Z","True","150000","150001",,"0","0","0","3999420",,"149836","35539","1",,,,"35431","1.25"
"150k-1s-r03","client","latency-client","2026-09-04T17:43:00.015Z","2026-09-04T17:43:10.012Z","True","150000","150001",,"0","0","0","4005021",,"150046","35967","1",,,,"35857","1.29"
"150k-1s-r03","client","latency-client","2026-09-04T17:43:10.012Z","2026-09-04T17:43:20.015Z","True","150000","150001",,"0","0","0","4002618",,"149956","34206","1",,,,"34093","1.25"
"150k-1s-r03","client","latency-client","2026-09-04T17:43:20.015Z","2026-09-04T17:43:30.003Z","False","150000","150000",,"0","0","0","2806033",,"105126","34553","5",,,,"34446","2.0800000000000001"
"150k-1s-r03","server","latency-server","2026-09-04T17:32:20.013Z","2026-09-04T17:32:30.013Z","False","150000","150001",,"0","0","0","108482","12036",,,"1237037",,"48146","104","69936","1.7"
"150k-1s-r03","server","latency-server","2026-09-04T17:32:30.013Z","2026-09-04T17:32:40.010Z","False","150000","150001",,"0","0","0","1",,,,"3854522",,"150031","114","53613","1.21"
"150k-1s-r03","server","latency-server","2026-09-04T17:32:40.010Z","2026-09-04T17:32:50.008Z","False","150000","150001",,"0","0","0","1",,,,"3854448",,"150031","111","13449","1.1899999999999999"
"150k-1s-r03","server","latency-server","2026-09-04T17:32:50.008Z","2026-09-04T17:33:00.009Z","False","150000","150001",,"0","0","0","1",,,,"3868307",,"149986","113","13653","1.2"
"150k-1s-r03","server","latency-server","2026-09-04T17:33:00.009Z","2026-09-04T17:33:10.013Z","False","150000","150001",,"0","0","0","1",,,,"3902170",,"149941","112","13946","1.1699999999999999"
"150k-1s-r03","server","latency-server","2026-09-04T17:33:10.013Z","2026-09-04T17:33:20.011Z","False","150000","150001",,"0","0","0","1",,,,"3904511",,"150031","113","13056","1.1200000000000001"
"150k-1s-r03","server","latency-server","2026-09-04T17:33:20.011Z","2026-09-04T17:33:30.003Z","False","150000","150001",,"0","0","0","1",,,,"3916827",,"150121","110","14408","1.21"
"150k-1s-r03","server","latency-server","2026-09-04T17:33:30.003Z","2026-09-04T17:33:40.015Z","True","150000","150001",,"0","0","0","1",,,,"3998894",,"149821","103","14334","1.29"
"150k-1s-r03","server","latency-server","2026-09-04T17:33:40.015Z","2026-09-04T17:33:50.000Z","True","150000","150001",,"0","0","0","1",,,,"4009709",,"150226","107","22179","1.1799999999999999"
"150k-1s-r03","server","latency-server","2026-09-04T17:33:50.000Z","2026-09-04T17:34:00.010Z","True","150000","150001",,"0","0","0","1",,,,"3999694",,"149851","107","18130","1.26"
"150k-1s-r03","server","latency-server","2026-09-04T17:34:00.010Z","2026-09-04T17:34:10.012Z","True","150000","150001",,"0","0","0","1",,,,"4002943",,"149971","107","31031","1.23"
"150k-1s-r03","server","latency-server","2026-09-04T17:34:10.012Z","2026-09-04T17:34:20.007Z","True","150000","150001",,"0","0","0","1",,,,"4005772",,"150076","109","41149","1.22"
"150k-1s-r03","server","latency-server","2026-09-04T17:34:20.007Z","2026-09-04T17:34:30.009Z","True","150000","150001",,"0","0","0","1",,,,"4002943",,"149971","107","24825","1.3100000000000001"
"150k-1s-r03","server","latency-server","2026-09-04T17:34:30.009Z","2026-09-04T17:34:40.006Z","True","150000","150001",,"0","0","0","1",,,,"4004970",,"150046","110","25423","1.28"
"150k-1s-r03","server","latency-server","2026-09-04T17:34:40.006Z","2026-09-04T17:34:50.002Z","True","150000","150001",,"0","0","0","1",,,,"4005296",,"150061","106","19771","1.1599999999999999"
"150k-1s-r03","server","latency-server","2026-09-04T17:34:50.002Z","2026-09-04T17:35:00.008Z","True","150000","150001",,"0","0","0","1",,,,"4001342",,"149911","107","35271","1.3500000000000001"
"150k-1s-r03","server","latency-server","2026-09-04T17:35:00.008Z","2026-09-04T17:35:10.007Z","True","150000","150001",,"0","0","0","1",,,,"4004219",,"150016","105","63876","1.1499999999999999"
"150k-1s-r03","server","latency-server","2026-09-04T17:35:10.007Z","2026-09-04T17:35:20.015Z","True","150000","150001",,"0","0","0","1",,,,"4000569",,"149881","108","50947","1.1899999999999999"
"150k-1s-r03","server","latency-server","2026-09-04T17:35:20.015Z","2026-09-04T17:35:30.000Z","True","150000","150001",,"0","0","0","1",,,,"4009708",,"150226","108","17532","1.1899999999999999"
"150k-1s-r03","server","latency-server","2026-09-04T17:35:30.000Z","2026-09-04T17:35:40.003Z","True","150000","150001",,"0","0","0","1",,,,"4002493",,"149956","107","19189","1.21"
"150k-1s-r03","server","latency-server","2026-09-04T17:35:40.003Z","2026-09-04T17:35:50.014Z","True","150000","150001",,"0","0","0","1",,,,"3999396",,"149836","108","22231","1.1599999999999999"
"150k-1s-r03","server","latency-server","2026-09-04T17:35:50.014Z","2026-09-04T17:36:00.012Z","True","150000","150001",,"0","0","0","1",,,,"4004620",,"150031","109","21297","1.1599999999999999"
"150k-1s-r03","server","latency-server","2026-09-04T17:36:00.012Z","2026-09-04T17:36:10.007Z","True","150000","150001",,"0","0","0","1",,,,"4005821",,"150076","105","20659","1.27"
"150k-1s-r03","server","latency-server","2026-09-04T17:36:10.007Z","2026-09-04T17:36:20.016Z","True","150000","150001",,"0","0","0","1",,,,"4000218",,"149866","109","24980","1.22"
"150k-1s-r03","server","latency-server","2026-09-04T17:36:20.016Z","2026-09-04T17:36:30.007Z","True","150000","150001",,"0","0","0","1",,,,"4007425",,"150136","106","17042","1.1499999999999999"
"150k-1s-r03","server","latency-server","2026-09-04T17:36:30.007Z","2026-09-04T17:36:40.007Z","True","150000","150001",,"0","0","0","1",,,,"4003819",,"150001","109","9134","1.3100000000000001"
"150k-1s-r03","server","latency-server","2026-09-04T17:36:40.007Z","2026-09-04T17:36:50.002Z","True","150000","150001",,"0","0","0","1",,,,"4005822",,"150076","108","21216","1.1499999999999999"
"150k-1s-r03","server","latency-server","2026-09-04T17:36:50.002Z","2026-09-04T17:37:00.004Z","True","150000","150001",,"0","0","0","1",,,,"4003019",,"149971","109","23039","1.1499999999999999"
"150k-1s-r03","server","latency-server","2026-09-04T17:37:00.004Z","2026-09-04T17:37:10.007Z","True","150000","150001",,"0","0","0","1",,,,"4002618",,"149956","106","18603","1.27"
"150k-1s-r03","server","latency-server","2026-09-04T17:37:10.007Z","2026-09-04T17:37:20.001Z","True","150000","150001",,"0","0","0","1",,,,"4006223",,"150091","107","18153","1.1200000000000001"
"150k-1s-r03","server","latency-server","2026-09-04T17:37:20.001Z","2026-09-04T17:37:30.004Z","True","150000","150001",,"0","0","0","1",,,,"4002618",,"149956","106","16217","1.26"
"150k-1s-r03","server","latency-server","2026-09-04T17:37:30.004Z","2026-09-04T17:37:40.003Z","True","150000","150001",,"0","0","0","1",,,,"4004219",,"150016","108","18579","1.23"
"150k-1s-r03","server","latency-server","2026-09-04T17:37:40.003Z","2026-09-04T17:37:50.012Z","True","150000","150001",,"0","0","0","1",,,,"4000219",,"149866","108","35386","1.1899999999999999"
"150k-1s-r03","server","latency-server","2026-09-04T17:37:50.012Z","2026-09-04T17:38:00.008Z","True","150000","150001",,"0","0","0","1",,,,"4005422",,"150061","108","27724","1.22"
"150k-1s-r03","server","latency-server","2026-09-04T17:38:00.008Z","2026-09-04T17:38:10.010Z","True","150000","150001",,"0","0","0","1",,,,"4003019",,"149971","107","13441","1.24"
"150k-1s-r03","server","latency-server","2026-09-04T17:38:10.010Z","2026-09-04T17:38:20.008Z","True","150000","150001",,"0","0","0","1",,,,"4004620",,"150031","107","17465","1.22"
"150k-1s-r03","server","latency-server","2026-09-04T17:38:20.008Z","2026-09-04T17:38:30.000Z","True","150000","150001",,"0","0","0","1",,,,"4007025",,"150121","109","23596","1.2"
"150k-1s-r03","server","latency-server","2026-09-04T17:38:30.000Z","2026-09-04T17:38:40.004Z","True","150000","150001",,"0","0","0","1",,,,"4002172",,"149941","107","33324","1.1499999999999999"
"150k-1s-r03","server","latency-server","2026-09-04T17:38:40.004Z","2026-09-04T17:38:50.004Z","True","150000","150001",,"0","0","0","1",,,,"4003739",,"150001","107","39184","1.23"
"150k-1s-r03","server","latency-server","2026-09-04T17:38:50.004Z","2026-09-04T17:39:00.015Z","True","150000","150001",,"0","0","0","1",,,,"3999420",,"149836","110","25215","1.1599999999999999"
"150k-1s-r03","server","latency-server","2026-09-04T17:39:00.015Z","2026-09-04T17:39:10.007Z","True","150000","150001",,"0","0","0","1",,,,"4007024",,"150121","108","16211","1.1799999999999999"
"150k-1s-r03","server","latency-server","2026-09-04T17:39:10.007Z","2026-09-04T17:39:20.001Z","True","150000","150001",,"0","0","0","1",,,,"4006223",,"150091","106","30949","1.25"
"150k-1s-r03","server","latency-server","2026-09-04T17:39:20.001Z","2026-09-04T17:39:30.007Z","True","150000","150001",,"0","0","0","1",,,,"4001418",,"149911","113","37142","1.0600000000000001"
"150k-1s-r03","server","latency-server","2026-09-04T17:39:30.007Z","2026-09-04T17:39:40.015Z","True","150000","150001",,"0","0","0","1",,,,"4000619",,"149881","112","38522","1.1499999999999999"
"150k-1s-r03","server","latency-server","2026-09-04T17:39:40.015Z","2026-09-04T17:39:50.011Z","True","150000","150001",,"0","0","0","1",,,,"4005421",,"150061","110","39015","1.1499999999999999"
"150k-1s-r03","server","latency-server","2026-09-04T17:39:50.011Z","2026-09-04T17:40:00.016Z","True","150000","150001",,"0","0","0","1",,,,"4001817",,"149926","109","31914","1.24"
"150k-1s-r03","server","latency-server","2026-09-04T17:40:00.016Z","2026-09-04T17:40:10.014Z","True","150000","150001",,"0","0","0","1",,,,"4004620",,"150031","108","35663","1.1799999999999999"
"150k-1s-r03","server","latency-server","2026-09-04T17:40:10.014Z","2026-09-04T17:40:20.015Z","True","150000","150001",,"0","0","0","1",,,,"4003418",,"149986","110","40285","1.1200000000000001"
"150k-1s-r03","server","latency-server","2026-09-04T17:40:20.015Z","2026-09-04T17:40:30.010Z","True","150000","150001",,"0","0","0","1",,,,"4005822",,"150076","110","40079","1.25"
"150k-1s-r03","server","latency-server","2026-09-04T17:40:30.010Z","2026-09-04T17:40:40.009Z","True","150000","150001",,"0","0","0","1",,,,"4004219",,"150016","106","39816","1.1799999999999999"
"150k-1s-r03","server","latency-server","2026-09-04T17:40:40.009Z","2026-09-04T17:40:50.004Z","True","150000","150001",,"0","0","0","1",,,,"4005820",,"150076","105","37338","1.1899999999999999"
"150k-1s-r03","server","latency-server","2026-09-04T17:40:50.004Z","2026-09-04T17:41:00.009Z","True","150000","150001",,"0","0","0","1",,,,"4001817",,"149926","106","31325","1.23"
"150k-1s-r03","server","latency-server","2026-09-04T17:41:00.009Z","2026-09-04T17:41:10.011Z","True","150000","150001",,"0","0","0","1",,,,"4003019",,"149971","109","40021","1.1100000000000001"
"150k-1s-r03","server","latency-server","2026-09-04T17:41:10.011Z","2026-09-04T17:41:20.008Z","True","150000","150001",,"0","0","0","1",,,,"4005021",,"150046","105","39365","1.1499999999999999"
"150k-1s-r03","server","latency-server","2026-09-04T17:41:20.008Z","2026-09-04T17:41:30.007Z","True","150000","150001",,"0","0","0","1",,,,"4004220",,"150016","109","40126","1.22"
"150k-1s-r03","server","latency-server","2026-09-04T17:41:30.007Z","2026-09-04T17:41:40.012Z","True","150000","150001",,"0","0","0","1",,,,"4001817",,"149926","107","42577","1.2"
"150k-1s-r03","server","latency-server","2026-09-04T17:41:40.012Z","2026-09-04T17:41:50.001Z","True","150000","150001",,"0","0","0","1",,,,"4008227",,"150166","106","48421","1.1699999999999999"
"150k-1s-r03","server","latency-server","2026-09-04T17:41:50.001Z","2026-09-04T17:42:00.001Z","True","150000","150001",,"0","0","0","1",,,,"4003820",,"150001","109","60830","1.1899999999999999"
"150k-1s-r03","server","latency-server","2026-09-04T17:42:00.001Z","2026-09-04T17:42:10.003Z","True","150000","150001",,"0","0","0","1",,,,"4003017",,"149971","111","27474","1.22"
"150k-1s-r03","server","latency-server","2026-09-04T17:42:10.003Z","2026-09-04T17:42:20.016Z","True","150000","150001",,"0","0","0","1",,,,"3998621",,"149806","107","30036","1.21"
"150k-1s-r03","server","latency-server","2026-09-04T17:42:20.016Z","2026-09-04T17:42:30.016Z","True","150000","150001",,"0","0","0","1",,,,"4003819",,"150001","107","39914","1.1200000000000001"
"150k-1s-r03","server","latency-server","2026-09-04T17:42:30.016Z","2026-09-04T17:42:40.004Z","True","150000","150001",,"0","0","0","1",,,,"4008630",,"150181","110","36239","1.2"
"150k-1s-r03","server","latency-server","2026-09-04T17:42:40.004Z","2026-09-04T17:42:50.004Z","True","150000","150001",,"0","0","0","1",,,,"4003819",,"150001","108","30344","1.1699999999999999"
"150k-1s-r03","server","latency-server","2026-09-04T17:42:50.004Z","2026-09-04T17:43:00.015Z","True","150000","150001",,"0","0","0","1",,,,"3999420",,"149836","108","32788","1.1699999999999999"
"150k-1s-r03","server","latency-server","2026-09-04T17:43:00.015Z","2026-09-04T17:43:10.012Z","True","150000","150001",,"0","0","0","1",,,,"4005021",,"150046","110","38605","1.1599999999999999"
"150k-1s-r03","server","latency-server","2026-09-04T17:43:10.012Z","2026-09-04T17:43:20.000Z","True","150000","150001",,"0","0","0","1",,,,"4008629",,"150181","113","34818","1.2"
"150k-1s-r03","server","latency-server","2026-09-04T17:43:20.000Z","2026-09-04T17:43:30.003Z","False","150000","150000",,"0","0","0","5",,,,"2801826",,"104969","107","28269","0.83999999999999997"
